primary,external,count
A02,Y83,2
A02,V29,1
A02,Y73,1
A02,W18,1
A02,W19,1
A02,W18,1
A03,W23,1
A04,Y83,44
A04,W19,32
A04,Y92,28
A04,Y84,28
A04,X58,22
A04,Y90,19
A04,W18,17
A04,Y95,11
A04,W01,10
A04,Y83,5
A04,W19,5
A04,W06,4
A04,X58,4
A04,W18,4
A04,Y82,3
A04,W54,2
A04,Y71,2
A04,W10,2
A04,Y92,2
A04,X08,1
A04,W17,1
A04,W11,1
A04,W26,1
A04,X16,1
A04,W05,1
A04,Y74,1
A04,V18,1
A04,V89,1
A04,W01,1
A04,W05,1
A04,Y73,1
A04,Y90,1
A04,V89,1
A04,W19,1
A04,X58,1
A05,Y92,4
A05,Y83,1
A05,W18,1
A05,W19,1
A07,Y92,1
A08,Y83,10
A08,Y92,9
A08,W19,7
A08,Y84,5
A08,W18,5
A08,Y90,5
A08,X58,4
A08,X58,4
A08,W06,2
A08,W19,2
A08,W01,2
A08,W07,1
A08,Y95,1
A08,Y82,1
A08,V89,1
A08,V99,1
A08,W01,1
A08,W08,1
A08,X50,1
A08,Y83,1
A08,Y92,1
A09,Y92,6
A09,Y84,4
A09,Y83,3
A09,W01,2
A09,Y90,2
A09,W18,2
A09,X58,2
A09,W19,1
A09,X95,1
A09,X58,1
A09,W19,1
A09,Y83,1
A09,Y92,1
A09,Y92,1
A15,X58,2
A15,Y92,2
A15,Y83,1
A15,Y92,1
A15,Y84,1
A17,Y84,1
A18,X58,1
A18,Y83,1
A21,Y95,1
A26,W57,3
A27,X58,1
A28,W55,6
A28,W55,6
A28,Y83,3
A28,W54,2
A28,Y95,2
A28,V48,1
A28,W18,1
A28,Y92,1
A28,W06,1
A31,X58,3
A31,Y84,2
A31,Y83,2
A31,Y95,2
A31,X50,1
A31,X08,1
A31,Y71,1
A31,W19,1
A31,W19,1
A31,W57,1
A31,Y84,1
A31,Y99,1
A32,Y95,1
A32,Y84,1
A32,Y90,1
A37,X58,2
A40,Y95,45
A40,W19,42
A40,X58,35
A40,Y92,31
A40,Y83,30
A40,Y84,30
A40,W18,18
A40,W01,17
A40,W06,7
A40,Y90,6
A40,Y73,5
A40,V89,4
A40,Y71,4
A40,W22,4
A40,W57,4
A40,W55,3
A40,W05,3
A40,W07,3
A40,W19,3
A40,X10,2
A40,X50,2
A40,Y95,2
A40,Y84,2
A40,V47,1
A40,W10,1
A40,W17,1
A40,V49,1
A40,W54,1
A40,W00,1
A40,X19,1
A40,Y82,1
A40,W45,1
A40,X37,1
A40,X99,1
A40,Y04,1
A40,W26,1
A40,Y93,1
A40,X95,1
A40,V58,1
A40,Y24,1
A40,V89,1
A40,X58,1
A40,Y71,1
A40,W18,1
A40,Y82,1
A41,Y95,2800
A41,Y83,1167
A41,W19,1141
A41,Y92,1062
A41,X58,852
A41,Y84,848
A41,W18,564
A41,W01,262
A41,W06,203
A41,Y95,144
A41,Y90,140
A41,Y73,84
A41,X58,79
A41,W19,78
A41,Y83,77
A41,V89,74
A41,W05,63
A41,Y71,60
A41,Y92,49
A41,Y84,46
A41,W18,46
A41,W07,44
A41,W57,42
A41,Y82,41
A41,W22,37
A41,W55,35
A41,Y93,33
A41,X31,32
A41,W17,30
A41,V49,29
A41,W10,29
A41,W34,21
A41,Y99,19
A41,W01,19
A41,Y33,18
A41,W45,15
A41,W54,14
A41,Y65,14
A41,W06,13
A41,V29,12
A41,Y79,12
A41,X50,12
A41,W08,11
A41,W88,10
A41,Y69,8
A41,W20,8
A41,X16,8
A41,X08,8
A41,W05,8
A41,X10,7
A41,Y90,7
A41,V99,6
A41,W23,6
A41,Y73,6
A41,Y71,6
A41,Y04,5
A41,W26,5
A41,V86,5
A41,X30,5
A41,W00,5
A41,V89,5
A41,W07,5
A41,Y92,5
A41,W13,4
A41,W25,4
A41,Y81,4
A41,W11,4
A41,W50,4
A41,Y82,4
A41,Y99,4
A41,W19,4
A41,Y84,4
A41,X12,3
A41,X95,3
A41,V09,3
A41,Y74,3
A41,Y04,3
A41,Y33,3
A41,V49,3
A41,Y95,3
A41,X58,3
A41,V43,2
A41,V00,2
A41,Y37,2
A41,V03,2
A41,V47,2
A41,Y63,2
A41,W46,2
A41,V19,2
A41,Y07,2
A41,X19,2
A41,W31,2
A41,W34,2
A41,X30,2
A41,W31,2
A41,X31,2
A41,X50,2
A41,W22,2
A41,W55,2
A41,W54,2
A41,W45,2
A41,X58,2
A41,W19,2
A41,Y83,2
A41,X72,1
A41,X00,1
A41,V18,1
A41,Y08,1
A41,V54,1
A41,X15,1
A41,Y75,1
A41,X02,1
A41,V39,1
A41,W16,1
A41,W28,1
A41,V48,1
A41,V23,1
A41,Y76,1
A41,V28,1
A41,V80,1
A41,V83,1
A41,W27,1
A41,Y77,1
A41,W04,1
A41,X78,1
A41,Y26,1
A41,W14,1
A41,W30,1
A41,Y36,1
A41,W03,1
A41,Y24,1
A41,X83,1
A41,W29,1
A41,W49,1
A41,V69,1
A41,W00,1
A41,W03,1
A41,W04,1
A41,W08,1
A41,W11,1
A41,W57,1
A41,W94,1
A41,X12,1
A41,X16,1
A41,Y65,1
A41,Y69,1
A41,Y93,1
A41,V00,1
A41,V89,1
A41,W05,1
A41,X50,1
A41,Y79,1
A42,W01,1
A42,Y95,1
A43,W19,1
A43,Y92,1
A44,W55,1
A46,Y92,2
A46,W57,1
A46,X50,1
A46,Y84,1
A48,X58,2
A48,W10,1
A48,W55,1
A48,Y95,1
A48,W19,1
A48,Y83,1
A48,Y83,1
A49,X58,10
A49,Y83,3
A49,W01,1
A49,W18,1
A49,W19,1
A49,V89,1
A49,W54,1
A49,W57,1
A49,Y33,1
A49,W19,1
A51,Y84,1
A52,W07,1
A52,W18,1
A52,X58,1
A53,W10,1
A60,Y84,1
A68,W57,1
A68,W57,1
A69,W57,32
A69,W57,3
A69,Y95,1
A69,Y93,1
A69,Y92,1
A69,W55,1
A69,X32,1
A77,W18,1
A77,W57,1
A77,W01,1
A77,W57,1
A81,W19,1
A81,Y95,1
A85,W07,1
A86,X58,1
A86,W19,1
A87,Y84,3
A87,W19,2
A87,W18,2
A88,W01,1
A88,Y84,1
A92,Y83,3
A92,W57,1
A92,Y84,1
A92,Y92,1
A92,Y83,1
A93,W57,4
A93,W57,2
A93,Y90,1
A93,W18,1
B00,W06,2
B00,W19,2
B00,Y92,2
B00,Y83,2
B00,X58,2
B00,W08,1
B00,Y90,1
B00,Y84,1
B00,X58,1
B00,W10,1
B00,W45,1
B00,Y92,1
B01,W19,1
B01,Y92,1
B01,W18,1
B02,X58,13
B02,Y92,9
B02,Y83,9
B02,W19,6
B02,W19,5
B02,Y92,4
B02,W06,3
B02,X58,3
B02,W57,3
B02,W18,2
B02,Y83,2
B02,W01,2
B02,Y95,1
B02,W01,1
B02,Y90,1
B02,V89,1
B02,W10,1
B02,W11,1
B02,W18,1
B02,W22,1
B02,W55,1
B02,X12,1
B02,X19,1
B02,X31,1
B07,X32,4
B07,W19,3
B07,W54,1
B07,X58,1
B10,W19,1
B15,W57,1
B15,W18,1
B17,Y90,1
B17,X58,1
B17,W57,1
B17,W01,1
B17,W18,1
B17,Y84,1
B17,V48,1
B17,Y90,1
B18,Y83,1
B18,W27,1
B18,W34,1
B18,X58,1
B19,W19,2
B19,X58,2
B19,W57,1
B19,W19,1
B20,Y95,14
B20,X58,11
B20,Y92,7
B20,W19,5
B20,Y83,4
B20,Y90,3
B20,W19,3
B20,V89,2
B20,Y93,1
B20,W18,1
B20,Y71,1
B20,Y73,1
B20,W01,1
B20,X58,1
B20,V49,1
B20,W13,1
B20,W54,1
B20,Y04,1
B20,Y33,1
B20,Y82,1
B20,Y84,1
B20,Y92,1
B20,Y95,1
B20,Y99,1
B25,Y83,6
B25,Y92,1
B25,Y95,1
B25,X58,1
B25,Y64,1
B33,Y90,1
B33,W19,1
B34,X58,9
B34,Y92,7
B34,W19,7
B34,W19,4
B34,Y83,3
B34,W18,3
B34,W01,3
B34,W57,3
B34,X58,2
B34,Y71,2
B34,W22,2
B34,W57,1
B34,W10,1
B34,Y33,1
B34,W06,1
B34,Y95,1
B34,W01,1
B34,V03,1
B34,V49,1
B34,X08,1
B34,X50,1
B34,Y83,1
B34,Y84,1
B34,Y99,1
B35,X58,32
B35,W22,7
B35,W57,5
B35,W19,4
B35,V49,2
B35,Y84,2
B35,Y93,2
B35,X50,2
B35,Y99,2
B35,V89,1
B35,W06,1
B35,W45,1
B35,X32,1
B35,Y73,1
B35,Y83,1
B35,Y92,1
B36,W01,1
B36,W22,1
B36,W50,1
B36,W54,1
B36,X58,1
B37,Y84,13
B37,Y92,13
B37,Y83,12
B37,Y95,12
B37,X58,11
B37,W18,8
B37,Y92,7
B37,W19,6
B37,W19,6
B37,X58,5
B37,W01,2
B37,W06,2
B37,Y84,2
B37,Y04,2
B37,X32,2
B37,W22,2
B37,W57,2
B37,W34,1
B37,Y73,1
B37,Y90,1
B37,W01,1
B37,W05,1
B37,W06,1
B37,W07,1
B37,W55,1
B37,X50,1
B38,Y83,2
B38,Y95,1
B38,X58,1
B39,W19,1
B39,X58,1
B40,W19,1
B44,Y92,3
B44,Y95,2
B44,W19,1
B44,W10,1
B44,Y84,1
B45,Y83,7
B45,Y92,4
B45,Y95,1
B45,W19,1
B46,Y83,1
B48,W06,1
B48,Y92,1
B49,Y83,2
B49,Y84,1
B49,W18,1
B59,Y95,2
B59,Y92,1
B59,W19,1
B60,W57,2
B60,W19,1
B60,W57,1
B69,Y92,1
B85,W57,2
B86,X58,4
B86,V29,1
B86,Y33,1
B87,X58,1
B88,W57,4
B91,W19,2
B94,W19,2
B95,Y84,2
B95,V89,1
B95,W19,1
B96,X58,3
B96,W18,1
B96,W22,1
B97,Y93,1
B99,X58,4
B99,W19,2
B99,W18,2
B99,Y92,1
B99,W22,1
B99,W54,1
B99,W57,1
B99,Y82,1
C00,Y83,1
C00,X32,1
C01,Y84,20
C01,Y83,5
C01,W88,4
C01,Y84,3
C01,Y95,2
C01,W17,1
C01,Y92,1
C01,V29,1
C01,W19,1
C01,X58,1
C02,Y83,9
C02,Y84,6
C02,X58,2
C02,Y92,1
C02,W06,1
C02,W05,1
C02,W19,1
C02,Y84,1
C02,W19,1
C02,W88,1
C02,X58,1
C03,Y83,2
C03,Y92,1
C03,X58,1
C03,Y84,1
C04,Y83,4
C04,Y95,2
C04,Y90,1
C04,Y92,1
C05,X58,3
C05,Y84,2
C05,X58,1
C05,Y83,1
C05,Y92,1
C06,Y84,6
C06,Y83,4
C06,Y95,3
C06,X58,1
C06,X58,1
C07,Y84,3
C07,Y84,2
C07,Y83,2
C07,W06,1
C07,Y65,1
C07,W18,1
C07,Y92,1
C08,W18,1
C08,W01,1
C09,Y84,4
C09,Y83,3
C09,X58,3
C09,Y95,1
C09,W10,1
C09,Y84,1
C09,X58,1
C09,W46,1
C09,Y92,1
C10,Y83,7
C10,Y84,5
C10,W88,3
C10,Y84,2
C10,Y08,2
C10,W90,1
C10,W18,1
C10,Y92,1
C11,Y84,7
C11,X58,2
C11,Y84,1
C11,Y92,1
C12,W88,1
C13,Y84,3
C13,X58,1
C13,W06,1
C13,W88,1
C14,Y84,1
C14,W19,1
C15,Y83,23
C15,X58,15
C15,Y84,13
C15,Y84,8
C15,X58,7
C15,W18,5
C15,Y95,4
C15,Y83,4
C15,Y92,3
C15,W88,3
C15,W06,2
C15,Y93,2
C15,W01,1
C15,Y73,1
C15,Y90,1
C15,W22,1
C15,Y65,1
C15,W19,1
C15,W07,1
C15,W00,1
C15,W01,1
C15,W19,1
C15,W90,1
C15,Y92,1
C15,W19,1
C16,Y83,31
C16,Y92,9
C16,Y84,6
C16,X58,6
C16,W19,5
C16,Y95,4
C16,Y83,4
C16,Y92,3
C16,X58,2
C16,Y73,2
C16,W19,2
C16,Y84,2
C16,Y36,1
C16,Y65,1
C16,Y73,1
C16,Y93,1
C17,Y83,11
C17,X58,3
C17,Y83,3
C17,Y84,2
C17,Y95,1
C17,W19,1
C17,Y99,1
C18,Y83,129
C18,X58,30
C18,Y92,29
C18,Y84,20
C18,W18,11
C18,Y95,10
C18,Y83,10
C18,X58,8
C18,W19,6
C18,W19,5
C18,Y92,5
C18,Y84,4
C18,Y65,3
C18,W01,3
C18,V89,3
C18,Y71,2
C18,Y93,2
C18,Y82,1
C18,Y73,1
C18,Y90,1
C18,Y93,1
C18,V18,1
C18,V89,1
C18,W01,1
C18,W18,1
C18,W57,1
C18,W88,1
C18,Y63,1
C18,Y82,1
C18,Y95,1
C18,Y99,1
C19,Y83,16
C19,Y92,6
C19,Y95,3
C19,Y83,3
C19,X58,2
C19,W01,2
C19,Y84,2
C19,W19,2
C19,X58,2
C19,Y73,1
C19,Y82,1
C19,Y65,1
C19,W57,1
C19,V89,1
C19,W55,1
C19,Y92,1
C20,Y83,31
C20,Y84,12
C20,X58,9
C20,Y92,7
C20,Y84,7
C20,W19,5
C20,Y92,5
C20,Y83,4
C20,W01,2
C20,Y82,1
C20,Y65,1
C20,Y90,1
C20,V89,1
C20,W01,1
C20,W18,1
C20,Y24,1
C20,Y83,1
C21,Y84,3
C21,X58,3
C21,Y83,2
C21,Y92,2
C21,X58,2
C21,Y84,2
C21,X99,1
C21,W22,1
C21,W90,1
C21,X08,1
C21,Y82,1
C21,Y83,1
C22,Y83,21
C22,X58,11
C22,Y92,9
C22,W18,6
C22,Y84,5
C22,W19,5
C22,Y83,5
C22,X58,3
C22,W19,3
C22,Y93,2
C22,Y95,2
C22,W06,2
C22,Y92,2
C22,Y84,2
C22,V19,1
C22,Y65,1
C22,Y69,1
C22,W01,1
C22,Y90,1
C22,W05,1
C22,W19,1
C23,Y83,4
C23,W19,1
C23,Y92,1
C24,Y83,9
C24,Y84,3
C24,Y73,2
C24,Y95,1
C24,Y92,1
C24,W19,1
C24,X58,1
C24,Y83,1
C24,Y92,1
C25,Y83,47
C25,X58,16
C25,W19,16
C25,Y92,14
C25,Y84,12
C25,Y83,11
C25,X58,6
C25,W01,6
C25,Y92,6
C25,Y95,5
C25,Y84,5
C25,W18,4
C25,W19,3
C25,W07,2
C25,X31,2
C25,Y36,2
C25,W22,2
C25,W10,2
C25,Y99,1
C25,W06,1
C25,Y73,1
C25,W00,1
C25,Y82,1
C25,V29,1
C25,W18,1
C25,Y71,1
C25,Y82,1
C30,X58,2
C30,Y84,2
C31,Y84,3
C31,X58,3
C31,W18,1
C32,Y83,16
C32,X58,10
C32,Y84,7
C32,Y84,6
C32,Y92,4
C32,X58,3
C32,Y90,2
C32,Y83,2
C32,W06,1
C32,W18,1
C32,W57,1
C32,W88,1
C32,Y90,1
C32,Y92,1
C33,X58,1
C34,Y83,183
C34,Y84,113
C34,X58,112
C34,Y92,62
C34,Y84,54
C34,Y95,54
C34,Y83,43
C34,W19,36
C34,X58,33
C34,W19,33
C34,Y92,21
C34,W88,16
C34,W01,13
C34,W18,13
C34,W06,7
C34,W18,7
C34,Y93,5
C34,Y82,4
C34,W01,4
C34,W10,3
C34,Y93,3
C34,W88,3
C34,Y65,3
C34,Y90,3
C34,W57,3
C34,W10,3
C34,V89,3
C34,Y82,2
C34,W06,2
C34,W07,2
C34,W90,2
C34,X50,1
C34,V49,1
C34,W57,1
C34,Y99,1
C34,Y81,1
C34,W08,1
C34,X50,1
C34,Y04,1
C34,Y33,1
C34,Y63,1
C34,Y65,1
C34,Y71,1
C34,Y78,1
C34,Y95,1
C34,Y99,1
C34,W19,1
C34,Y84,1
C34,W06,1
C37,Y84,2
C37,Y84,1
C37,Y83,1
C37,X32,1
C37,X58,1
C37,Y99,1
C38,Y84,2
C38,Y65,1
C38,W88,1
C40,Y83,2
C40,Y84,1
C40,Y92,1
C41,W88,8
C41,Y83,7
C41,X58,4
C41,Y92,3
C41,W18,2
C41,Y84,1
C41,Y95,1
C41,W00,1
C41,W19,1
C41,Y83,1
C41,Y84,1
C43,X58,10
C43,Y83,5
C43,Y84,5
C43,Y93,5
C43,X32,4
C43,W19,3
C43,W89,3
C43,Y83,2
C43,W18,1
C43,Y92,1
C43,W18,1
C43,W22,1
C43,W54,1
C43,Y92,1
C44,X32,63
C44,X58,27
C44,Y84,17
C44,Y83,10
C44,Y83,5
C44,W19,4
C44,W57,3
C44,Y92,2
C44,W01,2
C44,X32,1
C44,Y81,1
C44,Y93,1
C44,W18,1
C44,Y95,1
C44,W19,1
C44,W22,1
C44,W07,1
C44,W18,1
C44,W22,1
C44,W25,1
C44,W46,1
C44,W54,1
C44,W55,1
C44,W89,1
C44,W90,1
C44,Y81,1
C44,Y93,1
C44,Y84,1
C45,Y83,4
C45,X58,4
C45,Y65,2
C45,W19,1
C45,X58,1
C45,Y92,1
C45,Y84,1
C45,W57,1
C45,W88,1
C47,Y82,2
C48,Y83,9
C48,X58,4
C48,Y92,3
C48,X58,2
C48,Y84,1
C48,Y93,1
C48,Y95,1
C48,W05,1
C48,Y84,1
C48,Y92,1
C48,Y93,1
C49,Y84,15
C49,X58,8
C49,Y83,6
C49,Y83,5
C49,Y92,3
C49,W01,2
C49,Y95,1
C49,Y84,1
C49,V89,1
C49,W18,1
C49,W19,1
C49,W19,1
C49,Y33,1
C49,Y93,1
C4A,X58,3
C4A,X58,1
C4A,W22,1
C4A,W19,1
C4A,Y83,1
C4A,Y84,1
C50,X58,104
C50,Y83,60
C50,Y84,45
C50,Y92,25
C50,W19,18
C50,Y83,13
C50,W88,8
C50,Y93,8
C50,Y84,7
C50,W18,7
C50,W19,4
C50,Y92,4
C50,W57,4
C50,W01,3
C50,W10,3
C50,W55,3
C50,Y71,3
C50,W18,2
C50,X58,2
C50,W06,2
C50,W06,2
C50,W22,2
C50,W54,2
C50,X32,2
C50,Y99,2
C50,Y90,1
C50,W01,1
C50,Y73,1
C50,W22,1
C50,V43,1
C50,V87,1
C50,V93,1
C50,W05,1
C50,W17,1
C50,X50,1
C50,Y81,1
C50,W19,1
C50,X58,1
C50,Y92,1
C51,Y84,4
C51,Y84,3
C51,Y83,2
C51,Y92,1
C52,Y92,1
C52,Y83,1
C52,W88,1
C52,Y84,1
C53,Y83,4
C53,Y92,2
C53,Y84,2
C53,Y84,2
C53,W19,1
C53,X19,1
C53,X58,1
C53,Y65,1
C53,X58,1
C54,Y83,14
C54,X58,8
C54,Y83,5
C54,Y84,5
C54,W88,3
C54,X58,2
C54,Y92,2
C54,Y95,2
C54,W19,2
C54,Y92,2
C54,Y84,1
C54,W19,1
C54,W18,1
C54,Y63,1
C54,Y71,1
C54,Y76,1
C54,Y82,1
C54,W05,1
C54,W06,1
C55,Y83,3
C55,Y65,1
C55,Y84,1
C55,X58,1
C55,Y92,1
C55,X58,1
C55,Y65,1
C55,Y84,1
C56,Y83,22
C56,X58,12
C56,Y92,11
C56,Y92,6
C56,W19,4
C56,Y83,3
C56,Y84,3
C56,Y99,2
C56,Y84,1
C56,W19,1
C56,X58,1
C56,W01,1
C56,W18,1
C56,X39,1
C56,Y93,1
C56,W18,1
C57,Y83,2
C57,Y83,1
C57,W18,1
C57,V93,1
C57,X58,1
C60,X58,1
C60,Y83,1
C61,X58,56
C61,Y83,23
C61,Y84,15
C61,W19,14
C61,Y83,12
C61,Y92,11
C61,Y84,8
C61,X58,5
C61,V89,5
C61,W01,5
C61,W57,3
C61,Y92,3
C61,Y95,2
C61,W19,2
C61,W01,2
C61,W88,2
C61,X32,2
C61,W10,2
C61,Y33,1
C61,Y73,1
C61,Y65,1
C61,V86,1
C61,V87,1
C61,W00,1
C61,W22,1
C61,W26,1
C61,W46,1
C61,Y69,1
C61,Y73,1
C61,Y78,1
C61,Y81,1
C61,Y82,1
C61,W19,1
C64,Y83,37
C64,X58,16
C64,Y92,11
C64,Y83,8
C64,W19,8
C64,W19,4
C64,Y95,4
C64,Y65,4
C64,W18,3
C64,X58,3
C64,Y84,3
C64,Y92,3
C64,W06,2
C64,Y95,2
C64,Y90,1
C64,W11,1
C64,W01,1
C64,W10,1
C64,W34,1
C64,Y84,1
C65,Y83,3
C65,Y84,2
C65,Y92,1
C65,Y93,1
C65,W19,1
C65,X58,1
C65,Y83,1
C66,Y83,2
C66,W19,1
C66,Y73,1
C66,X58,1
C66,Y83,1
C67,Y83,41
C67,Y84,22
C67,X58,17
C67,Y92,11
C67,Y84,10
C67,W18,6
C67,Y95,6
C67,Y73,6
C67,Y83,6
C67,W19,4
C67,W19,3
C67,W01,3
C67,Y93,2
C67,X58,2
C67,Y73,2
C67,Y92,2
C67,Y84,2
C67,Y33,1
C67,W90,1
C67,W06,1
C67,Y90,1
C67,W11,1
C67,V49,1
C67,V89,1
C67,W01,1
C67,W10,1
C67,Y90,1
C67,W08,1
C68,Y83,2
C68,Y83,1
C68,Y84,1
C69,Y84,7
C69,X58,4
C69,W88,1
C70,Y92,2
C71,W19,16
C71,Y92,15
C71,W19,9
C71,Y83,6
C71,Y84,6
C71,Y84,4
C71,W18,4
C71,X58,3
C71,W06,3
C71,W18,3
C71,W01,2
C71,Y99,2
C71,Y92,2
C71,X58,2
C71,Y71,1
C71,Y93,1
C71,W07,1
C71,W17,1
C71,V43,1
C71,Y95,1
C71,Y99,1
C71,W10,1
C71,W10,1
C71,W19,1
C71,Y92,1
C72,W19,2
C72,W10,1
C72,Y83,1
C73,Y83,10
C73,Y83,6
C73,Y84,6
C73,X58,3
C73,Y93,2
C73,W19,2
C73,W19,1
C73,Y95,1
C73,Y82,1
C73,Y84,1
C73,Y73,1
C73,X58,1
C73,W00,1
C73,W57,1
C73,Y92,1
C73,Y99,1
C74,Y73,1
C74,W19,1
C75,Y92,1
C75,W18,1
C76,Y92,8
C76,X58,8
C76,Y84,4
C76,Y84,3
C76,Y83,2
C76,W88,2
C76,Y95,1
C76,X58,1
C76,W19,1
C76,W01,1
C76,W19,1
C76,X08,1
C76,Y63,1
C76,Y78,1
C77,Y83,10
C77,Y83,8
C77,Y84,7
C77,Y92,3
C77,Y84,3
C77,X58,2
C77,Y92,2
C77,W19,2
C77,Y95,1
C77,W18,1
C77,W19,1
C77,W01,1
C77,X32,1
C77,X58,1
C78,Y83,59
C78,Y92,32
C78,Y84,30
C78,Y95,17
C78,W19,15
C78,W18,10
C78,Y84,10
C78,X58,9
C78,Y83,8
C78,W01,7
C78,Y92,7
C78,X58,6
C78,W06,3
C78,Y73,3
C78,Y82,3
C78,W18,3
C78,Y65,2
C78,W19,2
C78,Y82,1
C78,Y99,1
C78,W57,1
C78,X10,1
C78,Y93,1
C78,W22,1
C78,W07,1
C78,W10,1
C78,W22,1
C78,W88,1
C78,Y63,1
C78,Y78,1
C78,Y93,1
C78,Y95,1
C78,Y99,1
C79,Y92,65
C79,W19,48
C79,Y84,44
C79,X58,38
C79,W18,29
C79,Y84,28
C79,Y83,24
C79,W01,15
C79,Y92,11
C79,W19,10
C79,W06,8
C79,X58,8
C79,Y83,7
C79,Y95,6
C79,W01,6
C79,W10,5
C79,W18,5
C79,Y93,3
C79,Y65,3
C79,Y82,2
C79,Y93,2
C79,W88,2
C79,Y93,2
C79,W88,1
C79,X31,1
C79,W34,1
C79,X08,1
C79,W17,1
C79,W08,1
C79,V49,1
C79,Y71,1
C79,Y99,1
C79,Y33,1
C79,Y73,1
C79,W07,1
C79,W05,1
C79,W06,1
C79,W55,1
C79,Y71,1
C79,Y76,1
C79,W19,1
C79,Y84,1
C79,X58,1
C79,W18,1
C7A,Y83,18
C7A,X58,5
C7A,Y92,3
C7A,W18,2
C7A,Y95,2
C7A,Y92,2
C7A,Y84,2
C7A,W19,2
C7A,W01,1
C7A,W19,1
C7A,Y82,1
C7A,Y84,1
C7A,V49,1
C7A,W17,1
C7A,W23,1
C7A,W57,1
C7A,Y83,1
C7A,Y99,1
C7B,Y83,4
C7B,Y92,2
C7B,X58,2
C7B,W19,2
C7B,Y84,1
C7B,Y95,1
C7B,Y83,1
C80,X58,4
C80,Y84,3
C80,Y92,2
C80,W19,2
C80,Y93,2
C80,W19,2
C80,Y33,1
C80,Y83,1
C80,W18,1
C80,Y95,1
C80,W06,1
C80,Y65,1
C80,Y83,1
C81,Y83,2
C81,X58,2
C81,Y92,1
C81,W18,1
C81,Y83,1
C82,X58,8
C82,Y92,2
C82,Y92,2
C82,Y84,2
C82,W06,1
C82,Y95,1
C82,W01,1
C82,W01,1
C83,Y92,45
C83,X58,23
C83,Y83,13
C83,Y83,11
C83,Y84,9
C83,Y84,9
C83,X58,8
C83,W19,7
C83,W19,7
C83,Y95,5
C83,Y92,5
C83,W18,3
C83,W01,3
C83,Y71,2
C83,Y82,2
C83,W57,2
C83,W25,1
C83,X50,1
C83,Y93,1
C83,W00,1
C83,W01,1
C83,W23,1
C83,W88,1
C83,Y82,1
C83,Y93,1
C83,Y99,1
C83,W19,1
C84,Y92,4
C84,Y83,4
C84,Y84,2
C84,W19,2
C84,X58,2
C84,Y83,1
C84,W06,1
C84,W19,1
C84,X32,1
C84,Y81,1
C84,Y84,1
C85,X58,10
C85,Y92,7
C85,W19,7
C85,Y83,3
C85,W01,2
C85,Y95,2
C85,Y92,2
C85,Y84,2
C85,W19,2
C85,Y84,1
C85,Y82,1
C85,Y83,1
C85,V42,1
C85,W01,1
C85,W06,1
C85,W17,1
C85,W18,1
C85,W88,1
C85,W19,1
C85,Y92,1
C86,W18,1
C86,W88,1
C86,Y83,1
C86,Y84,1
C88,X58,2
C88,W19,1
C88,W88,1
C88,W89,1
C88,X50,1
C88,Y84,1
C88,Y92,1
C88,Y93,1
C90,X58,64
C90,Y92,31
C90,W19,22
C90,Y84,17
C90,Y95,17
C90,Y92,13
C90,Y83,12
C90,Y84,11
C90,Y83,8
C90,X58,7
C90,W19,6
C90,W18,6
C90,W18,6
C90,Y99,6
C90,Y95,5
C90,W57,4
C90,W01,3
C90,W10,2
C90,Y33,2
C90,Y93,2
C90,W22,2
C90,W46,2
C90,Y93,1
C90,W06,1
C90,W07,1
C90,V70,1
C90,V89,1
C90,W01,1
C90,W06,1
C90,W20,1
C90,W54,1
C90,X50,1
C90,Y33,1
C90,Y79,1
C90,Y82,1
C91,X58,18
C91,Y92,13
C91,Y83,13
C91,Y84,11
C91,Y92,9
C91,Y84,5
C91,Y83,4
C91,W57,4
C91,W18,4
C91,Y95,3
C91,W19,3
C91,W18,2
C91,X58,2
C91,X32,2
C91,X50,2
C91,W22,1
C91,W06,1
C91,Y73,1
C91,W17,1
C91,W01,1
C91,W07,1
C91,W10,1
C91,W22,1
C91,W55,1
C91,Y95,1
C92,Y83,51
C92,Y92,42
C92,X58,23
C92,Y84,22
C92,W19,22
C92,Y84,15
C92,Y92,11
C92,Y95,9
C92,X58,8
C92,W01,5
C92,W19,4
C92,Y83,4
C92,Y82,3
C92,Y71,2
C92,W07,2
C92,W18,2
C92,Y93,2
C92,W00,2
C92,W01,2
C92,Y99,2
C92,Y81,1
C92,W57,1
C92,Y79,1
C92,Y82,1
C92,W05,1
C92,V19,1
C92,W06,1
C92,W10,1
C92,W17,1
C92,W18,1
C92,Y71,1
C93,X58,9
C93,W19,4
C93,Y83,2
C93,Y99,2
C93,X58,1
C93,Y84,1
C93,Y92,1
C93,V89,1
C93,Y71,1
C93,V49,1
C93,W19,1
C93,Y92,1
C94,Y83,2
C94,W19,1
C94,W07,1
C94,X58,1
C95,Y95,1
C95,W06,1
C96,Y92,1
D00,X58,1
D01,Y83,3
D01,V89,1
D02,Y84,3
D03,X32,2
D03,W19,1
D03,X58,1
D03,Y84,1
D04,X32,6
D04,X58,2
D04,Y92,2
D04,W57,1
D04,W89,1
D05,Y84,8
D05,X58,7
D05,Y83,6
D05,Y83,4
D05,Y93,2
D05,Y92,2
D05,W01,1
D05,W19,1
D07,X58,1
D07,W57,1
D07,Y83,1
D09,Y83,2
D09,Y84,2
D09,Y84,1
D09,X08,1
D09,Y83,1
D10,X58,1
D11,Y83,2
D12,Y83,23
D12,Y92,7
D12,Y83,6
D12,Y84,6
D12,Y84,4
D12,X58,3
D12,X58,3
D12,W19,2
D12,Y95,2
D12,Y92,2
D12,W18,1
D12,Y33,1
D12,V89,1
D12,W07,1
D12,W88,1
D12,Y99,1
D13,Y83,4
D13,Y95,2
D13,Y83,2
D13,X58,2
D13,W55,1
D13,Y84,1
D13,Y92,1
D13,Y92,1
D14,Y83,1
D14,Y84,1
D15,Y83,4
D15,W19,2
D15,Y92,1
D16,X58,3
D16,X58,1
D16,Y84,1
D16,Y83,1
D16,Y83,1
D16,Y99,1
D17,X58,3
D17,Y83,2
D17,Y83,2
D17,W19,2
D17,Y92,1
D17,X58,1
D17,V89,1
D17,W10,1
D18,Y83,3
D18,W01,3
D18,X32,3
D18,W19,2
D18,W19,2
D18,W01,1
D18,Y92,1
D18,W17,1
D18,W07,1
D18,W18,1
D18,W57,1
D18,Y83,1
D21,Y83,1
D21,W11,1
D22,X32,36
D22,W57,7
D22,W19,2
D22,V89,1
D22,W10,1
D22,W18,1
D22,W54,1
D22,X58,1
D22,X83,1
D23,X32,8
D23,X15,1
D23,X58,1
D23,Y83,1
D24,Y83,1
D25,Y83,3
D25,Y83,2
D25,Y95,1
D25,W45,1
D25,X58,1
D25,Y76,1
D25,Y92,1
D26,Y95,1
D27,Y83,3
D27,Y84,2
D27,W18,1
D27,Y92,1
D27,W34,1
D27,Y74,1
D27,Y83,1
D28,Y83,1
D29,Y84,1
D30,Y92,1
D30,W19,1
D30,Y84,1
D31,W18,1
D32,Y92,10
D32,X58,9
D32,Y84,8
D32,Y84,8
D32,W19,7
D32,Y83,7
D32,W18,5
D32,W19,4
D32,X58,3
D32,W01,3
D32,W06,2
D32,W10,2
D32,W01,2
D32,W06,2
D32,W00,1
D32,Y95,1
D32,W07,1
D32,W11,1
D32,W10,1
D32,W57,1
D32,Y83,1
D32,Y92,1
D32,Y93,1
D33,W19,4
D33,Y83,2
D33,X58,2
D33,Y71,1
D33,Y82,1
D33,W18,1
D34,Y83,1
D35,Y83,13
D35,Y92,2
D35,Y83,2
D35,Y84,1
D35,W18,1
D35,X58,1
D35,Y95,1
D35,V89,1
D35,W57,1
D35,X58,1
D35,Y84,1
D36,Y84,1
D36,Y92,1
D36,X32,1
D36,X58,1
D36,Y84,1
D36,Y92,1
D37,Y83,3
D37,X58,3
D37,W18,1
D37,Y84,1
D38,Y92,1
D38,Y95,1
D38,W19,1
D38,X58,1
D39,Y83,1
D3A,X58,3
D3A,Y83,2
D3A,W19,2
D3A,Y84,1
D3A,W19,1
D3A,X58,1
D3A,Y83,1
D41,Y83,1
D41,Y92,1
D41,X58,1
D42,Y84,2
D42,Y95,1
D42,Y92,1
D42,W19,1
D43,W19,2
D43,Y75,2
D44,Y83,1
D45,W19,2
D45,Y92,2
D45,Y92,1
D45,X58,1
D45,W18,1
D45,X50,1
D45,X58,1
D45,Y82,1
D46,X58,28
D46,Y84,13
D46,Y92,12
D46,W19,11
D46,W19,11
D46,Y92,10
D46,Y83,10
D46,W01,4
D46,W18,3
D46,W01,3
D46,X58,3
D46,Y84,2
D46,Y73,2
D46,Y95,2
D46,Y83,2
D46,W18,2
D46,Y99,2
D46,W06,1
D46,W90,1
D46,X50,1
D46,Y33,1
D46,Y82,1
D46,W57,1
D46,X78,1
D46,Y26,1
D46,Y33,1
D46,Y82,1
D46,Y93,1
D46,Y95,1
D46,W19,1
D47,X58,15
D47,W19,9
D47,Y83,7
D47,Y93,3
D47,Y84,2
D47,W19,2
D47,W18,2
D47,Y83,1
D47,W06,1
D47,Y92,1
D47,W10,1
D47,V89,1
D47,W00,1
D47,W01,1
D47,W05,1
D47,W10,1
D47,W46,1
D47,W54,1
D47,W57,1
D47,X12,1
D48,X32,14
D48,X58,12
D48,W57,4
D48,W89,2
D48,Y84,1
D48,W19,1
D48,W45,1
D48,X31,1
D48,Y82,1
D48,Y83,1
D49,Y92,5
D49,Y83,5
D49,W19,5
D49,X58,5
D49,W19,4
D49,W18,4
D49,X32,4
D49,W57,3
D49,X58,2
D49,Y84,2
D49,W18,2
D49,W88,2
D49,Y84,2
D49,X10,1
D49,W06,1
D49,Y82,1
D49,Y92,1
D49,Y93,1
D49,Y99,1
D50,X58,41
D50,W19,29
D50,W19,26
D50,W18,25
D50,Y92,20
D50,Y83,16
D50,Y83,14
D50,Y92,14
D50,W01,11
D50,Y84,10
D50,X58,10
D50,Y90,7
D50,Y95,5
D50,W18,5
D50,Y84,5
D50,W57,4
D50,W06,3
D50,W05,3
D50,W06,3
D50,Y63,3
D50,Y93,2
D50,W01,2
D50,W20,2
D50,Y71,2
D50,Y33,1
D50,V48,1
D50,V89,1
D50,X15,1
D50,W22,1
D50,W10,1
D50,W55,1
D50,Y73,1
D50,W07,1
D50,X19,1
D50,V43,1
D50,V18,1
D50,W22,1
D50,W27,1
D50,W34,1
D50,W88,1
D50,Y09,1
D50,Y79,1
D50,Y82,1
D50,Y93,1
D50,Y95,1
D51,W19,4
D51,Y71,1
D51,X32,1
D51,X58,1
D51,Y65,1
D53,W19,6
D53,Y83,3
D53,W06,2
D53,W01,2
D53,Y83,2
D53,W18,1
D53,W19,1
D53,Y93,1
D53,Y92,1
D53,W05,1
D53,W18,1
D53,W57,1
D56,W18,1
D56,W19,1
D57,Y92,20
D57,Y83,19
D57,X58,12
D57,Y83,9
D57,Y92,7
D57,X58,6
D57,Y95,6
D57,Y84,6
D57,W19,3
D57,Y95,3
D57,W18,2
D57,Y84,2
D57,Y04,2
D57,W19,2
D57,Y82,2
D57,W18,2
D57,Y09,2
D57,Y82,2
D57,X30,1
D57,V43,1
D57,Y73,1
D57,Y71,1
D57,W01,1
D57,W06,1
D57,W10,1
D57,W22,1
D57,Y24,1
D57,Y93,1
D58,W01,1
D58,X58,1
D59,Y84,6
D59,Y92,5
D59,X58,4
D59,X58,3
D59,W18,2
D59,Y83,2
D59,W01,1
D59,Y83,1
D59,W06,1
D59,Y92,1
D59,W19,1
D61,Y92,56
D61,Y84,15
D61,Y95,12
D61,W19,12
D61,W01,11
D61,W18,8
D61,Y83,8
D61,Y92,8
D61,X58,7
D61,W19,7
D61,X58,4
D61,W01,3
D61,W18,3
D61,W06,2
D61,Y90,2
D61,W57,2
D61,Y84,2
D61,Y93,1
D61,Y78,1
D61,V89,1
D61,W22,1
D61,V19,1
D61,W17,1
D61,X30,1
D61,Y74,1
D61,W05,1
D61,X83,1
D61,Y90,1
D61,Y95,1
D61,W19,1
D61,Y95,1
D62,W19,50
D62,W18,42
D62,Y83,35
D62,X58,29
D62,W01,24
D62,Y84,21
D62,Y92,21
D62,X58,10
D62,W19,10
D62,W06,8
D62,Y83,7
D62,Y95,6
D62,W01,6
D62,W10,4
D62,Y90,4
D62,W22,4
D62,W18,4
D62,W07,3
D62,W26,3
D62,W06,3
D62,Y84,3
D62,W05,2
D62,X50,2
D62,W45,2
D62,V44,1
D62,X31,1
D62,W34,1
D62,V18,1
D62,W17,1
D62,Y73,1
D62,Y71,1
D62,W14,1
D62,X08,1
D62,Y66,1
D62,V89,1
D62,Y93,1
D62,X95,1
D62,V03,1
D62,Y82,1
D62,V43,1
D62,W10,1
D62,Y92,1
D62,W19,1
D63,W19,13
D63,X58,5
D63,Y83,3
D63,W31,2
D63,W01,1
D63,W22,1
D64,X58,74
D64,W19,72
D64,Y92,32
D64,W18,32
D64,Y92,27
D64,W19,22
D64,Y84,20
D64,Y83,19
D64,W01,15
D64,Y83,15
D64,W18,11
D64,X58,10
D64,Y84,7
D64,W10,7
D64,W57,7
D64,W01,5
D64,Y90,5
D64,W06,4
D64,Y95,3
D64,V00,3
D64,Y99,3
D64,Y93,2
D64,W10,2
D64,Y71,2
D64,W45,2
D64,X16,2
D64,Y82,2
D64,V89,2
D64,W05,2
D64,W34,2
D64,W19,2
D64,W17,1
D64,V87,1
D64,Y73,1
D64,V03,1
D64,V47,1
D64,V78,1
D64,V86,1
D64,W07,1
D64,W08,1
D64,W11,1
D64,W22,1
D64,W26,1
D64,W90,1
D64,X50,1
D64,Y63,1
D64,Y73,1
D64,Y79,1
D64,Y95,1
D66,V00,1
D66,W10,1
D66,W22,1
D66,X58,1
D66,W19,1
D66,W01,1
D66,Y83,1
D66,V28,1
D66,W01,1
D66,X58,1
D67,X58,2
D68,Y92,84
D68,W19,24
D68,Y92,20
D68,X58,14
D68,W18,13
D68,X58,13
D68,W01,11
D68,Y84,10
D68,W19,10
D68,Y83,8
D68,W05,3
D68,Y95,3
D68,W06,3
D68,W22,2
D68,W07,2
D68,W17,2
D68,W10,2
D68,Y83,2
D68,X50,1
D68,Y73,1
D68,Y65,1
D68,W54,1
D68,Y93,1
D68,Y33,1
D68,W17,1
D68,W18,1
D68,W22,1
D68,W26,1
D68,W59,1
D68,Y33,1
D68,Y82,1
D68,Y84,1
D68,W18,1
D69,Y92,21
D69,X58,12
D69,W19,11
D69,X58,8
D69,W19,7
D69,Y84,6
D69,Y83,5
D69,W01,3
D69,Y95,3
D69,W17,2
D69,Y83,2
D69,Y92,2
D69,Y71,1
D69,W22,1
D69,W18,1
D69,Y08,1
D69,Y93,1
D69,V47,1
D69,W88,1
D69,V49,1
D69,W01,1
D69,W10,1
D69,W18,1
D69,W22,1
D69,W54,1
D69,W57,1
D69,W89,1
D69,X32,1
D69,Y84,1
D69,Y90,1
D69,Y95,1
D70,Y92,57
D70,Y92,31
D70,Y84,22
D70,Y84,14
D70,Y95,9
D70,X58,9
D70,X58,9
D70,Y83,8
D70,W19,8
D70,W18,5
D70,W19,3
D70,Y90,2
D70,W57,2
D70,W01,1
D70,Y33,1
D70,Y73,1
D70,Y93,1
D70,W01,1
D70,W18,1
D70,W88,1
D70,W90,1
D70,Y63,1
D70,Y73,1
D70,Y83,1
D70,Y84,1
D71,X58,1
D72,W19,11
D72,X58,8
D72,W19,7
D72,W18,7
D72,Y92,6
D72,W57,6
D72,W01,4
D72,X58,2
D72,Y84,2
D72,Y95,1
D72,V48,1
D72,W06,1
D72,Y83,1
D72,W01,1
D72,W06,1
D72,W07,1
D72,Y07,1
D72,Y83,1
D72,Y92,1
D73,W18,2
D73,Y83,2
D73,X58,2
D73,Y84,1
D73,Y92,1
D73,X58,1
D73,Y90,1
D73,Y95,1
D73,W01,1
D73,W19,1
D73,W18,1
D73,W19,1
D74,Y92,2
D75,W19,4
D75,X58,2
D75,Y99,2
D75,Y84,2
D75,W01,1
D75,Y92,1
D75,Y84,1
D75,V89,1
D75,W10,1
D75,W18,1
D75,W54,1
D75,W57,1
D75,W94,1
D75,Y82,1
D75,Y83,1
D75,Y92,1
D76,W19,1
D78,Y84,3
D78,Y83,2
D78,Y92,1
D78,Y65,1
D80,X58,7
D80,Y83,4
D80,W17,1
D80,W57,1
D80,Y84,1
D82,Y71,1
D83,X58,3
D83,Y83,1
D84,Y92,2
D84,Y83,2
D84,X58,2
D84,V70,1
D84,X50,1
D84,Y84,1
D86,Y83,6
D86,Y92,3
D86,W19,2
D86,Y95,2
D86,X58,2
D86,Y90,1
D86,W05,1
D86,W18,1
D86,Y83,1
D86,W55,1
D86,Y93,1
D86,Y99,1
D89,Y83,20
D89,X58,12
D89,Y99,3
D89,Y84,2
D89,X58,1
D89,W18,1
D89,Y69,1
D89,Y82,1
E03,W19,55
E03,X58,36
E03,W57,29
E03,W01,6
E03,W19,5
E03,W18,5
E03,W18,5
E03,Y92,4
E03,X58,4
E03,W55,4
E03,W01,3
E03,Y92,3
E03,W54,3
E03,W10,3
E03,W06,3
E03,Y83,2
E03,Y04,2
E03,X50,2
E03,W46,2
E03,W22,2
E03,W05,2
E03,W06,1
E03,Y95,1
E03,Y08,1
E03,Y90,1
E03,V43,1
E03,X31,1
E03,Y36,1
E03,V89,1
E03,W26,1
E03,W45,1
E03,Y63,1
E03,Y73,1
E03,Y80,1
E03,Y84,1
E03,Y99,1
E04,X58,11
E04,W19,7
E04,W57,3
E04,W18,3
E04,W06,2
E04,V89,2
E04,Y92,2
E04,Y84,2
E04,Y83,2
E04,Y83,1
E04,Y92,1
E04,Y95,1
E04,V43,1
E04,V49,1
E04,V87,1
E04,W00,1
E04,W01,1
E04,W08,1
E04,W10,1
E04,W26,1
E04,W54,1
E04,X32,1
E05,W18,3
E05,X58,3
E05,Y92,2
E05,W19,2
E05,Y83,2
E05,Y84,1
E05,Y83,1
E05,W01,1
E05,W17,1
E05,W19,1
E05,Y92,1
E06,X58,3
E06,V85,1
E07,X58,2
E07,W01,1
E07,Y92,1
E07,Y93,1
E08,X58,7
E08,W18,2
E08,W06,1
E08,W19,1
E08,Y83,1
E08,Y84,1
E09,Y92,9
E09,Y92,5
E09,Y83,2
E09,W19,1
E09,W18,1
E09,X58,1
E10,Y83,59
E10,X58,55
E10,Y83,44
E10,Y92,28
E10,W19,22
E10,X58,18
E10,X19,16
E10,W19,13
E10,W18,11
E10,Y84,11
E10,Y92,11
E10,Y95,7
E10,W06,6
E10,W18,6
E10,W01,5
E10,W22,5
E10,W45,5
E10,Y90,4
E10,W23,4
E10,W10,3
E10,Y71,3
E10,Y84,3
E10,X31,3
E10,X17,3
E10,W22,2
E10,V89,2
E10,W06,2
E10,X08,1
E10,Y63,1
E10,W26,1
E10,X16,1
E10,V29,1
E10,Y79,1
E10,Y81,1
E10,Y73,1
E10,W54,1
E10,X31,1
E10,V19,1
E10,W40,1
E10,X00,1
E10,Y82,1
E10,V43,1
E10,V47,1
E10,V48,1
E10,V49,1
E10,V77,1
E10,W01,1
E10,W10,1
E10,W20,1
E10,W57,1
E10,X16,1
E10,X50,1
E10,Y33,1
E10,Y63,1
E10,Y82,1
E11,X58,1085
E11,Y83,591
E11,W19,365
E11,Y83,345
E11,Y92,218
E11,X58,178
E11,W19,171
E11,W22,140
E11,Y92,103
E11,W18,100
E11,W18,98
E11,W01,96
E11,W57,69
E11,Y84,61
E11,W01,40
E11,Y84,39
E11,Y95,38
E11,X08,38
E11,W06,37
E11,Y90,30
E11,W06,30
E11,Y99,27
E11,Y93,24
E11,W20,22
E11,V89,22
E11,W22,20
E11,W45,20
E11,W54,18
E11,Y33,18
E11,Y82,17
E11,W51,17
E11,W55,17
E11,V49,13
E11,V47,13
E11,W26,13
E11,Y90,13
E11,X50,12
E11,W88,11
E11,W17,11
E11,X19,10
E11,W23,10
E11,W45,9
E11,X31,9
E11,W07,9
E11,W10,9
E11,V89,8
E11,W07,7
E11,Y93,7
E11,Y71,7
E11,V43,7
E11,W20,6
E11,Y73,6
E11,W31,6
E11,V29,6
E11,V86,6
E11,W19,6
E11,W10,5
E11,W05,5
E11,V48,5
E11,X11,5
E11,X31,5
E11,Y71,5
E11,X58,5
E11,W26,4
E11,Y33,4
E11,W17,4
E11,W25,4
E11,Y99,4
E11,W00,4
E11,W29,4
E11,W34,4
E11,W50,4
E11,X32,4
E11,Y82,4
E11,X10,3
E11,X16,3
E11,Y81,3
E11,X50,3
E11,Y65,3
E11,Y95,3
E11,Y79,3
E11,X16,3
E11,X15,3
E11,W46,3
E11,W25,3
E11,W05,3
E11,W18,3
E11,W00,2
E11,V86,2
E11,X11,2
E11,W29,2
E11,X08,2
E11,Y79,2
E11,X19,2
E11,Y63,2
E11,Y04,2
E11,X03,2
E11,W11,2
E11,V78,2
E11,V00,2
E11,Y65,2
E11,W19,2
E11,W06,2
E11,V48,1
E11,W51,1
E11,V00,1
E11,Y64,1
E11,Y09,1
E11,X83,1
E11,Y74,1
E11,W04,1
E11,W11,1
E11,V49,1
E11,Y04,1
E11,W88,1
E11,W23,1
E11,W74,1
E11,W55,1
E11,W54,1
E11,Y63,1
E11,V09,1
E11,V18,1
E11,V19,1
E11,V23,1
E11,V40,1
E11,V45,1
E11,V54,1
E11,V59,1
E11,V69,1
E11,V94,1
E11,W13,1
E11,W27,1
E11,W64,1
E11,W94,1
E11,W99,1
E11,X10,1
E11,X30,1
E11,X39,1
E11,X78,1
E11,Y09,1
E11,Y73,1
E11,Y74,1
E11,W22,1
E11,W18,1
E11,Y92,1
E13,X58,11
E13,Y83,9
E13,Y83,8
E13,Y92,5
E13,W19,4
E13,X58,3
E13,Y90,2
E13,W18,2
E13,Y92,2
E13,W10,1
E13,W06,1
E13,Y95,1
E13,Y63,1
E13,Y37,1
E13,Y84,1
E13,W01,1
E13,W01,1
E13,W19,1
E13,Y71,1
E13,Y93,1
E13,Y99,1
E15,Y92,1
E16,W19,14
E16,Y92,10
E16,Y92,9
E16,X58,8
E16,W19,7
E16,W18,6
E16,W18,5
E16,Y90,5
E16,V49,4
E16,Y90,3
E16,W01,3
E16,Y84,2
E16,Y95,2
E16,Y83,2
E16,X58,2
E16,X31,2
E16,W06,2
E16,W05,2
E16,Y73,1
E16,V87,1
E16,W01,1
E16,Y99,1
E16,W17,1
E16,Y08,1
E16,V47,1
E16,V89,1
E16,X50,1
E16,Y83,1
E16,W06,1
E21,W19,4
E21,Y83,3
E21,W19,3
E21,W18,2
E21,Y83,2
E21,Y90,1
E21,Y84,1
E21,X58,1
E21,V28,1
E21,W54,1
E21,W57,1
E22,W19,57
E22,Y92,31
E22,W18,30
E22,W01,17
E22,Y83,11
E22,X58,8
E22,Y84,8
E22,Y90,7
E22,W19,7
E22,W06,6
E22,Y95,4
E22,X58,4
E22,Y92,4
E22,Y93,3
E22,W07,2
E22,W10,2
E22,W01,2
E22,W22,1
E22,Y79,1
E22,W16,1
E22,W55,1
E22,W17,1
E22,W00,1
E22,Y71,1
E22,Y63,1
E22,V89,1
E22,Y99,1
E22,W88,1
E22,W18,1
E22,W01,1
E23,Y92,2
E23,Y83,1
E23,W01,1
E26,W01,1
E26,X58,1
E27,W19,10
E27,Y83,9
E27,Y92,6
E27,X58,4
E27,X58,4
E27,W18,2
E27,Y90,1
E27,W50,1
E27,W22,1
E27,Y95,1
E27,V18,1
E27,V48,1
E27,W01,1
E27,W19,1
E27,W27,1
E27,Y04,1
E27,Y92,1
E28,X58,2
E29,X58,3
E29,W19,1
E29,W57,1
E29,Y83,1
E34,W19,1
E34,X58,1
E43,W19,6
E43,Y84,6
E43,X58,4
E43,Y83,3
E43,Y95,2
E43,W19,2
E43,Y73,1
E43,W01,1
E43,W06,1
E43,Y83,1
E43,Y84,1
E43,W19,1
E43,X58,1
E43,W19,1
E44,Y92,2
E44,W19,1
E44,Y83,1
E44,Y84,1
E44,X58,1
E44,Y63,1
E44,Y83,1
E44,Y90,1
E46,W19,4
E46,Y83,3
E46,X58,3
E46,W19,3
E46,Y84,1
E46,W18,1
E46,V89,1
E46,W00,1
E46,W01,1
E46,W18,1
E46,Y84,1
E51,Y90,7
E51,W19,3
E51,V86,1
E51,X58,1
E51,W19,1
E51,Y90,1
E53,W19,13
E53,W57,7
E53,X58,5
E53,X32,2
E53,W19,1
E53,Y83,1
E53,W10,1
E53,W18,1
E53,W22,1
E53,Y84,1
E53,Y99,1
E55,W19,14
E55,W57,9
E55,X58,6
E55,Y83,2
E55,V74,1
E55,W01,1
E55,W06,1
E55,W46,1
E55,W54,1
E55,Y07,1
E55,Y65,1
E56,W19,1
E60,W18,1
E61,X58,2
E61,W19,1
E61,Y83,1
E61,Y92,1
E61,Y99,1
E63,Y95,1
E63,X58,1
E65,Y83,3
E65,Y83,2
E66,Y83,22
E66,X58,8
E66,Y92,4
E66,W19,4
E66,W57,3
E66,V89,2
E66,Y07,2
E66,Y95,1
E66,W06,1
E66,X58,1
E66,Y82,1
E66,W01,1
E66,W00,1
E66,W01,1
E66,W10,1
E66,W54,1
E72,X58,2
E72,W18,1
E72,Y90,1
E72,W10,1
E72,Y92,1
E72,V40,1
E72,W18,1
E72,W19,1
E78,W57,64
E78,X58,55
E78,W19,47
E78,Y83,8
E78,V89,5
E78,W01,5
E78,W54,5
E78,Y92,5
E78,W55,4
E78,Y93,3
E78,Y84,3
E78,W18,3
E78,W10,3
E78,Y99,2
E78,Y99,1
E78,V42,1
E78,V43,1
E78,V49,1
E78,V92,1
E78,W00,1
E78,W16,1
E78,W22,1
E78,W23,1
E78,W31,1
E78,W46,1
E78,W88,1
E78,X00,1
E78,Y04,1
E79,V18,1
E80,Y92,2
E80,Y82,1
E80,Y90,1
E80,W19,1
E83,Y83,24
E83,X58,20
E83,Y92,18
E83,W19,16
E83,W19,14
E83,W18,12
E83,Y83,12
E83,W01,9
E83,Y92,6
E83,X58,5
E83,Y84,5
E83,W01,5
E83,W18,5
E83,W57,4
E83,Y73,2
E83,Y90,2
E83,W22,2
E83,X30,2
E83,W06,2
E83,W07,2
E83,W22,1
E83,X37,1
E83,Y95,1
E83,W07,1
E83,V87,1
E83,V93,1
E83,X32,1
E83,Y04,1
E83,Y36,1
E83,Y69,1
E83,Y84,1
E83,Y95,1
E83,Y99,1
E83,W18,1
E84,Y83,4
E84,X58,1
E84,X78,1
E84,Y92,1
E84,X58,1
E84,Y83,1
E84,Y92,1
E85,Y92,7
E85,X58,5
E85,W18,4
E85,X58,3
E85,W19,2
E85,Y84,2
E85,Y73,1
E85,Y83,1
E85,Y93,1
E85,W01,1
E85,W19,1
E85,W22,1
E85,Y92,1
E86,W19,157
E86,W19,139
E86,W18,111
E86,W18,98
E86,Y92,61
E86,W01,54
E86,W01,39
E86,X58,38
E86,Y90,31
E86,X58,30
E86,Y92,27
E86,Y83,26
E86,X30,23
E86,W88,19
E86,Y84,16
E86,W06,16
E86,W06,15
E86,Y84,13
E86,Y90,10
E86,Y83,9
E86,W05,8
E86,W07,8
E86,W07,7
E86,W17,7
E86,Y93,6
E86,Y95,6
E86,Y93,6
E86,W22,6
E86,W57,5
E86,X32,5
E86,W10,4
E86,Y95,4
E86,W10,3
E86,X30,2
E86,X31,2
E86,Y82,2
E86,W17,2
E86,W57,2
E86,W31,2
E86,V40,2
E86,W90,1
E86,V00,1
E86,W08,1
E86,W22,1
E86,X32,1
E86,V48,1
E86,Y36,1
E86,V47,1
E86,Y09,1
E86,X50,1
E86,W25,1
E86,Y99,1
E86,V89,1
E86,W16,1
E86,V18,1
E86,V43,1
E86,V44,1
E86,V49,1
E86,V79,1
E86,W08,1
E86,W23,1
E86,W54,1
E86,X19,1
E86,X50,1
E86,Y07,1
E86,Y71,1
E86,Y82,1
E86,W18,1
E86,W01,1
E86,W17,1
E86,W19,1
E87,W19,247
E87,Y92,194
E87,Y83,149
E87,W18,137
E87,W19,121
E87,W18,83
E87,X58,77
E87,Y90,75
E87,W01,64
E87,X58,63
E87,Y92,51
E87,W01,48
E87,Y84,45
E87,Y90,39
E87,W06,25
E87,Y83,20
E87,Y95,18
E87,Y84,18
E87,W06,15
E87,Y71,11
E87,W05,10
E87,W10,9
E87,V89,9
E87,W17,8
E87,W22,8
E87,W07,7
E87,Y93,6
E87,Y33,6
E87,W57,6
E87,W10,6
E87,W07,5
E87,X50,5
E87,Y71,5
E87,W57,4
E87,Y73,4
E87,Y82,4
E87,W17,4
E87,W05,4
E87,V89,4
E87,X83,3
E87,Y04,3
E87,Y99,3
E87,W08,3
E87,Y64,3
E87,Y65,3
E87,W00,2
E87,Y65,2
E87,X30,2
E87,V43,2
E87,W00,2
E87,W34,2
E87,W22,2
E87,Y95,2
E87,Y93,2
E87,Y62,2
E87,Y33,2
E87,X30,2
E87,W01,2
E87,Y09,1
E87,X16,1
E87,V78,1
E87,W54,1
E87,X10,1
E87,W94,1
E87,W08,1
E87,X50,1
E87,Y79,1
E87,V48,1
E87,X08,1
E87,Y08,1
E87,W31,1
E87,V49,1
E87,W20,1
E87,V80,1
E87,V09,1
E87,V49,1
E87,W74,1
E87,W90,1
E87,W93,1
E87,W94,1
E87,X31,1
E87,X38,1
E87,Y00,1
E87,Y73,1
E87,Y99,1
E87,W19,1
E87,W19,1
E87,Y92,1
E88,W19,7
E88,X58,4
E88,Y95,2
E88,W19,2
E88,Y83,2
E88,Y92,2
E88,W05,2
E88,Y83,2
E88,W57,2
E88,W22,1
E88,W18,1
E88,W55,1
E88,X58,1
E88,W19,1
E89,Y83,15
E89,Y83,5
E89,Y84,4
E89,X58,4
E89,W19,3
E89,Y99,1
E89,X58,1
E89,W05,1
E89,V89,1
E89,W01,1
E89,W10,1
E89,W18,1
E89,W57,1
E89,X00,1
F01,W19,34
F01,W19,27
F01,X58,19
F01,W18,11
F01,Y92,8
F01,W01,5
F01,X58,5
F01,W01,3
F01,W18,3
F01,W07,2
F01,W22,2
F01,Y95,2
F01,Y04,2
F01,W22,2
F01,Y83,1
F01,Y90,1
F01,X83,1
F01,V87,1
F01,W07,1
F01,W17,1
F01,X31,1
F01,X94,1
F01,Y04,1
F01,Y07,1
F01,Y99,1
F01,W01,1
F02,W19,8
F02,V19,1
F02,V29,1
F02,V89,1
F02,W01,1
F02,W18,1
F02,X58,1
F03,W19,159
F03,W19,71
F03,W18,47
F03,X58,38
F03,W18,29
F03,W01,29
F03,W06,25
F03,X58,24
F03,Y92,17
F03,Y92,16
F03,W01,12
F03,W06,11
F03,W05,8
F03,W07,7
F03,Y83,6
F03,Y90,5
F03,W05,4
F03,Y93,3
F03,W22,3
F03,W07,3
F03,W00,3
F03,W10,3
F03,W22,3
F03,Y04,3
F03,Y84,3
F03,W00,2
F03,Y84,2
F03,Y93,2
F03,Y90,2
F03,X31,2
F03,W50,2
F03,W13,2
F03,W08,2
F03,V49,2
F03,W18,2
F03,X73,1
F03,W55,1
F03,W11,1
F03,Y04,1
F03,X31,1
F03,X50,1
F03,Y73,1
F03,Y07,1
F03,X95,1
F03,W10,1
F03,V43,1
F03,W17,1
F03,Y09,1
F03,V48,1
F03,V89,1
F03,W45,1
F03,Y07,1
F03,Y63,1
F03,Y80,1
F03,Y95,1
F03,W18,1
F03,W19,1
F04,Y92,1
F05,W19,7
F05,W19,6
F05,W01,5
F05,W18,2
F05,Y92,1
F05,V39,1
F05,W05,1
F05,V48,1
F05,W17,1
F05,W01,1
F05,Y90,1
F05,Y92,1
F06,X58,3
F06,W19,2
F06,W19,2
F06,V43,1
F06,X78,1
F06,X58,1
F06,W01,1
F06,X71,1
F06,W07,1
F06,V43,1
F06,V89,1
F06,W18,1
F06,Y35,1
F06,Y92,1
F07,W19,28
F07,W01,27
F07,W18,22
F07,W22,12
F07,W10,12
F07,W19,9
F07,W01,5
F07,W10,5
F07,V89,5
F07,W18,4
F07,Y04,4
F07,V49,4
F07,V43,3
F07,W00,3
F07,W07,3
F07,W20,3
F07,X58,3
F07,Y09,3
F07,Y92,2
F07,W22,2
F07,V87,2
F07,W17,2
F07,Y92,2
F07,W11,1
F07,V49,1
F07,W00,1
F07,W17,1
F07,V43,1
F07,V89,1
F07,V13,1
F07,V29,1
F07,V47,1
F07,V59,1
F07,V80,1
F07,V93,1
F07,V99,1
F07,W08,1
F07,W50,1
F07,Y00,1
F07,Y33,1
F07,Y93,1
F07,Y99,1
F09,W19,2
F09,X58,2
F09,Y90,1
F09,W06,1
F09,Y92,1
F09,W19,1
F09,V03,1
F09,Y90,1
F10,Y90,1858
F10,Y90,1125
F10,W19,205
F10,W18,125
F10,W19,104
F10,W01,86
F10,X58,73
F10,W18,45
F10,X58,41
F10,W01,22
F10,W10,22
F10,Y04,20
F10,Y92,15
F10,Y92,12
F10,Y09,11
F10,W06,9
F10,W10,9
F10,W07,9
F10,W06,8
F10,V49,8
F10,W22,8
F10,X78,8
F10,W05,8
F10,W17,7
F10,V43,7
F10,V48,6
F10,Y84,4
F10,Y83,4
F10,W57,4
F10,V89,4
F10,V47,4
F10,W22,3
F10,V89,3
F10,Y93,3
F10,Y95,3
F10,V00,3
F10,V18,3
F10,W57,3
F10,X50,3
F10,Y09,2
F10,W34,2
F10,W05,2
F10,X78,2
F10,X83,2
F10,W25,2
F10,W26,2
F10,W45,2
F10,W93,2
F10,X30,2
F10,X31,2
F10,Y93,2
F10,V03,2
F10,V87,2
F10,W08,2
F10,W25,1
F10,W17,1
F10,Y33,1
F10,W50,1
F10,W07,1
F10,Y37,1
F10,X99,1
F10,W64,1
F10,V78,1
F10,V03,1
F10,X10,1
F10,X31,1
F10,W08,1
F10,V49,1
F10,Y99,1
F10,Y08,1
F10,W45,1
F10,Y04,1
F10,V29,1
F10,V19,1
F10,V57,1
F10,V79,1
F10,W00,1
F10,W23,1
F10,W34,1
F10,W50,1
F10,W54,1
F10,X00,1
F10,X08,1
F10,X10,1
F10,X19,1
F10,X76,1
F10,Y00,1
F10,Y07,1
F10,Y08,1
F10,Y99,1
F11,Y90,22
F11,Y92,14
F11,X58,12
F11,Y92,9
F11,X58,7
F11,W19,5
F11,W18,5
F11,W19,5
F11,W10,3
F11,W18,3
F11,Y90,3
F11,Y04,2
F11,W01,2
F11,W01,2
F11,W57,2
F11,Y07,1
F11,W34,1
F11,Y83,1
F11,Y33,1
F11,X83,1
F11,Y01,1
F11,V89,1
F11,V49,1
F11,V43,1
F11,V49,1
F11,W21,1
F11,W26,1
F11,W50,1
F11,Y63,1
F11,Y83,1
F11,Y93,1
F12,W18,2
F12,Y90,2
F12,W57,1
F12,W18,1
F12,X11,1
F12,Y92,1
F12,Y90,1
F12,W22,1
F12,X58,1
F12,Y92,1
F13,Y92,12
F13,Y92,8
F13,W18,4
F13,X58,3
F13,Y90,2
F13,Y90,1
F13,W19,1
F13,V48,1
F13,W00,1
F13,W06,1
F13,W10,1
F13,W19,1
F13,X58,1
F13,Y83,1
F14,Y90,8
F14,W01,2
F14,X58,2
F14,X80,1
F14,X58,1
F14,Y90,1
F14,V89,1
F14,W05,1
F14,W18,1
F14,W45,1
F14,W46,1
F14,X08,1
F14,Y09,1
F14,Y92,1
F15,Y90,8
F15,Y90,6
F15,X58,6
F15,Y92,3
F15,W19,2
F15,X78,2
F15,X50,2
F15,Y07,2
F15,Y92,2
F15,W01,1
F15,X83,1
F15,X58,1
F15,Y93,1
F15,X30,1
F15,W01,1
F15,W10,1
F15,W22,1
F15,W26,1
F15,W60,1
F15,X78,1
F15,X79,1
F16,W10,1
F16,X58,1
F17,X58,4
F17,W19,2
F17,W57,2
F17,Y92,2
F17,W01,1
F17,W18,1
F17,W20,1
F17,W22,1
F17,W29,1
F17,X08,1
F17,Y90,1
F17,Y99,1
F18,V89,1
F19,Y90,15
F19,Y90,8
F19,X58,8
F19,Y92,6
F19,W19,5
F19,Y92,4
F19,Y04,4
F19,W18,3
F19,W19,2
F19,W45,2
F19,W06,1
F19,W05,1
F19,W22,1
F19,X83,1
F19,W10,1
F19,V89,1
F19,Y83,1
F19,V49,1
F19,V09,1
F19,V43,1
F19,W01,1
F19,W17,1
F19,W18,1
F19,W26,1
F19,Y08,1
F20,X58,43
F20,Y90,39
F20,Y92,30
F20,Y90,23
F20,X58,18
F20,W19,14
F20,W19,13
F20,W18,11
F20,Y04,10
F20,Y92,9
F20,X83,7
F20,W22,7
F20,Y04,7
F20,X78,5
F20,W01,5
F20,Y33,4
F20,W22,4
F20,X78,3
F20,Y09,3
F20,X19,2
F20,X31,2
F20,X08,2
F20,Y07,2
F20,Y09,2
F20,V49,2
F20,Y33,2
F20,Y35,2
F20,W45,2
F20,W25,2
F20,V89,2
F20,W50,2
F20,W01,2
F20,W10,2
F20,W18,2
F20,Y35,2
F20,X76,1
F20,X99,1
F20,W06,1
F20,W03,1
F20,W13,1
F20,X10,1
F20,Y73,1
F20,Y84,1
F20,V09,1
F20,V47,1
F20,V43,1
F20,W57,1
F20,V00,1
F20,W88,1
F20,X80,1
F20,W34,1
F20,Y00,1
F20,X81,1
F20,Y08,1
F20,V03,1
F20,Y83,1
F20,Y95,1
F20,V09,1
F20,V29,1
F20,V89,1
F20,W00,1
F20,W05,1
F20,W06,1
F20,W08,1
F20,W25,1
F20,X31,1
F20,X50,1
F20,X77,1
F20,X79,1
F20,X83,1
F20,X99,1
F20,Y00,1
F20,Y07,1
F20,Y28,1
F20,Y93,1
F20,W13,1
F21,W19,1
F22,Y90,6
F22,X58,5
F22,W19,4
F22,Y92,2
F22,W19,2
F22,W06,2
F22,W22,2
F22,Y09,2
F22,W01,1
F22,W07,1
F22,Y83,1
F22,V09,1
F22,X58,1
F22,W18,1
F22,W01,1
F22,W34,1
F22,W54,1
F22,X76,1
F22,Y04,1
F22,Y33,1
F23,X58,5
F23,Y92,4
F23,W19,4
F23,Y90,4
F23,W18,3
F23,X78,2
F23,Y90,2
F23,X78,1
F23,W22,1
F23,X79,1
F23,Y84,1
F23,W20,1
F23,V89,1
F23,W18,1
F23,W19,1
F23,W22,1
F23,W25,1
F23,W55,1
F23,X83,1
F23,Y09,1
F23,Y92,1
F25,Y90,86
F25,X58,67
F25,Y92,45
F25,W19,27
F25,Y04,24
F25,Y90,24
F25,X78,23
F25,W19,18
F25,X58,15
F25,W18,11
F25,W22,11
F25,X83,10
F25,X78,9
F25,X83,9
F25,W01,8
F25,Y92,6
F25,W18,6
F25,Y93,5
F25,X76,5
F25,X31,3
F25,W54,3
F25,W01,3
F25,W06,3
F25,Y83,2
F25,V89,2
F25,X08,2
F25,W05,2
F25,W06,2
F25,W34,2
F25,X50,2
F25,Y09,2
F25,Y84,2
F25,W26,2
F25,X81,2
F25,Y73,2
F25,Y04,2
F25,Y09,2
F25,Y93,2
F25,Y37,1
F25,W45,1
F25,W57,1
F25,X80,1
F25,X76,1
F25,W17,1
F25,Y07,1
F25,V03,1
F25,Y33,1
F25,Y63,1
F25,Y35,1
F25,W07,1
F25,V69,1
F25,X19,1
F25,X10,1
F25,W13,1
F25,V49,1
F25,W10,1
F25,W14,1
F25,W22,1
F25,W34,1
F25,W45,1
F25,W57,1
F25,Y08,1
F28,X78,2
F28,W19,1
F28,Y04,1
F28,W22,1
F28,Y93,1
F29,Y92,9
F29,X58,8
F29,Y90,6
F29,Y90,6
F29,X58,5
F29,W18,5
F29,W22,4
F29,X78,3
F29,Y84,2
F29,W01,2
F29,W19,2
F29,Y09,2
F29,W01,2
F29,X08,2
F29,X83,2
F29,V89,1
F29,W50,1
F29,W57,1
F29,W19,1
F29,X78,1
F29,X81,1
F29,X99,1
F29,Y04,1
F29,Y07,1
F29,Y92,1
F29,W19,1
F30,Y90,1
F30,Y99,1
F30,Y92,1
F30,V49,1
F30,V89,1
F30,W22,1
F30,W25,1
F30,Y04,1
F30,Y90,1
F30,Y93,1
F31,Y90,86
F31,Y92,56
F31,X58,54
F31,W19,41
F31,X78,32
F31,X58,30
F31,Y90,26
F31,W18,17
F31,X83,13
F31,W01,12
F31,W22,12
F31,W19,11
F31,Y04,10
F31,Y92,8
F31,W06,7
F31,X78,7
F31,X81,5
F31,V89,5
F31,X08,4
F31,V18,4
F31,Y84,4
F31,Y83,4
F31,V49,4
F31,W18,4
F31,Y09,3
F31,X79,3
F31,W22,3
F31,X83,3
F31,W00,2
F31,W26,2
F31,Y93,2
F31,W17,2
F31,W57,2
F31,Y08,2
F31,W20,2
F31,V49,2
F31,W00,2
F31,W01,2
F31,W06,2
F31,W45,2
F31,W57,2
F31,Y04,2
F31,Y07,2
F31,Y83,2
F31,W25,1
F31,Y99,1
F31,W34,1
F31,Y35,1
F31,X50,1
F31,Y27,1
F31,Y63,1
F31,V99,1
F31,Y37,1
F31,W10,1
F31,X76,1
F31,W23,1
F31,Y95,1
F31,V87,1
F31,X12,1
F31,Y07,1
F31,V98,1
F31,W55,1
F31,W50,1
F31,Y00,1
F31,V82,1
F31,W05,1
F31,W10,1
F31,W89,1
F31,X08,1
F31,X30,1
F31,X50,1
F31,X81,1
F31,Y09,1
F31,Y84,1
F31,Y93,1
F32,Y90,74
F32,Y90,40
F32,X78,27
F32,X58,26
F32,W19,25
F32,Y92,20
F32,X78,16
F32,X58,15
F32,Y92,15
F32,W19,13
F32,W18,11
F32,X83,11
F32,X83,10
F32,W01,5
F32,W10,4
F32,W01,3
F32,W06,3
F32,W22,3
F32,V89,3
F32,W18,3
F32,W22,3
F32,W57,3
F32,Y04,3
F32,V89,2
F32,Y04,2
F32,Y84,2
F32,Y83,2
F32,Y93,2
F32,V49,2
F32,W07,2
F32,X74,2
F32,Y07,2
F32,Y35,2
F32,Y36,2
F32,Y83,2
F32,X73,1
F32,V03,1
F32,W26,1
F32,W57,1
F32,X50,1
F32,Y63,1
F32,W34,1
F32,X74,1
F32,W88,1
F32,V48,1
F32,V87,1
F32,W40,1
F32,W23,1
F32,V43,1
F32,V87,1
F32,W00,1
F32,W05,1
F32,W25,1
F32,W26,1
F32,W45,1
F32,W55,1
F32,X08,1
F32,X31,1
F32,X32,1
F32,X77,1
F32,Y00,1
F32,Y08,1
F32,Y28,1
F32,Y84,1
F32,Y93,1
F32,Y99,1
F33,Y90,104
F33,Y92,50
F33,X78,45
F33,X58,41
F33,W19,30
F33,Y90,19
F33,X58,17
F33,W19,17
F33,W18,14
F33,X83,14
F33,W01,9
F33,W06,8
F33,Y84,7
F33,V49,6
F33,W01,5
F33,X78,5
F33,Y93,4
F33,W22,4
F33,V89,4
F33,Y83,3
F33,X08,3
F33,W57,3
F33,W18,3
F33,W54,3
F33,W57,3
F33,Y92,3
F33,X74,2
F33,Y09,2
F33,W55,2
F33,W22,2
F33,W34,2
F33,Y83,2
F33,V03,1
F33,Y95,1
F33,W26,1
F33,W13,1
F33,W10,1
F33,V00,1
F33,Y08,1
F33,V43,1
F33,W50,1
F33,W54,1
F33,W17,1
F33,Y99,1
F33,Y79,1
F33,W05,1
F33,W07,1
F33,X79,1
F33,Y04,1
F33,Y33,1
F33,V29,1
F33,Y73,1
F33,V49,1
F33,V89,1
F33,W05,1
F33,W10,1
F33,W26,1
F33,X83,1
F33,X99,1
F33,Y07,1
F33,Y93,1
F33,Y99,1
F34,Y90,4
F34,X58,3
F34,Y90,2
F34,Y92,1
F34,W19,1
F39,Y90,11
F39,Y90,8
F39,X58,3
F39,W19,2
F39,Y92,2
F39,X58,2
F39,X78,2
F39,W01,2
F39,X83,2
F39,Y09,2
F39,W07,1
F39,W18,1
F39,X50,1
F39,Y84,1
F39,Y35,1
F39,V03,1
F39,W11,1
F39,W22,1
F39,W45,1
F39,W57,1
F39,X78,1
F39,X83,1
F39,Y33,1
F41,X58,31
F41,Y90,31
F41,W19,30
F41,Y92,21
F41,W57,16
F41,W01,11
F41,Y92,6
F41,V89,5
F41,W22,5
F41,Y04,5
F41,Y93,5
F41,W18,4
F41,W10,4
F41,X78,4
F41,X58,3
F41,Y90,3
F41,V49,3
F41,W06,3
F41,W90,3
F41,Y09,3
F41,Y33,3
F41,W19,2
F41,X50,2
F41,X83,2
F41,Y07,2
F41,Y84,2
F41,Y99,2
F41,Y83,1
F41,X78,1
F41,W18,1
F41,V89,1
F41,X16,1
F41,V09,1
F41,V43,1
F41,V80,1
F41,V87,1
F41,V99,1
F41,W05,1
F41,W27,1
F41,W54,1
F41,X10,1
F41,X32,1
F41,Y28,1
F41,Y35,1
F41,Y83,1
F41,W18,1
F41,W19,1
F42,X58,3
F42,X83,1
F42,W01,1
F42,W19,1
F42,W51,1
F42,X32,1
F42,X58,1
F43,X58,26
F43,Y90,21
F43,X58,8
F43,Y90,8
F43,X78,7
F43,W19,7
F43,Y92,5
F43,Y92,5
F43,X78,4
F43,W57,4
F43,W22,4
F43,W19,3
F43,X83,3
F43,W26,2
F43,Y04,2
F43,Y36,2
F43,Y93,1
F43,W18,1
F43,X99,1
F43,Y36,1
F43,Y73,1
F43,Y04,1
F43,W34,1
F43,V49,1
F43,W01,1
F43,W10,1
F43,W17,1
F43,W34,1
F43,W54,1
F43,W55,1
F43,Y07,1
F43,Y09,1
F44,X58,4
F44,W19,3
F44,W01,3
F44,W18,3
F44,Y90,3
F44,V89,2
F44,X50,1
F44,W22,1
F44,Y92,1
F44,Y84,1
F44,Y83,1
F44,V43,1
F44,W19,1
F44,X30,1
F44,Y92,1
F45,W19,2
F45,X78,1
F45,W01,1
F45,X58,1
F45,Y92,1
F45,Y99,1
F48,V49,1
F48,X58,1
F50,W19,2
F50,W08,1
F50,X58,1
F50,Y90,1
F51,X58,3
F51,W19,1
F51,X95,1
F51,Y93,1
F59,Y93,1
F60,X78,7
F60,X58,5
F60,X58,4
F60,Y92,3
F60,W22,3
F60,Y90,2
F60,Y90,1
F60,X83,1
F60,Y83,1
F60,W01,1
F60,W19,1
F60,W01,1
F60,X78,1
F60,Y92,1
F63,X78,3
F63,X78,2
F63,Y04,2
F63,X83,1
F63,Y04,1
F63,W22,1
F63,Y90,1
F63,X58,1
F63,W01,1
F63,W06,1
F63,W45,1
F63,X58,1
F63,X83,1
F63,Y28,1
F63,Y35,1
F63,Y99,1
F68,Y71,1
F68,W18,1
F68,Y04,1
F69,W19,1
F69,X58,1
F69,Y92,1
F70,Y04,1
F70,W19,1
F71,W19,1
F72,X58,2
F72,W19,2
F72,W01,1
F73,V89,1
F73,W19,1
F79,W19,8
F79,X58,2
F79,W06,1
F79,W18,1
F79,Y07,1
F79,Y83,1
F80,W19,2
F80,W25,1
F80,X58,1
F81,Y07,1
F84,W22,4
F84,W10,2
F84,X83,2
F84,W06,1
F84,W45,1
F84,W57,1
F84,X58,1
F84,X78,1
F84,Y83,1
F88,W19,1
F89,W19,1
F90,V87,1
F90,W45,1
F90,X58,1
F90,Y09,1
F90,Y99,1
F91,W22,4
F91,W19,3
F91,Y92,2
F91,W18,2
F91,X78,2
F91,X83,2
F91,V49,1
F91,X58,1
F99,Y04,2
F99,V87,1
F99,W19,1
F99,X78,1
F99,Y90,1
G00,Y95,2
G00,W06,1
G00,Y92,1
G00,W19,1
G00,W01,1
G00,Y83,1
G00,Y84,1
G00,W18,1
G03,W18,2
G03,Y92,2
G03,X58,1
G03,Y84,1
G03,Y82,1
G03,Y84,1
G04,W18,4
G04,X58,3
G04,Y84,3
G04,X58,2
G04,Y83,1
G04,Y74,1
G04,W19,1
G04,Y90,1
G04,V19,1
G04,W19,1
G06,Y84,5
G06,Y92,5
G06,W19,5
G06,Y83,4
G06,Y95,3
G06,X58,3
G06,W01,2
G06,W07,2
G06,W06,1
G06,Y82,1
G06,W00,1
G06,X58,1
G06,V49,1
G06,Y93,1
G06,X74,1
G06,V29,1
G06,W18,1
G06,W10,1
G06,Y73,1
G06,Y90,1
G06,V00,1
G06,W19,1
G08,W06,1
G08,X58,1
G10,W19,3
G10,X58,1
G10,W06,1
G10,W01,1
G10,W07,1
G10,W19,1
G10,Y33,1
G10,W18,1
G11,W19,2
G11,X58,1
G11,W18,1
G11,W19,1
G12,W19,3
G12,W19,2
G12,W19,1
G12,Y83,1
G12,W01,1
G12,W18,1
G12,Y84,1
G12,V18,1
G12,W01,1
G12,W06,1
G12,Y92,1
G14,Y84,1
G14,W19,1
G14,Y92,1
G20,W19,85
G20,W19,70
G20,W18,43
G20,Y92,18
G20,X58,18
G20,W18,15
G20,W01,13
G20,W01,13
G20,X58,9
G20,W06,7
G20,W10,5
G20,Y83,5
G20,Y83,4
G20,W10,4
G20,Y84,4
G20,W06,4
G20,W07,4
G20,Y95,3
G20,Y99,3
G20,W19,3
G20,Y93,2
G20,W05,2
G20,Y92,2
G20,W22,2
G20,W01,2
G20,V89,1
G20,W22,1
G20,W23,1
G20,W08,1
G20,W17,1
G20,W05,1
G20,V89,1
G20,W17,1
G20,W57,1
G20,Y75,1
G20,Y93,1
G20,W19,1
G20,W05,1
G20,W07,1
G20,W19,1
G20,W01,1
G21,Y92,6
G21,Y84,1
G21,W19,1
G21,W18,1
G21,Y83,1
G21,W07,1
G21,W19,1
G23,W19,3
G23,W19,2
G23,X58,2
G23,Y04,1
G23,W18,1
G23,W01,1
G23,W05,1
G23,W18,1
G24,Y92,11
G24,X58,5
G24,Y92,3
G24,W31,2
G24,W19,2
G24,W01,2
G24,W19,2
G24,X58,1
G24,V49,1
G24,W34,1
G24,W54,1
G24,Y69,1
G24,Y93,1
G24,Y99,1
G25,W19,21
G25,Y92,17
G25,Y92,13
G25,W19,8
G25,X58,7
G25,W18,5
G25,Y83,4
G25,X58,3
G25,W18,3
G25,W01,3
G25,Y84,1
G25,Y90,1
G25,Y33,1
G25,W08,1
G25,V89,1
G25,W57,1
G25,X08,1
G25,Y83,1
G25,Y90,1
G30,W19,61
G30,W19,58
G30,W18,32
G30,X58,29
G30,Y92,20
G30,X58,15
G30,W18,11
G30,W19,10
G30,W06,9
G30,W06,9
G30,W22,7
G30,Y92,7
G30,W01,7
G30,Y83,6
G30,W01,5
G30,Y84,3
G30,X58,3
G30,W05,2
G30,W20,2
G30,Y90,2
G30,W13,2
G30,Y90,2
G30,W57,2
G30,Y99,1
G30,V47,1
G30,W57,1
G30,X78,1
G30,W07,1
G30,Y82,1
G30,Y35,1
G30,W50,1
G30,W55,1
G30,X32,1
G30,X31,1
G30,X83,1
G30,V43,1
G30,V89,1
G30,W05,1
G30,W07,1
G30,W08,1
G30,W20,1
G30,W34,1
G30,W51,1
G30,X31,1
G30,Y04,1
G30,Y84,1
G30,Y93,1
G30,Y99,1
G30,W19,1
G30,W18,1
G30,W01,1
G30,W18,1
G30,Y83,1
G31,W19,31
G31,W19,22
G31,X58,15
G31,Y90,10
G31,W18,7
G31,X58,6
G31,W18,6
G31,W01,5
G31,W01,4
G31,W06,4
G31,W22,4
G31,W19,4
G31,W57,3
G31,Y95,2
G31,W06,2
G31,Y92,2
G31,Y90,2
G31,Y84,1
G31,Y83,1
G31,Y93,1
G31,W05,1
G31,Y73,1
G31,W10,1
G31,V49,1
G31,V89,1
G31,W07,1
G31,W26,1
G31,X31,1
G31,Y84,1
G31,Y92,1
G31,Y93,1
G31,W18,1
G31,W19,1
G35,W19,22
G35,X58,12
G35,Y92,11
G35,W19,9
G35,W18,7
G35,W06,5
G35,X58,5
G35,W18,5
G35,W01,4
G35,Y95,3
G35,W10,2
G35,Y84,2
G35,W10,2
G35,W01,2
G35,Y73,1
G35,W07,1
G35,W57,1
G35,W05,1
G35,Y84,1
G35,X50,1
G35,V89,1
G35,W06,1
G35,W07,1
G35,W11,1
G35,W22,1
G35,W57,1
G35,Y65,1
G35,Y92,1
G35,Y99,1
G35,V00,1
G36,Y92,1
G37,W19,3
G37,Y92,2
G37,X58,2
G37,X16,1
G37,Y33,1
G37,Y95,1
G37,Y83,1
G37,X58,1
G37,W19,1
G40,W19,140
G40,W19,125
G40,W18,121
G40,X58,119
G40,Y92,89
G40,X58,69
G40,W18,61
G40,Y90,35
G40,Y90,33
G40,Y92,31
G40,W01,25
G40,Y84,24
G40,W06,22
G40,W01,22
G40,Y83,20
G40,W22,16
G40,W06,15
G40,W07,14
G40,Y95,13
G40,W10,10
G40,W07,9
G40,W10,9
G40,Y93,8
G40,V89,6
G40,V89,6
G40,W05,5
G40,W17,5
G40,Y99,5
G40,W05,4
G40,Y82,4
G40,V49,4
G40,W17,4
G40,Y33,3
G40,Y99,3
G40,W34,3
G40,Y83,3
G40,Y04,3
G40,Y93,2
G40,Y63,2
G40,Y71,2
G40,X83,2
G40,V29,2
G40,W57,2
G40,W88,2
G40,Y95,2
G40,Y84,2
G40,W57,2
G40,W55,2
G40,W08,2
G40,V48,2
G40,Y09,1
G40,W04,1
G40,V99,1
G40,W11,1
G40,Y73,1
G40,Y24,1
G40,V19,1
G40,X16,1
G40,V86,1
G40,W49,1
G40,W45,1
G40,W13,1
G40,V47,1
G40,X19,1
G40,V03,1
G40,V18,1
G40,V19,1
G40,V40,1
G40,V43,1
G40,V49,1
G40,V87,1
G40,W00,1
G40,W13,1
G40,W16,1
G40,W20,1
G40,W23,1
G40,W25,1
G40,W26,1
G40,W34,1
G40,W45,1
G40,W50,1
G40,W64,1
G40,X95,1
G40,Y08,1
G40,Y09,1
G40,Y24,1
G40,Y33,1
G40,Y63,1
G43,X58,24
G43,W19,15
G43,W01,9
G43,W22,6
G43,Y92,6
G43,V89,5
G43,W18,5
G43,W57,5
G43,W19,4
G43,W18,3
G43,Y92,3
G43,V49,3
G43,Y83,2
G43,X58,2
G43,Y04,2
G43,W10,2
G43,W00,1
G43,W45,1
G43,Y71,1
G43,V49,1
G43,W01,1
G43,Y84,1
G43,V89,1
G43,V48,1
G43,V87,1
G43,W17,1
G43,W55,1
G43,X30,1
G43,X50,1
G43,Y83,1
G43,Y90,1
G43,Y93,1
G44,W19,56
G44,W18,30
G44,W01,24
G44,X58,23
G44,V49,13
G44,W22,12
G44,W10,12
G44,V89,9
G44,Y92,7
G44,W00,6
G44,V43,5
G44,Y04,5
G44,Y92,4
G44,W06,4
G44,W57,4
G44,Y09,4
G44,W17,3
G44,W07,3
G44,W19,2
G44,Y84,2
G44,Y00,2
G44,W34,2
G44,W05,2
G44,V87,2
G44,Y84,1
G44,W18,1
G44,W17,1
G44,V03,1
G44,V18,1
G44,V44,1
G44,V47,1
G44,V57,1
G44,V59,1
G44,V99,1
G44,W11,1
G44,W15,1
G44,W20,1
G44,W50,1
G44,X08,1
G44,Y08,1
G44,Y83,1
G45,W19,56
G45,W19,47
G45,W18,43
G45,W18,29
G45,Y92,27
G45,W01,18
G45,X58,16
G45,X58,16
G45,Y90,9
G45,Y90,8
G45,W06,8
G45,Y83,8
G45,W01,8
G45,Y92,7
G45,Y84,6
G45,W06,6
G45,Y84,5
G45,Y93,3
G45,V89,3
G45,Y95,3
G45,W07,3
G45,Y93,3
G45,W57,2
G45,X50,2
G45,W22,2
G45,V89,2
G45,V49,2
G45,V43,2
G45,V29,2
G45,Y82,1
G45,Y73,1
G45,X30,1
G45,Y71,1
G45,W22,1
G45,W03,1
G45,W10,1
G45,W05,1
G45,Y33,1
G45,W23,1
G45,V47,1
G45,X19,1
G45,Y79,1
G45,V47,1
G45,W00,1
G45,W11,1
G45,W17,1
G45,W54,1
G45,W57,1
G45,X10,1
G45,X16,1
G45,Y73,1
G45,Y83,1
G45,W19,1
G45,Y80,1
G46,W19,2
G47,X58,24
G47,W19,20
G47,Y82,7
G47,Y92,6
G47,W57,3
G47,W10,3
G47,V89,3
G47,Y92,2
G47,W06,2
G47,Y90,2
G47,Y07,2
G47,W54,2
G47,W23,2
G47,W18,2
G47,W01,2
G47,Y84,1
G47,Y83,1
G47,W18,1
G47,V49,1
G47,W06,1
G47,W07,1
G47,W13,1
G47,W17,1
G47,W45,1
G47,W55,1
G47,Y79,1
G47,Y83,1
G47,Y84,1
G47,Y93,1
G47,Y99,1
G50,W19,6
G50,W18,3
G50,W01,3
G50,Y92,2
G50,X58,2
G50,V89,1
G50,W19,1
G50,Y95,1
G50,V49,1
G50,W05,1
G50,W06,1
G50,W22,1
G50,W57,1
G50,Y84,1
G50,Y92,1
G50,Y93,1
G51,X58,5
G51,Y92,2
G51,W18,2
G51,Y83,1
G51,W34,1
G51,W50,1
G51,W54,1
G51,W57,1
G51,X50,1
G51,Y83,1
G51,Y92,1
G52,W18,1
G52,W06,1
G52,W19,1
G54,X58,5
G54,Y84,3
G54,W18,2
G54,W19,2
G54,X58,1
G54,W06,1
G54,V29,1
G54,Y82,1
G54,Y84,1
G54,V09,1
G54,V89,1
G54,W57,1
G54,W88,1
G54,Y93,1
G54,W19,1
G56,X58,30
G56,X50,6
G56,W22,5
G56,Y83,4
G56,Y90,3
G56,W19,3
G56,W19,2
G56,Y92,2
G56,Y99,2
G56,Y82,2
G56,Y79,2
G56,W01,2
G56,V89,2
G56,W18,1
G56,Y83,1
G56,W11,1
G56,X58,1
G56,V86,1
G56,W00,1
G56,W08,1
G56,W20,1
G56,W23,1
G56,W31,1
G56,W45,1
G56,W54,1
G56,W88,1
G56,X95,1
G56,Y33,1
G56,Y84,1
G56,Y92,1
G57,X58,10
G57,W19,3
G57,W19,2
G57,Y93,2
G57,W18,2
G57,W34,1
G57,Y93,1
G57,X80,1
G57,Y92,1
G57,V89,1
G57,W14,1
G57,X31,1
G57,Y24,1
G57,Y83,1
G57,Y90,1
G57,Y99,1
G58,X58,4
G58,Y83,2
G58,W18,2
G58,Y83,1
G58,W06,1
G58,W19,1
G58,V89,1
G58,V89,1
G58,W06,1
G58,Y84,1
G60,X58,9
G60,W19,5
G60,W19,5
G60,W18,2
G60,Y83,2
G60,Y93,1
G60,Y92,1
G60,W05,1
G60,W18,1
G60,W22,1
G60,W54,1
G60,X10,1
G61,Y83,6
G61,X58,5
G61,Y84,4
G61,Y95,4
G61,W19,4
G61,Y92,3
G61,X58,2
G61,Y83,2
G61,W19,2
G61,X50,1
G61,W06,1
G61,Y82,1
G61,W01,1
G61,W18,1
G62,W19,45
G62,X58,18
G62,W19,8
G62,Y92,7
G62,Y92,7
G62,Y90,4
G62,W18,4
G62,V89,4
G62,W01,4
G62,W18,4
G62,Y84,4
G62,X58,3
G62,W22,3
G62,W01,2
G62,Y84,2
G62,Y90,2
G62,Y83,2
G62,Y36,1
G62,Y75,1
G62,W07,1
G62,W90,1
G62,Y63,1
G62,W10,1
G62,W05,1
G62,Y83,1
G62,W99,1
G62,V49,1
G62,W06,1
G62,W10,1
G62,W17,1
G62,W23,1
G62,W57,1
G62,X08,1
G62,Y04,1
G62,Y33,1
G62,W19,1
G64,W19,1
G70,Y92,12
G70,W18,4
G70,W19,4
G70,Y83,4
G70,Y83,3
G70,X58,3
G70,W06,2
G70,Y84,2
G70,X58,2
G70,Y81,1
G70,W01,1
G70,Y95,1
G70,W06,1
G70,W18,1
G70,W19,1
G70,W22,1
G70,W57,1
G70,Y95,1
G71,W19,3
G71,W19,3
G71,Y90,1
G71,W18,1
G71,Y92,1
G71,V89,1
G71,X58,1
G72,W19,37
G72,X58,21
G72,Y92,14
G72,Y83,13
G72,W18,10
G72,Y95,7
G72,V49,7
G72,Y84,5
G72,W19,5
G72,W01,4
G72,Y92,4
G72,Y90,3
G72,W07,3
G72,W10,3
G72,W01,2
G72,W19,2
G72,X58,2
G72,X74,1
G72,V49,1
G72,Y82,1
G72,X50,1
G72,V23,1
G72,W22,1
G72,X16,1
G72,V97,1
G72,Y99,1
G72,Y79,1
G72,Y93,1
G72,W08,1
G72,Y63,1
G72,V87,1
G72,X58,1
G72,Y81,1
G72,Y84,1
G72,Y83,1
G80,X58,6
G80,W19,3
G80,W10,3
G80,W18,2
G80,Y92,1
G80,W06,1
G80,V00,1
G80,W50,1
G80,X83,1
G80,V89,1
G80,W06,1
G80,Y73,1
G80,X58,1
G81,W19,15
G81,X58,10
G81,W19,8
G81,W18,4
G81,V89,4
G81,Y84,3
G81,Y83,3
G81,Y93,2
G81,V49,2
G81,W10,1
G81,X58,1
G81,Y92,1
G81,V43,1
G81,Y90,1
G81,X10,1
G81,W06,1
G81,V09,1
G81,W13,1
G81,W34,1
G81,X95,1
G81,Y09,1
G81,Y92,1
G81,W06,1
G82,X58,62
G82,V89,33
G82,W19,13
G82,W34,12
G82,V49,8
G82,W19,6
G82,X95,6
G82,Y83,4
G82,W18,4
G82,X58,4
G82,V29,4
G82,W05,4
G82,Y84,3
G82,W10,3
G82,V89,3
G82,V89,2
G82,W00,2
G82,W22,2
G82,W18,2
G82,V86,2
G82,V09,2
G82,V04,1
G82,V49,1
G82,V00,1
G82,W06,1
G82,V59,1
G82,V03,1
G82,W10,1
G82,Y95,1
G82,W34,1
G82,Y92,1
G82,X10,1
G82,X50,1
G82,W20,1
G82,V00,1
G82,V18,1
G82,W00,1
G82,W01,1
G82,W11,1
G82,W17,1
G82,X08,1
G82,Y24,1
G82,Y83,1
G82,Y84,1
G82,Y93,1
G82,Y09,1
G82,W17,1
G83,W19,6
G83,W18,4
G83,W19,4
G83,Y92,3
G83,Y83,3
G83,X58,2
G83,W18,2
G83,W01,2
G83,V48,2
G83,W10,1
G83,Y90,1
G83,W01,1
G83,W20,1
G83,Y83,1
G89,W19,161
G89,X58,161
G89,W01,103
G89,Y83,90
G89,W18,88
G89,V89,34
G89,X50,31
G89,Y92,28
G89,Y84,22
G89,W10,21
G89,Y92,20
G89,W18,19
G89,Y83,18
G89,W06,16
G89,W19,15
G89,W17,13
G89,V49,13
G89,W00,11
G89,W34,11
G89,W01,9
G89,W07,9
G89,Y84,8
G89,Y90,8
G89,W05,8
G89,V43,7
G89,W11,7
G89,W22,7
G89,Y04,7
G89,Y93,7
G89,W10,6
G89,W57,6
G89,X58,5
G89,V29,5
G89,Y75,5
G89,Y99,5
G89,W11,4
G89,W55,4
G89,Y33,4
G89,V43,3
G89,W06,3
G89,Y79,3
G89,W29,3
G89,W23,3
G89,W22,2
G89,W05,2
G89,Y95,2
G89,Y82,2
G89,Y08,2
G89,X16,2
G89,W54,2
G89,W50,2
G89,W20,2
G89,V48,2
G89,V47,2
G89,V09,2
G89,W01,2
G89,V09,1
G89,Y90,1
G89,V00,1
G89,W03,1
G89,Y08,1
G89,V47,1
G89,Y82,1
G89,Y73,1
G89,W90,1
G89,Y99,1
G89,V89,1
G89,Y33,1
G89,V29,1
G89,V49,1
G89,W07,1
G89,W17,1
G89,X80,1
G89,V03,1
G89,V13,1
G89,V19,1
G89,V28,1
G89,V59,1
G89,V84,1
G89,V99,1
G89,W13,1
G89,W16,1
G89,W26,1
G89,W31,1
G89,W33,1
G89,W64,1
G89,W86,1
G89,X08,1
G89,X12,1
G89,Y09,1
G89,Y24,1
G89,Y65,1
G89,Y71,1
G89,Y73,1
G89,W19,1
G89,W18,1
G89,V89,1
G89,W18,1
G89,Y92,1
G90,W18,27
G90,W19,20
G90,X58,7
G90,X58,7
G90,Y92,5
G90,Y83,4
G90,W01,4
G90,Y83,4
G90,W19,3
G90,Y82,2
G90,V89,1
G90,W07,1
G90,Y93,1
G90,W05,1
G90,V18,1
G90,V95,1
G90,Y79,1
G90,V00,1
G90,V47,1
G90,W22,1
G90,Y84,1
G90,W74,1
G90,W01,1
G90,W07,1
G90,W18,1
G90,W34,1
G90,W55,1
G91,W19,24
G91,W18,14
G91,W19,9
G91,X58,9
G91,Y83,8
G91,W01,7
G91,W18,5
G91,W01,4
G91,Y92,3
G91,Y75,3
G91,W22,3
G91,Y82,2
G91,W06,2
G91,W05,1
G91,X31,1
G91,W07,1
G91,Y90,1
G91,Y84,1
G91,V49,1
G91,W06,1
G91,Y95,1
G91,X58,1
G91,V42,1
G91,V89,1
G91,W05,1
G91,W10,1
G91,Y92,1
G91,W19,1
G92,Y92,218
G92,W19,83
G92,Y92,39
G92,W18,34
G92,X58,32
G92,Y83,20
G92,Y84,17
G92,W19,17
G92,W06,14
G92,W01,13
G92,Y95,12
G92,W18,9
G92,Y90,8
G92,W05,4
G92,Y90,4
G92,X58,4
G92,W06,4
G92,W01,4
G92,W10,3
G92,Y71,3
G92,V89,3
G92,W07,3
G92,Y73,2
G92,W10,2
G92,Y36,1
G92,Y35,1
G92,X50,1
G92,W22,1
G92,W88,1
G92,Y81,1
G92,W11,1
G92,V86,1
G92,X31,1
G92,Y99,1
G92,V47,1
G92,V47,1
G92,W05,1
G92,W22,1
G92,W45,1
G92,X08,1
G92,X31,1
G92,Y35,1
G92,Y83,1
G92,Y84,1
G93,W19,139
G93,W18,89
G93,W19,75
G93,Y92,65
G93,X58,49
G93,Y83,31
G93,W06,31
G93,W18,29
G93,Y95,28
G93,W01,28
G93,Y84,27
G93,X58,25
G93,Y90,13
G93,W01,13
G93,Y92,12
G93,Y84,8
G93,Y90,8
G93,W06,7
G93,W10,6
G93,Y99,5
G93,V89,5
G93,Y93,5
G93,W13,5
G93,Y83,5
G93,W07,4
G93,W10,4
G93,V89,4
G93,W19,4
G93,Y71,3
G93,W05,3
G93,V43,3
G93,Y93,3
G93,W17,2
G93,V47,2
G93,W11,2
G93,Y73,2
G93,V49,2
G93,W08,2
G93,V47,2
G93,Y04,2
G93,W19,2
G93,Y04,1
G93,Y24,1
G93,X31,1
G93,V00,1
G93,X08,1
G93,X50,1
G93,Y82,1
G93,Y07,1
G93,V68,1
G93,Y09,1
G93,Y65,1
G93,Y33,1
G93,X83,1
G93,V09,1
G93,Y79,1
G93,W57,1
G93,W55,1
G93,W12,1
G93,V48,1
G93,Y75,1
G93,V49,1
G93,W05,1
G93,W11,1
G93,W88,1
G93,X08,1
G93,Y33,1
G93,Y81,1
G93,W19,1
G93,W18,1
G93,X31,1
G93,Y83,1
G95,Y83,6
G95,W18,6
G95,X58,6
G95,W19,6
G95,X58,5
G95,W19,4
G95,V89,2
G95,W01,2
G95,Y92,2
G95,W06,2
G95,Y95,1
G95,Y84,1
G95,W17,1
G95,V89,1
G95,W01,1
G95,W18,1
G95,Y83,1
G96,Y83,8
G96,X58,5
G96,W19,3
G96,Y84,3
G96,Y92,1
G96,W01,1
G96,W18,1
G96,V89,1
G96,W19,1
G96,Y83,1
G96,Y84,1
G97,Y83,98
G97,Y84,20
G97,Y84,14
G97,Y83,14
G97,Y92,2
G97,W18,1
G97,V09,1
G97,Y75,1
G97,Y73,1
G97,Y95,1
G97,Y69,1
G97,W19,1
G97,X58,1
G97,W18,1
G97,Y65,1
G97,Y69,1
G97,Y83,1
G98,W01,1
H00,X58,4
H00,W23,2
H00,W57,2
H00,V43,1
H00,W08,1
H00,W19,1
H00,W22,1
H00,W54,1
H00,Y82,1
H01,X58,2
H01,W57,1
H01,Y92,1
H02,X58,7
H02,Y83,7
H02,W55,2
H02,V86,1
H02,W18,1
H02,W57,1
H02,Y81,1
H02,Y90,1
H02,Y92,1
H04,W10,1
H05,W01,5
H05,W19,3
H05,W06,2
H05,W18,2
H05,X58,2
H05,W18,1
H05,Y08,1
H05,Y92,1
H05,Y84,1
H05,W05,1
H05,W10,1
H05,W57,1
H05,X83,1
H05,Y04,1
H05,Y99,1
H10,X58,34
H10,W22,5
H10,Y92,4
H10,W18,4
H10,W19,2
H10,Y04,2
H10,W19,1
H10,Y84,1
H10,X58,1
H10,V88,1
H10,W01,1
H10,W45,1
H10,W54,1
H10,X50,1
H10,Y93,1
H11,X58,25
H11,W22,22
H11,W06,7
H11,Y04,7
H11,W01,5
H11,W18,5
H11,W19,5
H11,W20,5
H11,W54,2
H11,X50,2
H11,Y92,2
H11,Y93,2
H11,Y83,1
H11,W01,1
H11,Y92,1
H11,V53,1
H11,W45,1
H11,Y09,1
H11,Y83,1
H11,Y99,1
H16,W89,13
H16,X58,10
H16,Y92,3
H16,W19,1
H16,W01,1
H16,Y92,1
H16,Y71,1
H16,X58,1
H16,W31,1
H16,W60,1
H16,W88,1
H16,X08,1
H16,Y84,1
H17,Y83,2
H18,X58,7
H18,Y83,5
H18,W20,1
H18,W22,1
H18,Y77,1
H18,Y92,1
H20,Y04,5
H20,W22,4
H20,X58,3
H20,W01,1
H20,W06,1
H20,W20,1
H20,Y09,1
H21,W19,2
H21,W05,1
H21,W18,1
H21,W21,1
H21,W22,1
H21,Y77,1
H21,Y83,1
H25,Y83,20
H25,Y92,7
H25,X58,6
H25,Y84,3
H25,V89,3
H25,W19,2
H25,W17,1
H25,W18,1
H25,Y07,1
H25,Y65,1
H25,Y79,1
H26,X58,11
H26,Y83,2
H26,W21,1
H26,W22,1
H26,W38,1
H26,Y65,1
H26,Y84,1
H26,Y93,1
H27,Y83,2
H27,Y83,1
H27,W19,1
H27,Y09,1
H27,Y84,1
H30,W46,1
H31,W20,1
H31,Y83,1
H31,Y84,1
H33,Y83,5
H33,W06,1
H33,W19,1
H33,Y84,1
H34,X58,3
H34,Y84,1
H34,Y93,1
H35,X58,6
H35,W19,5
H35,Y83,5
H35,Y84,3
H35,V89,1
H35,W18,1
H35,W57,1
H40,X58,12
H40,Y83,10
H40,Y77,5
H40,Y84,3
H40,W19,3
H40,W01,2
H40,V89,2
H40,Y99,2
H40,Y92,2
H40,X58,1
H40,W18,1
H40,W26,1
H40,W34,1
H40,Y93,1
H43,X58,4
H43,Y83,4
H43,Y04,2
H43,Y83,1
H43,W18,1
H43,V89,1
H43,W06,1
H43,W18,1
H43,W19,1
H43,W34,1
H43,W99,1
H43,Y82,1
H43,Y84,1
H44,X58,5
H44,Y84,2
H44,Y83,1
H44,X58,1
H44,W19,1
H44,V49,1
H44,W18,1
H44,W19,1
H44,W22,1
H46,X58,2
H46,Y84,2
H47,X58,2
H49,X58,3
H49,X58,1
H49,Y90,1
H49,W01,1
H49,W10,1
H50,V49,1
H50,X58,1
H51,X58,2
H53,W19,16
H53,X58,11
H53,V89,9
H53,Y92,4
H53,W10,4
H53,W01,4
H53,W06,3
H53,W18,3
H53,Y93,3
H53,W19,2
H53,Y92,2
H53,Y90,2
H53,W22,2
H53,W18,1
H53,Y84,1
H53,V43,1
H53,V48,1
H53,V49,1
H53,V80,1
H53,W05,1
H53,W13,1
H53,W17,1
H53,W21,1
H53,W57,1
H53,X32,1
H53,Y00,1
H53,Y04,1
H53,Y09,1
H53,Y83,1
H54,W19,4
H54,V86,1
H54,V89,1
H54,W18,1
H54,X58,1
H54,X99,1
H54,Y77,1
H54,Y83,1
H55,W18,1
H55,W18,1
H55,Y93,1
H57,X58,22
H57,W19,7
H57,W22,5
H57,Y04,4
H57,W01,3
H57,W18,2
H57,Y93,2
H57,W89,2
H57,V49,2
H57,W20,2
H57,W10,1
H57,V69,1
H57,W05,1
H57,W06,1
H57,W25,1
H57,W54,1
H57,W57,1
H57,W99,1
H57,Y64,1
H57,Y99,1
H59,Y83,28
H59,Y84,15
H59,Y83,2
H59,Y84,1
H59,Y65,1
H59,Y69,1
H59,Y77,1
H59,Y92,1
H60,X58,11
H60,W57,7
H60,Y84,3
H60,Y84,2
H60,W19,2
H60,W22,2
H60,W57,1
H60,X58,1
H60,W18,1
H60,W22,1
H60,Y99,1
H60,W10,1
H60,W20,1
H60,W26,1
H60,W45,1
H60,W55,1
H60,X15,1
H60,X50,1
H60,Y92,1
H60,Y93,1
H61,X58,11
H61,W19,5
H61,W57,3
H61,W06,2
H61,W01,2
H61,W00,2
H61,V89,1
H61,W07,1
H61,W08,1
H61,W18,1
H61,W22,1
H61,W42,1
H61,W54,1
H61,W55,1
H61,W90,1
H61,X32,1
H61,Y04,1
H61,Y84,1
H61,Y92,1
H61,Y93,1
H61,Y99,1
H65,X58,4
H65,W19,1
H65,W25,1
H65,W57,1
H66,X58,8
H66,W18,2
H66,W01,2
H66,V47,1
H66,X58,1
H66,W22,1
H66,W26,1
H66,W27,1
H66,W45,1
H66,Y04,1
H66,Y82,1
H66,Y92,1
H67,W55,1
H69,X58,2
H69,Y92,1
H69,Y99,1
H70,W19,3
H70,Y92,1
H70,W19,1
H70,Y65,1
H70,V89,1
H70,W06,1
H70,W18,1
H70,X58,1
H71,Y84,1
H72,X58,3
H72,Y04,2
H72,W01,1
H72,W10,1
H72,Y84,1
H74,W06,1
H81,W19,31
H81,W18,22
H81,W19,20
H81,X58,18
H81,W01,12
H81,W01,10
H81,W18,10
H81,Y92,7
H81,V49,5
H81,Y83,4
H81,W06,3
H81,W07,3
H81,W22,3
H81,Y92,3
H81,W17,2
H81,W10,2
H81,V89,2
H81,Y93,2
H81,W57,2
H81,Y93,1
H81,Y84,1
H81,Y90,1
H81,W07,1
H81,X32,1
H81,X58,1
H81,W10,1
H81,Y99,1
H81,W57,1
H81,V10,1
H81,V22,1
H81,W08,1
H81,W11,1
H81,W23,1
H81,X50,1
H81,Y33,1
H81,Y83,1
H81,X58,1
H83,Y92,2
H83,W19,2
H83,W01,1
H83,W06,1
H83,X58,1
H83,Y92,1
H90,X58,7
H90,W19,6
H90,X58,1
H90,V46,1
H90,V82,1
H90,V89,1
H90,W01,1
H90,W10,1
H90,W22,1
H90,W42,1
H90,W57,1
H90,Y83,1
H90,Y93,1
H91,W19,6
H91,X58,2
H91,W57,2
H91,V41,1
H91,V59,1
H91,V89,1
H92,X58,12
H92,Y92,5
H92,W01,3
H92,W19,3
H92,Y99,2
H92,W10,1
H92,W22,1
H92,W57,1
H92,Y04,1
H92,Y93,1
H93,X58,7
H93,W19,4
H93,W57,3
H93,V49,2
H93,X58,1
H93,W01,1
H95,Y83,5
H95,Y84,5
I01,Y82,1
I05,Y83,11
I05,Y83,3
I05,Y92,2
I05,W19,1
I05,W18,1
I05,W57,1
I06,Y83,2
I06,X58,1
I07,Y83,2
I07,W07,1
I07,W17,1
I07,X58,1
I08,Y83,67
I08,Y84,13
I08,Y92,9
I08,X58,7
I08,Y95,7
I08,Y83,7
I08,W19,5
I08,W18,4
I08,Y71,3
I08,W19,3
I08,X58,3
I08,Y92,2
I08,W22,1
I08,Y65,1
I08,W55,1
I08,Y82,1
I08,Y93,1
I08,Y71,1
I08,Y84,1
I08,Y93,1
I09,Y95,1
I10,W19,334
I10,X58,222
I10,W57,113
I10,W18,70
I10,W01,55
I10,Y92,28
I10,V89,22
I10,W10,19
I10,W22,16
I10,X32,15
I10,X50,13
I10,Y90,13
I10,W06,12
I10,Y83,11
I10,V49,9
I10,Y93,8
I10,W55,8
I10,W54,7
I10,V43,6
I10,W00,6
I10,W07,6
I10,W20,6
I10,Y92,5
I10,W18,4
I10,Y99,4
I10,Y95,4
I10,W08,4
I10,W19,3
I10,V00,3
I10,V59,3
I10,W05,3
I10,Y33,3
I10,W01,2
I10,V29,2
I10,V87,2
I10,W17,2
I10,W26,2
I10,W31,2
I10,W45,2
I10,W64,2
I10,Y64,2
I10,Y74,2
I10,Y84,2
I10,Y73,1
I10,V49,1
I10,W22,1
I10,Y84,1
I10,X50,1
I10,Y83,1
I10,Y90,1
I10,V02,1
I10,V09,1
I10,V28,1
I10,V40,1
I10,V47,1
I10,V99,1
I10,W11,1
I10,W13,1
I10,W21,1
I10,W23,1
I10,W25,1
I10,W28,1
I10,W34,1
I10,W40,1
I10,W46,1
I10,W88,1
I10,W89,1
I10,W94,1
I10,X08,1
I10,X12,1
I10,X16,1
I10,X30,1
I10,X31,1
I10,X97,1
I10,Y04,1
I10,Y63,1
I10,Y63,1
I11,Y92,186
I11,W19,144
I11,Y95,101
I11,X58,99
I11,W18,94
I11,Y83,86
I11,Y84,66
I11,W01,49
I11,W19,32
I11,W06,23
I11,X58,23
I11,Y92,20
I11,Y90,17
I11,Y71,14
I11,W22,12
I11,Y83,12
I11,W18,12
I11,W01,9
I11,W07,7
I11,Y84,6
I11,X50,5
I11,W05,5
I11,Y73,5
I11,W17,4
I11,W57,4
I11,W57,4
I11,W10,3
I11,V49,3
I11,Y63,3
I11,Y93,3
I11,Y90,3
I11,Y95,3
I11,W19,3
I11,Y79,2
I11,V43,2
I11,X10,2
I11,W08,2
I11,Y33,2
I11,W06,2
I11,Y71,2
I11,W94,1
I11,X00,1
I11,Y36,1
I11,X04,1
I11,W13,1
I11,W88,1
I11,X31,1
I11,W55,1
I11,W54,1
I11,Y74,1
I11,W11,1
I11,V47,1
I11,X08,1
I11,X11,1
I11,Y82,1
I11,V47,1
I11,V99,1
I11,W00,1
I11,W04,1
I11,W07,1
I11,W10,1
I11,W17,1
I11,W54,1
I11,Y93,1
I11,Y99,1
I11,W19,1
I11,Y92,1
I11,W19,1
I12,Y83,117
I12,Y83,109
I12,W19,43
I12,X58,40
I12,W19,33
I12,Y92,31
I12,Y84,24
I12,Y84,20
I12,W18,17
I12,W01,14
I12,W18,13
I12,X58,10
I12,Y92,7
I12,W06,6
I12,W01,6
I12,W06,6
I12,Y95,5
I12,Y82,5
I12,Y95,4
I12,X08,4
I12,V89,3
I12,Y71,3
I12,W05,3
I12,Y82,3
I12,V43,3
I12,W10,3
I12,W22,3
I12,Y71,3
I12,W19,3
I12,W07,2
I12,Y90,2
I12,Y93,2
I12,W00,2
I12,V89,2
I12,Y90,2
I12,Y99,2
I12,Y73,1
I12,W17,1
I12,W10,1
I12,Y33,1
I12,Y79,1
I12,V99,1
I12,Y65,1
I12,V19,1
I12,W05,1
I12,W08,1
I12,W17,1
I12,W26,1
I12,W29,1
I12,W34,1
I12,W46,1
I12,W54,1
I12,W57,1
I12,W88,1
I12,X19,1
I12,X37,1
I12,Y63,1
I12,Y64,1
I12,Y65,1
I12,Y73,1
I12,Y79,1
I12,Y81,1
I12,Y93,1
I12,Y65,1
I12,W19,1
I12,W18,1
I13,Y83,352
I13,Y92,311
I13,W19,239
I13,Y95,239
I13,X58,168
I13,Y84,143
I13,W18,119
I13,W01,79
I13,W06,38
I13,Y83,38
I13,X58,36
I13,W19,33
I13,Y71,30
I13,Y73,17
I13,Y92,17
I13,Y90,16
I13,W18,16
I13,Y82,15
I13,W22,11
I13,Y84,11
I13,W05,10
I13,Y95,10
I13,W07,9
I13,W10,8
I13,X50,6
I13,Y79,5
I13,V89,5
I13,W01,5
I13,Y93,4
I13,Y33,4
I13,W10,4
I13,W06,4
I13,Y71,4
I13,X31,3
I13,Y99,3
I13,W00,3
I13,W54,2
I13,X83,2
I13,W20,2
I13,Y63,2
I13,W17,2
I13,W08,2
I13,Y93,2
I13,W45,2
I13,X58,2
I13,Y69,1
I13,W45,1
I13,Y78,1
I13,V00,1
I13,W57,1
I13,W23,1
I13,W26,1
I13,W55,1
I13,X94,1
I13,V43,1
I13,X12,1
I13,X30,1
I13,V49,1
I13,V28,1
I13,X78,1
I13,V47,1
I13,W00,1
I13,W07,1
I13,W22,1
I13,W54,1
I13,W55,1
I13,X39,1
I13,X50,1
I13,W18,1
I13,W19,1
I13,Y92,1
I13,W19,1
I15,Y83,3
I15,Y92,3
I15,Y84,1
I15,V49,1
I15,W19,1
I15,W22,1
I15,X58,1
I16,Y92,48
I16,W19,46
I16,Y83,45
I16,W18,27
I16,W19,20
I16,X58,15
I16,W01,13
I16,W01,12
I16,Y90,10
I16,Y84,9
I16,Y92,9
I16,W06,6
I16,Y95,6
I16,W18,6
I16,X58,6
I16,Y83,6
I16,Y82,4
I16,Y63,3
I16,Y71,2
I16,W17,2
I16,W10,2
I16,V49,2
I16,W06,2
I16,W17,2
I16,Y84,2
I16,Y90,2
I16,W05,1
I16,W07,1
I16,V89,1
I16,W11,1
I16,W55,1
I16,Y73,1
I16,W22,1
I16,Y93,1
I16,V43,1
I16,V49,1
I16,W10,1
I16,W23,1
I16,W50,1
I16,W94,1
I16,X30,1
I16,X37,1
I16,X50,1
I16,Y04,1
I16,Y63,1
I16,Y82,1
I20,W19,4
I20,Y84,3
I20,Y83,2
I20,Y90,2
I20,W18,2
I20,W19,2
I20,Y92,2
I20,W01,1
I20,X58,1
I20,X32,1
I20,Y92,1
I20,V43,1
I20,W01,1
I20,X58,1
I20,Y33,1
I20,Y36,1
I20,Y93,1
I20,Y95,1
I20,Y99,1
I21,Y83,614
I21,Y84,306
I21,Y92,236
I21,W19,209
I21,W18,139
I21,Y95,97
I21,Y71,95
I21,X58,81
I21,W01,66
I21,W19,44
I21,W06,34
I21,Y83,34
I21,W18,32
I21,Y90,21
I21,W01,15
I21,W07,13
I21,W10,12
I21,Y93,12
I21,X58,11
I21,Y84,11
I21,Y65,10
I21,Y82,10
I21,V89,9
I21,Y95,9
I21,Y92,8
I21,X50,6
I21,Y73,6
I21,Y71,6
I21,V43,5
I21,V47,5
I21,Y90,5
I21,Y04,4
I21,V49,4
I21,X30,4
I21,Y99,4
I21,Y93,4
I21,W00,3
I21,W54,3
I21,W17,3
I21,W55,3
I21,W57,3
I21,W22,3
I21,W05,3
I21,W05,3
I21,W06,3
I21,Y33,2
I21,W23,2
I21,Y36,2
I21,W20,2
I21,X08,2
I21,W45,2
I21,W03,2
I21,W07,2
I21,W10,2
I21,V94,1
I21,W86,1
I21,W31,1
I21,V19,1
I21,Y24,1
I21,Y69,1
I21,V44,1
I21,V29,1
I21,X31,1
I21,W25,1
I21,X11,1
I21,Y79,1
I21,W11,1
I21,W34,1
I21,V48,1
I21,V79,1
I21,W08,1
I21,V00,1
I21,W92,1
I21,V86,1
I21,W88,1
I21,V67,1
I21,Y00,1
I21,Y07,1
I21,V03,1
I21,V40,1
I21,V48,1
I21,W00,1
I21,W13,1
I21,W22,1
I21,W34,1
I21,X00,1
I21,X31,1
I21,X50,1
I21,Y33,1
I21,Y73,1
I21,Y82,1
I21,X15,1
I21,W18,1
I21,W01,1
I21,V89,1
I21,W01,1
I21,X58,1
I21,Y84,1
I22,Y83,5
I22,Y84,3
I22,Y92,2
I22,Y90,1
I22,Y71,1
I22,W17,1
I22,Y83,1
I22,Y84,1
I23,Y83,1
I24,W01,8
I24,W18,7
I24,W19,6
I24,Y83,4
I24,Y92,4
I24,W01,3
I24,W19,3
I24,X58,3
I24,W18,2
I24,Y92,2
I24,W06,1
I24,X58,1
I24,Y90,1
I24,W10,1
I24,W07,1
I24,W06,1
I24,W22,1
I24,W23,1
I24,W55,1
I24,Y83,1
I25,Y83,596
I25,Y83,439
I25,Y84,160
I25,Y71,105
I25,Y92,90
I25,Y84,72
I25,X58,71
I25,Y71,57
I25,W19,52
I25,X58,32
I25,W19,30
I25,Y92,23
I25,Y95,21
I25,W18,18
I25,W18,14
I25,Y90,13
I25,W57,12
I25,W01,11
I25,Y65,9
I25,W01,8
I25,Y82,7
I25,W06,7
I25,V89,6
I25,Y90,6
I25,Y82,5
I25,Y93,4
I25,W19,4
I25,W19,4
I25,W07,3
I25,V89,3
I25,W07,3
I25,W10,3
I25,Y65,3
I25,Y95,3
I25,W10,2
I25,Y33,2
I25,X50,2
I25,Y73,2
I25,W54,2
I25,V49,2
I25,W00,2
I25,W20,2
I25,W54,2
I25,X50,2
I25,X32,1
I25,W23,1
I25,X06,1
I25,X30,1
I25,Y93,1
I25,W33,1
I25,Y69,1
I25,X37,1
I25,W45,1
I25,X12,1
I25,W57,1
I25,W22,1
I25,W11,1
I25,W17,1
I25,W40,1
I25,W45,1
I25,X00,1
I25,X15,1
I25,X32,1
I25,Y24,1
I25,Y62,1
I25,Y79,1
I25,W18,1
I26,W19,85
I26,Y95,56
I26,Y92,54
I26,W18,54
I26,Y83,48
I26,X58,48
I26,Y84,37
I26,W01,16
I26,X58,15
I26,Y90,10
I26,W06,9
I26,W19,9
I26,Y92,8
I26,V89,7
I26,W18,7
I26,W11,4
I26,W01,4
I26,V49,3
I26,V80,2
I26,V29,2
I26,W07,2
I26,Y99,2
I26,W57,2
I26,W05,2
I26,Y84,2
I26,W18,2
I26,Y93,1
I26,Y77,1
I26,Y33,1
I26,W55,1
I26,Y36,1
I26,X50,1
I26,X10,1
I26,Y82,1
I26,W17,1
I26,X31,1
I26,Y04,1
I26,W27,1
I26,V43,1
I26,W00,1
I26,W10,1
I26,Y65,1
I26,W13,1
I26,X16,1
I26,Y79,1
I26,X08,1
I26,V99,1
I26,W05,1
I26,X32,1
I26,Y83,1
I26,Y90,1
I26,Y93,1
I26,V03,1
I26,Y92,1
I27,Y83,12
I27,Y92,10
I27,X58,6
I27,Y84,5
I27,W18,3
I27,W19,3
I27,Y95,3
I27,W19,3
I27,Y83,3
I27,Y84,2
I27,Y99,2
I27,W06,1
I27,X58,1
I27,Y90,1
I27,W26,1
I27,Y71,1
I28,Y95,1
I30,Y92,4
I30,Y83,3
I30,Y95,3
I30,X58,2
I30,Y83,2
I30,V29,1
I30,Y65,1
I30,Y84,1
I30,W01,1
I30,Y37,1
I30,Y95,1
I31,Y83,25
I31,Y92,19
I31,Y84,11
I31,Y95,5
I31,X58,4
I31,X58,4
I31,W18,3
I31,W01,3
I31,Y83,3
I31,V86,2
I31,W18,2
I31,W19,2
I31,W22,1
I31,Y90,1
I31,V43,1
I31,V46,1
I31,V89,1
I31,W01,1
I31,W06,1
I31,W22,1
I31,Y84,1
I31,Y93,1
I33,Y83,19
I33,Y84,8
I33,Y95,3
I33,W19,3
I33,Y92,3
I33,Y71,3
I33,X58,3
I33,W06,2
I33,X58,2
I33,Y04,1
I33,Y79,1
I33,Y24,1
I33,W18,1
I33,Y95,1
I33,W19,1
I33,Y84,1
I33,Y95,1
I34,Y83,75
I34,Y92,15
I34,Y84,10
I34,Y71,7
I34,X58,6
I34,Y83,5
I34,Y65,3
I34,X58,3
I34,Y69,2
I34,Y95,2
I34,Y71,2
I34,Y92,2
I34,W19,1
I34,Y99,1
I34,W18,1
I34,V89,1
I34,Y33,1
I34,Y84,1
I35,Y83,288
I35,Y84,46
I35,Y92,39
I35,W19,22
I35,W18,20
I35,X58,18
I35,X58,18
I35,Y95,16
I35,W19,16
I35,Y83,16
I35,Y71,11
I35,Y65,7
I35,W01,6
I35,Y71,4
I35,Y73,3
I35,Y90,3
I35,Y69,2
I35,W01,2
I35,Y84,2
I35,Y81,1
I35,W10,1
I35,W57,1
I35,W37,1
I35,W06,1
I35,W07,1
I35,X08,1
I35,W22,1
I35,V49,1
I35,V89,1
I35,V99,1
I35,W06,1
I35,W10,1
I35,W18,1
I35,W22,1
I35,W57,1
I35,Y82,1
I35,W19,1
I36,Y83,3
I36,Y84,1
I36,Y95,1
I36,W19,1
I36,Y83,1
I37,Y71,1
I38,Y83,2
I38,Y82,1
I38,W18,1
I38,W18,1
I38,X58,1
I39,W19,1
I40,Y83,1
I42,Y83,18
I42,X58,14
I42,Y92,12
I42,W19,6
I42,W19,5
I42,Y92,5
I42,W18,4
I42,Y84,4
I42,Y83,4
I42,Y84,3
I42,W01,2
I42,W06,2
I42,Y65,2
I42,W18,2
I42,X08,2
I42,W17,1
I42,V89,1
I42,W10,1
I42,Y95,1
I42,X58,1
I42,Y33,1
I42,W01,1
I42,W10,1
I42,Y71,1
I42,Y82,1
I44,W19,65
I44,Y83,58
I44,W18,50
I44,Y92,23
I44,Y84,18
I44,W01,16
I44,W19,15
I44,X58,13
I44,X58,10
I44,W18,10
I44,Y83,9
I44,Y71,8
I44,W07,6
I44,Y95,5
I44,Y92,4
I44,W17,3
I44,W06,3
I44,V47,2
I44,V89,2
I44,Y90,2
I44,W01,2
I44,Y84,2
I44,W88,1
I44,W05,1
I44,X30,1
I44,Y73,1
I44,V43,1
I44,W20,1
I44,W45,1
I44,Y04,1
I44,V58,1
I44,Y82,1
I44,W11,1
I44,W00,1
I44,W08,1
I44,Y07,1
I44,W10,1
I44,V43,1
I44,W10,1
I44,W54,1
I44,W55,1
I44,X50,1
I44,Y65,1
I44,Y71,1
I44,Y93,1
I45,W19,6
I45,Y92,6
I45,W18,6
I45,W18,5
I45,X58,4
I45,Y83,3
I45,X58,3
I45,W01,2
I45,W01,2
I45,W19,2
I45,V49,1
I45,Y95,1
I45,W10,1
I45,W06,1
I45,W07,1
I46,X58,36
I46,W19,23
I46,Y84,15
I46,X58,14
I46,W18,12
I46,W18,9
I46,V49,9
I46,Y92,8
I46,W19,7
I46,V89,7
I46,W10,7
I46,Y92,7
I46,Y83,6
I46,V03,6
I46,W01,4
I46,V47,4
I46,V43,3
I46,W01,3
I46,W07,3
I46,W74,3
I46,X31,3
I46,Y83,3
I46,V09,2
I46,V29,2
I46,W06,2
I46,W34,2
I46,Y84,2
I46,Y93,2
I46,Y95,2
I46,Y95,1
I46,Y65,1
I46,V46,1
I46,Y93,1
I46,Y73,1
I46,W22,1
I46,V43,1
I46,W10,1
I46,V67,1
I46,V69,1
I46,W05,1
I46,W11,1
I46,W57,1
I46,X00,1
I46,X08,1
I46,X30,1
I46,X39,1
I46,X83,1
I46,X99,1
I46,Y24,1
I46,Y90,1
I47,W19,63
I47,Y83,46
I47,W18,44
I47,Y92,38
I47,Y84,19
I47,X58,15
I47,W01,11
I47,W19,11
I47,Y95,9
I47,Y83,9
I47,X58,6
I47,W07,5
I47,Y90,5
I47,Y84,5
I47,Y71,4
I47,Y93,3
I47,V47,2
I47,V43,2
I47,W10,2
I47,W06,2
I47,W01,2
I47,W07,2
I47,W18,2
I47,Y90,2
I47,Y92,2
I47,Y93,2
I47,V89,1
I47,W08,1
I47,X50,1
I47,X04,1
I47,W57,1
I47,X08,1
I47,W86,1
I47,Y65,1
I47,W17,1
I47,V43,1
I47,V49,1
I47,V89,1
I47,W06,1
I47,W10,1
I47,W22,1
I47,W34,1
I47,W45,1
I47,W57,1
I48,W19,214
I48,Y92,203
I48,W18,173
I48,W19,169
I48,Y83,136
I48,X58,107
I48,W01,87
I48,X58,80
I48,Y84,70
I48,W01,63
I48,Y95,59
I48,W18,59
I48,Y90,49
I48,Y83,42
I48,Y92,28
I48,Y84,19
I48,W06,17
I48,Y71,15
I48,W10,15
I48,W22,11
I48,Y93,11
I48,Y90,10
I48,W06,10
I48,W07,9
I48,W57,9
I48,Y93,8
I48,V89,8
I48,W22,8
I48,W57,7
I48,V49,6
I48,W05,6
I48,Y65,5
I48,Y82,5
I48,W17,5
I48,V89,5
I48,W05,5
I48,W19,5
I48,X50,4
I48,Y73,4
I48,V43,4
I48,X50,4
I48,W55,4
I48,W17,4
I48,W10,4
I48,V49,4
I48,Y99,3
I48,W26,3
I48,V43,3
I48,V86,3
I48,W00,3
I48,Y71,3
I48,W11,2
I48,W08,2
I48,Y33,2
I48,W20,2
I48,W00,2
I48,W20,2
I48,W26,2
I48,W45,2
I48,W54,2
I48,X32,2
I48,Y63,2
I48,Y65,2
I48,Y99,2
I48,V48,1
I48,W88,1
I48,W45,1
I48,V84,1
I48,X78,1
I48,W13,1
I48,W50,1
I48,W34,1
I48,X30,1
I48,X19,1
I48,V00,1
I48,W16,1
I48,W54,1
I48,V47,1
I48,W23,1
I48,Y04,1
I48,W55,1
I48,X31,1
I48,V03,1
I48,V09,1
I48,V48,1
I48,W07,1
I48,W13,1
I48,W28,1
I48,W50,1
I48,W94,1
I48,X08,1
I48,X15,1
I48,X31,1
I48,Y36,1
I48,Y62,1
I48,Y69,1
I48,Y79,1
I48,Y95,1
I48,W19,1
I48,V00,1
I48,W10,1
I49,W19,74
I49,W18,59
I49,Y83,44
I49,Y92,36
I49,X58,26
I49,W19,21
I49,W01,17
I49,Y84,17
I49,X58,13
I49,Y83,12
I49,Y71,7
I49,Y90,5
I49,W06,5
I49,Y95,5
I49,W18,5
I49,Y84,5
I49,Y92,5
I49,W01,4
I49,W10,3
I49,W07,3
I49,W10,3
I49,W57,3
I49,Y93,3
I49,V43,2
I49,W17,2
I49,W22,2
I49,W05,2
I49,V49,2
I49,Y65,2
I49,Y99,2
I49,W08,1
I49,W11,1
I49,X50,1
I49,V89,1
I49,X10,1
I49,W54,1
I49,W88,1
I49,Y93,1
I49,V47,1
I49,W16,1
I49,W55,1
I49,V87,1
I49,W11,1
I49,W23,1
I49,W55,1
I49,X31,1
I49,Y71,1
I49,Y90,1
I49,W19,1
I49,W19,1
I49,Y73,1
I49,Y92,1
I50,Y92,151
I50,Y95,112
I50,W19,99
I50,Y83,83
I50,W19,79
I50,X58,75
I50,X58,73
I50,Y84,63
I50,W18,45
I50,W01,28
I50,W18,22
I50,Y92,17
I50,Y83,13
I50,W01,11
I50,Y84,11
I50,Y95,10
I50,X50,9
I50,Y71,8
I50,W19,8
I50,W06,6
I50,Y90,6
I50,W57,6
I50,W22,5
I50,Y90,5
I50,V89,4
I50,W07,4
I50,W10,4
I50,W22,4
I50,W17,4
I50,W57,3
I50,Y73,3
I50,Y93,3
I50,W06,3
I50,Y71,3
I50,Y99,3
I50,W05,2
I50,Y82,2
I50,W45,2
I50,Y99,2
I50,Y33,2
I50,V89,2
I50,W05,2
I50,W10,2
I50,W90,2
I50,Y33,2
I50,Y82,2
I50,X58,2
I50,Y92,2
I50,W29,1
I50,Y63,1
I50,W20,1
I50,X94,1
I50,Y27,1
I50,V80,1
I50,Y65,1
I50,W34,1
I50,W90,1
I50,W00,1
I50,Y79,1
I50,W88,1
I50,W54,1
I50,X50,1
I50,W08,1
I50,X16,1
I50,V48,1
I50,V49,1
I50,W07,1
I50,W17,1
I50,W53,1
I50,W86,1
I50,X08,1
I50,X95,1
I50,Y93,1
I50,W19,1
I50,V58,1
I50,W18,1
I51,X58,10
I51,W19,5
I51,Y84,4
I51,W18,3
I51,W19,2
I51,W01,2
I51,V43,1
I51,V89,1
I51,Y83,1
I51,Y92,1
I51,Y90,1
I51,Y99,1
I51,W10,1
I51,X58,1
I51,W01,1
I51,W18,1
I51,W22,1
I51,Y83,1
I51,Y92,1
I51,Y83,1
I51,W19,1
I60,W19,17
I60,W19,15
I60,W18,15
I60,Y83,13
I60,Y84,13
I60,Y92,8
I60,W01,7
I60,W01,6
I60,W10,6
I60,W06,6
I60,X58,5
I60,W18,5
I60,Y95,3
I60,Y90,3
I60,W17,3
I60,V49,2
I60,W10,2
I60,X58,2
I60,Y92,2
I60,W19,2
I60,Y75,1
I60,Y71,1
I60,V19,1
I60,Y82,1
I60,V19,1
I60,W00,1
I60,W07,1
I60,Y04,1
I60,Y99,1
I61,W19,71
I61,W18,46
I61,Y92,40
I61,W19,26
I61,Y95,21
I61,Y84,19
I61,Y83,18
I61,X58,17
I61,Y90,9
I61,W01,9
I61,W06,7
I61,W18,7
I61,W07,6
I61,W01,6
I61,W06,5
I61,X58,5
I61,V49,3
I61,W10,3
I61,Y71,2
I61,W17,2
I61,W05,2
I61,W07,2
I61,W10,2
I61,Y92,2
I61,W19,2
I61,Y65,1
I61,Y75,1
I61,Y73,1
I61,W54,1
I61,Y82,1
I61,V03,1
I61,W22,1
I61,W14,1
I61,V43,1
I61,V89,1
I61,Y33,1
I61,X50,1
I61,W26,1
I61,W55,1
I61,Y09,1
I61,V43,1
I61,V49,1
I61,V84,1
I61,V89,1
I61,Y04,1
I61,Y90,1
I61,W19,1
I62,W19,52
I62,W19,36
I62,W18,26
I62,W01,17
I62,X58,16
I62,W18,16
I62,Y92,14
I62,X58,12
I62,Y83,11
I62,Y84,7
I62,W06,7
I62,W01,5
I62,Y90,5
I62,W06,4
I62,W10,4
I62,Y95,3
I62,Y90,3
I62,W10,2
I62,V89,2
I62,W17,2
I62,W05,2
I62,W07,2
I62,W08,2
I62,W07,1
I62,V43,1
I62,W05,1
I62,W11,1
I62,Y71,1
I62,X10,1
I62,W26,1
I62,W22,1
I62,W08,1
I62,V09,1
I62,V49,1
I62,V89,1
I62,W11,1
I62,Y09,1
I62,Y83,1
I62,Y92,1
I62,Y95,1
I62,Y99,1
I62,W01,1
I63,W19,472
I63,W18,280
I63,Y92,147
I63,X58,98
I63,W01,96
I63,W19,86
I63,Y83,85
I63,Y84,84
I63,W06,74
I63,W18,55
I63,Y95,53
I63,Y90,44
I63,W07,26
I63,X58,22
I63,W10,21
I63,W01,21
I63,W06,14
I63,W05,10
I63,V89,10
I63,W22,10
I63,Y93,10
I63,Y73,7
I63,Y92,7
I63,W17,6
I63,Y71,6
I63,V49,5
I63,Y83,5
I63,Y82,4
I63,V43,4
I63,Y90,4
I63,W10,4
I63,V89,4
I63,Y99,3
I63,X50,3
I63,V48,3
I63,W07,3
I63,W17,3
I63,X58,3
I63,W19,3
I63,Y33,2
I63,V47,2
I63,X31,2
I63,W00,2
I63,Y65,2
I63,W05,2
I63,W22,2
I63,Y95,2
I63,X00,1
I63,W11,1
I63,W29,1
I63,X12,1
I63,Y04,1
I63,W57,1
I63,Y37,1
I63,Y77,1
I63,W08,1
I63,W34,1
I63,W45,1
I63,W20,1
I63,Y75,1
I63,V29,1
I63,W03,1
I63,V19,1
I63,Y07,1
I63,Y81,1
I63,Y36,1
I63,Y63,1
I63,V00,1
I63,V43,1
I63,V44,1
I63,V49,1
I63,V87,1
I63,W20,1
I63,W54,1
I63,Y04,1
I63,Y65,1
I63,Y84,1
I63,Y93,1
I63,V89,1
I63,W06,1
I65,Y83,92
I65,W19,17
I65,W19,17
I65,W18,13
I65,Y92,12
I65,X58,12
I65,Y83,11
I65,Y84,10
I65,X58,7
I65,W18,4
I65,Y71,3
I65,W07,2
I65,W01,2
I65,V49,2
I65,W01,2
I65,Y90,2
I65,Y93,1
I65,V89,1
I65,Y82,1
I65,Y95,1
I65,X50,1
I65,V99,1
I65,V43,1
I65,V89,1
I65,Y71,1
I65,Y92,1
I65,Y93,1
I65,Y99,1
I65,W19,1
I66,W18,5
I66,W01,2
I66,W19,2
I66,Y83,1
I66,Y92,1
I66,V43,1
I66,W18,1
I67,W19,29
I67,Y84,24
I67,W19,18
I67,Y83,16
I67,Y84,16
I67,X58,14
I67,W18,13
I67,Y92,10
I67,X58,8
I67,Y95,4
I67,W01,4
I67,W18,4
I67,W01,3
I67,V89,2
I67,Y83,2
I67,W16,1
I67,W54,1
I67,V49,1
I67,W17,1
I67,W06,1
I67,V89,1
I67,Y75,1
I67,W22,1
I67,W00,1
I67,W06,1
I67,W07,1
I67,W08,1
I67,W10,1
I67,X50,1
I67,Y04,1
I67,Y65,1
I67,X58,1
I69,W19,136
I69,X58,66
I69,W18,57
I69,W19,46
I69,Y83,30
I69,X58,26
I69,Y84,25
I69,Y92,22
I69,W01,14
I69,Y95,13
I69,W06,12
I69,W05,8
I69,W19,8
I69,W22,7
I69,W07,6
I69,W01,6
I69,W18,5
I69,Y92,4
I69,W19,3
I69,X58,3
I69,Y92,3
I69,V89,2
I69,W08,2
I69,Y93,2
I69,Y90,2
I69,W23,2
I69,Y71,2
I69,W17,2
I69,W05,2
I69,W06,2
I69,Y73,2
I69,Y93,2
I69,X95,2
I69,X78,1
I69,Y65,1
I69,W57,1
I69,W20,1
I69,V18,1
I69,Y73,1
I69,W88,1
I69,W10,1
I69,X50,1
I69,X08,1
I69,W34,1
I69,W29,1
I69,W53,1
I69,X19,1
I69,Y75,1
I69,W45,1
I69,V49,1
I69,V89,1
I69,W07,1
I69,Y83,1
I69,Y84,1
I69,Y99,1
I69,W22,1
I69,W19,1
I69,X58,1
I69,V89,1
I69,W01,1
I69,W18,1
I69,W89,1
I69,Y73,1
I69,Y83,1
I70,Y83,163
I70,Y83,146
I70,X58,100
I70,Y92,30
I70,Y84,26
I70,W19,17
I70,Y33,15
I70,X58,13
I70,Y71,12
I70,Y71,9
I70,Y95,9
I70,W19,9
I70,Y84,9
I70,Y82,8
I70,W22,8
I70,Y92,7
I70,W18,3
I70,Y82,3
I70,Y90,3
I70,Y93,3
I70,Y99,3
I70,W45,2
I70,W01,2
I70,W07,2
I70,W10,2
I70,W18,2
I70,X50,2
I70,Y65,2
I70,Y90,2
I70,Y79,1
I70,Y65,1
I70,Y36,1
I70,W06,1
I70,W22,1
I70,Y93,1
I70,W23,1
I70,Y33,1
I70,Y80,1
I70,X31,1
I70,V89,1
I70,W34,1
I70,V43,1
I70,V18,1
I70,V99,1
I70,W01,1
I70,W07,1
I70,W17,1
I70,W20,1
I70,W50,1
I70,X08,1
I70,X31,1
I70,Y83,1
I71,Y83,160
I71,X58,23
I71,Y84,22
I71,Y92,14
I71,Y83,13
I71,X58,12
I71,W18,10
I71,Y95,10
I71,W19,8
I71,Y71,7
I71,W19,7
I71,Y84,7
I71,Y71,6
I71,W06,4
I71,W01,4
I71,V49,3
I71,Y65,2
I71,W01,2
I71,Y82,2
I71,W10,2
I71,W18,2
I71,Y92,2
I71,Y99,2
I71,Y72,1
I71,W06,1
I71,Y73,1
I71,Y79,1
I71,V43,1
I71,V49,1
I71,V29,1
I71,V47,1
I71,V87,1
I71,X19,1
I71,X32,1
I71,X50,1
I71,Y81,1
I71,Y90,1
I71,Y93,1
I72,Y83,23
I72,Y83,12
I72,Y84,6
I72,X58,5
I72,W18,4
I72,X58,4
I72,Y84,4
I72,W19,3
I72,W19,3
I72,Y92,2
I72,Y95,2
I72,V29,1
I72,Y33,1
I72,X50,1
I72,W01,1
I72,V18,1
I72,W10,1
I72,W11,1
I72,W18,1
I72,X30,1
I72,Y90,1
I73,X58,89
I73,Y83,28
I73,Y83,16
I73,W19,13
I73,X58,7
I73,Y92,4
I73,Y93,4
I73,W19,3
I73,W22,3
I73,Y99,3
I73,V89,2
I73,Y95,2
I73,Y33,2
I73,V89,2
I73,W18,2
I73,W54,2
I73,X31,2
I73,X32,2
I73,Y82,2
I73,W17,1
I73,Y82,1
I73,W01,1
I73,Y84,1
I73,Y65,1
I73,W18,1
I73,V49,1
I73,V80,1
I73,W01,1
I73,W10,1
I73,W23,1
I73,W45,1
I73,Y29,1
I73,Y33,1
I73,Y71,1
I73,Y95,1
I74,Y83,36
I74,Y92,17
I74,Y84,10
I74,X58,8
I74,W19,7
I74,Y83,5
I74,X58,4
I74,Y82,3
I74,W18,2
I74,Y84,2
I74,Y92,2
I74,V43,1
I74,Y65,1
I74,X30,1
I74,W22,1
I74,W20,1
I74,Y33,1
I74,Y71,1
I74,W10,1
I74,W08,1
I75,Y83,6
I75,Y92,3
I75,Y90,1
I75,X58,1
I77,X58,18
I77,Y83,11
I77,Y83,7
I77,Y84,7
I77,Y92,3
I77,X58,3
I77,W19,3
I77,Y95,3
I77,W18,3
I77,Y92,3
I77,Y71,2
I77,Y84,2
I77,W10,1
I77,X50,1
I77,V49,1
I77,W18,1
I77,Y79,1
I77,Y04,1
I77,V29,1
I77,V89,1
I77,W10,1
I77,W19,1
I77,W22,1
I77,W57,1
I77,Y82,1
I77,W19,1
I78,X32,3
I78,X58,2
I78,X58,1
I78,W18,1
I79,Y84,1
I80,X58,4
I80,Y92,3
I80,Y83,2
I80,Y92,1
I80,Y84,1
I80,Y83,1
I80,W19,1
I80,V59,1
I80,W20,1
I80,W22,1
I80,Y82,1
I80,Y84,1
I80,Y84,1
I81,Y83,2
I81,W19,2
I81,Y92,1
I81,Y84,1
I81,W18,1
I81,X58,1
I81,Y92,1
I82,W19,47
I82,X58,44
I82,Y83,42
I82,X58,34
I82,Y92,34
I82,W18,29
I82,W19,26
I82,Y84,22
I82,W01,14
I82,Y83,14
I82,W01,12
I82,Y95,9
I82,W22,7
I82,V89,5
I82,W18,5
I82,Y92,5
I82,W06,4
I82,Y82,4
I82,Y84,4
I82,W22,3
I82,X50,3
I82,Y71,2
I82,Y90,2
I82,Y79,2
I82,W10,2
I82,W05,2
I82,W17,2
I82,W07,2
I82,W06,2
I82,W55,2
I82,Y71,2
I82,Y82,2
I82,V19,1
I82,X50,1
I82,Y73,1
I82,V89,1
I82,Y93,1
I82,X32,1
I82,Y99,1
I82,V49,1
I82,V87,1
I82,W07,1
I82,W10,1
I82,W11,1
I82,W20,1
I82,W30,1
I82,W54,1
I82,X08,1
I82,X16,1
I82,Y33,1
I82,Y90,1
I82,Y93,1
I82,Y95,1
I83,X58,124
I83,Y83,22
I83,W22,19
I83,W19,17
I83,Y33,15
I83,Y84,13
I83,W01,8
I83,W26,8
I83,W45,7
I83,W18,5
I83,Y92,4
I83,X50,4
I83,W55,4
I83,W28,3
I83,W54,3
I83,W18,2
I83,X15,2
I83,Y99,2
I83,Y83,1
I83,V89,1
I83,V43,1
I83,V86,1
I83,W20,1
I83,W27,1
I83,W29,1
I83,W50,1
I83,W57,1
I83,X08,1
I83,X12,1
I83,X19,1
I83,Y93,1
I85,Y92,3
I85,X58,2
I85,Y90,2
I85,X58,1
I85,Y83,1
I86,Y92,2
I86,X58,2
I86,Y84,1
I86,Y83,1
I86,Y83,1
I86,Y92,1
I87,X58,517
I87,W22,87
I87,Y83,69
I87,W19,56
I87,W01,45
I87,Y92,24
I87,W54,23
I87,W18,21
I87,Y84,13
I87,W45,13
I87,Y99,10
I87,W88,10
I87,W08,10
I87,Y83,8
I87,W10,7
I87,W51,7
I87,X58,6
I87,Y33,6
I87,W89,6
I87,V89,5
I87,W17,5
I87,W20,5
I87,X08,5
I87,W19,4
I87,V86,4
I87,W23,3
I87,W27,3
I87,W50,3
I87,W57,3
I87,Y82,3
I87,Y93,3
I87,W01,2
I87,Y92,2
I87,W05,2
I87,W11,2
I87,W31,2
I87,X32,2
I87,Y71,2
I87,W57,1
I87,Y84,1
I87,W23,1
I87,Y33,1
I87,W06,1
I87,Y28,1
I87,Y79,1
I87,Y65,1
I87,Y82,1
I87,W05,1
I87,V03,1
I87,V29,1
I87,V44,1
I87,V48,1
I87,V87,1
I87,V97,1
I87,W00,1
I87,W06,1
I87,W16,1
I87,W25,1
I87,W28,1
I87,W55,1
I87,W61,1
I87,W86,1
I87,W90,1
I87,W99,1
I87,X06,1
I87,X11,1
I87,X15,1
I87,X18,1
I87,X19,1
I87,Y26,1
I87,Y69,1
I87,Y79,1
I87,Y81,1
I87,Y90,1
I87,W19,1
I87,X08,1
I87,X11,1
I88,W57,2
I88,W06,1
I88,W54,1
I88,X58,1
I88,Y99,1
I89,X58,105
I89,W19,13
I89,Y83,9
I89,Y84,7
I89,W18,6
I89,Y83,4
I89,W55,3
I89,W57,3
I89,Y92,3
I89,Y92,2
I89,W01,2
I89,W17,2
I89,Y99,2
I89,W57,1
I89,W18,1
I89,Y84,1
I89,Y81,1
I89,W19,1
I89,X58,1
I89,V89,1
I89,V89,1
I89,W00,1
I89,W05,1
I89,W07,1
I89,W10,1
I89,W51,1
I89,W54,1
I89,W55,1
I89,W88,1
I89,Y93,1
I95,W19,236
I95,W18,227
I95,W19,152
I95,Y92,148
I95,W18,140
I95,W01,64
I95,Y92,52
I95,W01,46
I95,Y83,42
I95,X58,32
I95,X58,31
I95,Y84,21
I95,Y90,17
I95,W06,16
I95,W06,14
I95,Y83,12
I95,W10,10
I95,W07,9
I95,W10,9
I95,Y90,8
I95,Y95,7
I95,Y71,7
I95,W05,7
I95,W07,7
I95,W22,7
I95,Y93,6
I95,W17,5
I95,V89,4
I95,Y84,4
I95,W19,4
I95,W11,3
I95,Y93,3
I95,X08,2
I95,W22,2
I95,Y33,2
I95,Y73,2
I95,V49,2
I95,X31,2
I95,W17,2
I95,W18,2
I95,W50,1
I95,W64,1
I95,Y08,1
I95,W31,1
I95,W08,1
I95,W13,1
I95,Y79,1
I95,W45,1
I95,X78,1
I95,X74,1
I95,V86,1
I95,Y99,1
I95,W54,1
I95,V47,1
I95,V09,1
I95,V19,1
I95,V48,1
I95,V57,1
I95,V89,1
I95,W05,1
I95,W26,1
I95,W34,1
I95,W57,1
I95,X30,1
I95,Y33,1
I95,Y70,1
I95,Y73,1
I95,Y82,1
I95,W19,1
I95,X58,1
I95,Y33,1
I95,Y92,1
I96,X58,38
I96,Y83,28
I96,Y84,12
I96,X58,6
I96,W01,6
I96,W19,4
I96,W18,4
I96,X31,3
I96,Y83,3
I96,W22,3
I96,Y90,2
I96,W18,2
I96,W20,2
I96,W54,2
I96,W88,2
I96,W55,1
I96,W10,1
I96,W23,1
I96,W01,1
I96,W54,1
I96,W45,1
I96,Y84,1
I96,V68,1
I96,W10,1
I96,W31,1
I96,W55,1
I96,W89,1
I96,X02,1
I96,X11,1
I96,Y63,1
I96,Y92,1
I96,Y93,1
I97,Y83,200
I97,Y83,99
I97,Y84,93
I97,Y84,41
I97,Y92,14
I97,Y71,7
I97,Y92,7
I97,Y65,6
I97,X58,5
I97,Y65,5
I97,Y95,3
I97,X58,3
I97,Y69,3
I97,W18,2
I97,Y82,2
I97,Y93,1
I97,Y90,1
I97,W19,1
I97,W22,1
I97,X08,1
I97,Y78,1
I97,Y93,1
I99,X58,7
I99,Y83,5
I99,W19,3
I99,W19,2
I99,Y71,1
I99,X58,1
I99,Y69,1
I99,W18,1
I99,W22,1
I99,X08,1
I99,X10,1
I99,X19,1
J00,X58,2
J00,Y83,1
J00,W19,1
J00,Y92,1
J01,X58,16
J01,W19,11
J01,W57,6
J01,W01,6
J01,W18,5
J01,W18,3
J01,V49,3
J01,W19,2
J01,W13,2
J01,Y65,1
J01,Y73,1
J01,X58,1
J01,Y92,1
J01,Y83,1
J01,V89,1
J01,W10,1
J01,X50,1
J01,Y82,1
J01,Y83,1
J01,Y84,1
J01,Y90,1
J01,Y92,1
J02,X58,12
J02,Y92,5
J02,W19,4
J02,W01,3
J02,W22,3
J02,W57,2
J02,Y92,2
J02,Y93,2
J02,Y82,1
J02,Y83,1
J02,W19,1
J02,V80,1
J02,W10,1
J02,W18,1
J02,W23,1
J02,W45,1
J02,W50,1
J02,W55,1
J02,X13,1
J02,X31,1
J02,X50,1
J02,Y08,1
J02,Y83,1
J02,Y84,1
J02,Y90,1
J03,W57,2
J04,Y84,2
J04,Y83,1
J04,W57,1
J04,X58,1
J04,Y04,1
J05,Y92,2
J05,V89,1
J05,X58,1
J05,X58,1
J06,X58,25
J06,W19,16
J06,W57,11
J06,Y92,7
J06,Y83,6
J06,W01,5
J06,X50,4
J06,W18,3
J06,W19,3
J06,Y95,3
J06,Y84,3
J06,W00,3
J06,W18,3
J06,W22,3
J06,Y92,3
J06,W06,2
J06,W05,2
J06,W06,2
J06,Y99,2
J06,V43,1
J06,V89,1
J06,W10,1
J06,W31,1
J06,W34,1
J06,W45,1
J06,W50,1
J06,X30,1
J06,X31,1
J06,Y26,1
J06,Y93,1
J06,W19,1
J09,W19,5
J09,Y95,3
J09,Y92,2
J09,Y83,1
J09,W18,1
J09,Y92,1
J09,W01,1
J09,W01,1
J09,W06,1
J09,W18,1
J09,W19,1
J09,X58,1
J10,Y95,39
J10,Y92,28
J10,W19,27
J10,W18,24
J10,W19,19
J10,Y83,18
J10,W18,15
J10,W01,10
J10,X58,8
J10,Y84,6
J10,W06,5
J10,W01,5
J10,X58,5
J10,W10,4
J10,W07,3
J10,W22,3
J10,W05,3
J10,Y93,2
J10,Y95,2
J10,Y92,2
J10,W00,2
J10,Y83,2
J10,Y90,1
J10,W08,1
J10,W54,1
J10,W11,1
J10,W23,1
J10,V49,1
J10,V47,1
J10,W06,1
J10,W07,1
J10,W10,1
J10,W17,1
J10,W22,1
J10,W57,1
J10,Y90,1
J10,Y92,1
J10,W17,1
J10,Y92,1
J11,W19,10
J11,Y95,9
J11,W19,8
J11,Y92,7
J11,W01,7
J11,W18,5
J11,X58,4
J11,W06,2
J11,W18,2
J11,Y83,1
J11,Y93,1
J11,W26,1
J11,X58,1
J11,W01,1
J11,W00,1
J11,X31,1
J11,W06,1
J11,W07,1
J11,W11,1
J11,W17,1
J11,W57,1
J12,Y95,34
J12,Y92,9
J12,W18,6
J12,Y83,4
J12,X58,4
J12,Y84,3
J12,Y90,2
J12,W06,2
J12,W01,2
J12,W01,1
J12,Y73,1
J12,Y82,1
J12,V89,1
J12,W31,1
J12,W06,1
J12,W11,1
J12,W19,1
J12,X58,1
J13,Y95,15
J13,Y92,5
J13,X58,3
J13,W19,3
J13,W18,2
J13,Y83,1
J13,W06,1
J13,Y09,1
J13,W01,1
J14,Y95,4
J14,W01,1
J14,Y92,1
J14,V44,1
J15,Y95,418
J15,Y92,72
J15,W19,54
J15,X58,44
J15,Y83,26
J15,W18,26
J15,Y84,18
J15,Y95,16
J15,W01,14
J15,W06,10
J15,V89,7
J15,Y95,5
J15,Y90,3
J15,X58,3
J15,Y92,3
J15,W07,2
J15,Y93,2
J15,W10,2
J15,Y71,2
J15,Y82,2
J15,W01,2
J15,W18,2
J15,W19,2
J15,X50,2
J15,Y83,2
J15,Y92,2
J15,W34,1
J15,W00,1
J15,Y04,1
J15,W22,1
J15,Y65,1
J15,X16,1
J15,V99,1
J15,Y73,1
J15,W45,1
J15,X83,1
J15,W92,1
J15,X50,1
J15,V43,1
J15,W06,1
J15,W10,1
J15,W46,1
J15,W57,1
J15,Y73,1
J15,Y84,1
J15,Y90,1
J15,X58,1
J16,Y95,5
J16,X58,3
J16,Y92,2
J16,Y95,2
J16,W19,2
J16,W19,1
J16,W57,1
J16,Y83,1
J16,W01,1
J16,V03,1
J16,W05,1
J16,W18,1
J16,W57,1
J16,Y82,1
J16,Y84,1
J18,Y95,1338
J18,W19,268
J18,Y92,241
J18,W18,152
J18,Y95,136
J18,X58,129
J18,W19,110
J18,Y83,72
J18,X58,72
J18,W01,68
J18,Y84,60
J18,W18,43
J18,W01,37
J18,W06,35
J18,Y95,27
J18,Y90,26
J18,Y92,23
J18,W06,17
J18,W19,14
J18,W05,11
J18,W07,11
J18,W10,10
J18,W05,7
J18,W22,6
J18,V89,6
J18,Y93,5
J18,Y90,5
J18,V89,4
J18,W17,4
J18,Y73,4
J18,X50,4
J18,Y84,4
J18,Y83,4
J18,X50,4
J18,W07,4
J18,V49,3
J18,Y71,3
J18,W08,3
J18,Y33,3
J18,W10,3
J18,W57,3
J18,W34,2
J18,Y65,2
J18,Y09,2
J18,Y82,2
J18,W00,2
J18,V49,2
J18,W17,2
J18,W22,2
J18,W54,2
J18,Y93,2
J18,Y99,2
J18,W18,2
J18,V19,1
J18,W88,1
J18,X31,1
J18,W57,1
J18,X78,1
J18,Y04,1
J18,X10,1
J18,Y37,1
J18,Y07,1
J18,V96,1
J18,V09,1
J18,W26,1
J18,W20,1
J18,V86,1
J18,X99,1
J18,V29,1
J18,W11,1
J18,Y75,1
J18,W45,1
J18,X30,1
J18,W55,1
J18,V19,1
J18,V43,1
J18,V47,1
J18,V80,1
J18,W11,1
J18,W13,1
J18,Y08,1
J18,Y82,1
J18,W01,1
J18,Y83,1
J18,Y84,1
J18,V89,1
J18,W07,1
J18,X50,1
J18,X58,1
J18,Y92,1
J20,X58,28
J20,W19,22
J20,W19,16
J20,Y92,15
J20,W18,11
J20,X50,8
J20,X58,7
J20,Y92,7
J20,W18,6
J20,W01,5
J20,Y83,4
J20,Y95,4
J20,W01,4
J20,Y90,3
J20,Y93,3
J20,W57,3
J20,Y84,2
J20,Y33,2
J20,W45,2
J20,W55,2
J20,V49,2
J20,Y83,2
J20,X50,1
J20,V18,1
J20,V89,1
J20,W00,1
J20,W23,1
J20,X10,1
J20,X19,1
J20,Y04,1
J20,Y33,1
J20,Y84,1
J20,X58,1
J21,Y33,1
J21,Y84,1
J21,W55,1
J21,W01,1
J21,W18,1
J21,W06,1
J21,W19,1
J22,Y95,2
J22,W19,1
J22,W19,1
J22,W50,1
J30,X58,10
J30,W57,5
J30,Y92,3
J30,W19,3
J30,V89,2
J30,W00,1
J30,W10,1
J30,W34,1
J30,W55,1
J30,X32,1
J30,X50,1
J30,Y90,1
J30,Y93,1
J31,X58,4
J31,Y92,1
J32,X58,16
J32,W19,11
J32,W18,5
J32,Y83,3
J32,X50,3
J32,W01,3
J32,Y83,2
J32,Y84,2
J32,W19,1
J32,W05,1
J32,W06,1
J32,W17,1
J32,W22,1
J32,W57,1
J32,Y69,1
J32,Y92,1
J33,W06,1
J34,X58,12
J34,W19,10
J34,W01,4
J34,Y92,2
J34,Y83,2
J34,W10,2
J34,V89,1
J34,W00,1
J34,W05,1
J34,W18,1
J34,W22,1
J34,W51,1
J35,W57,1
J35,X58,1
J36,Y92,1
J36,Y83,1
J36,Y84,1
J38,Y84,9
J38,Y83,7
J38,Y84,7
J38,Y83,6
J38,W19,2
J38,Y92,2
J38,X58,2
J38,X00,1
J38,Y33,1
J38,W19,1
J38,W88,1
J38,Y09,1
J39,Y83,6
J39,X58,6
J39,X58,4
J39,Y95,2
J39,Y84,2
J39,V89,1
J39,Y36,1
J39,W19,1
J39,Y92,1
J39,Y65,1
J39,V49,1
J39,Y83,1
J39,Y84,1
J39,Y92,1
J40,X58,20
J40,W19,16
J40,W18,9
J40,W19,5
J40,Y92,5
J40,Y92,4
J40,W06,4
J40,Y83,3
J40,Y90,3
J40,W17,3
J40,W10,2
J40,W01,2
J40,V89,2
J40,X50,2
J40,Y84,1
J40,X58,1
J40,W18,1
J40,W45,1
J40,V18,1
J40,W00,1
J40,W05,1
J40,W07,1
J40,W22,1
J40,W23,1
J40,W57,1
J40,X10,1
J40,X11,1
J40,Y83,1
J40,Y84,1
J41,X58,2
J41,W06,1
J41,W19,1
J41,W54,1
J42,X58,3
J42,W19,3
J42,Y83,2
J42,Y84,1
J42,W01,1
J42,Y84,1
J43,X58,29
J43,Y92,13
J43,X58,11
J43,Y83,9
J43,W19,8
J43,W19,7
J43,Y95,6
J43,W01,5
J43,Y90,4
J43,Y84,4
J43,W17,2
J43,V89,1
J43,X30,1
J43,W20,1
J43,W06,1
J43,W55,1
J43,W00,1
J43,W01,1
J43,W18,1
J43,W23,1
J43,W61,1
J43,W94,1
J43,Y04,1
J43,Y83,1
J43,Y84,1
J43,Y92,1
J43,Y99,1
J43,W19,1
J43,Y92,1
J44,Y92,302
J44,Y95,281
J44,W19,161
J44,X58,107
J44,X58,101
J44,W19,89
J44,W18,73
J44,Y90,51
J44,W01,42
J44,Y92,41
J44,Y83,36
J44,W18,36
J44,Y84,34
J44,Y95,31
J44,W01,27
J44,Y90,25
J44,W06,21
J44,W06,9
J44,W10,9
J44,Y83,8
J44,W22,8
J44,W07,7
J44,W22,7
J44,V89,7
J44,X08,7
J44,W57,7
J44,Y93,6
J44,W19,6
J44,W19,6
J44,X08,5
J44,W10,5
J44,X50,5
J44,W05,5
J44,W00,5
J44,X50,5
J44,Y99,5
J44,X58,5
J44,Y99,4
J44,Y73,4
J44,Y71,4
J44,W54,4
J44,X58,4
J44,Y92,4
J44,X01,3
J44,W07,3
J44,V89,3
J44,W18,3
J44,Y33,2
J44,Y04,2
J44,V29,2
J44,W57,2
J44,W08,2
J44,W00,2
J44,W20,2
J44,X31,2
J44,W55,2
J44,Y65,2
J44,Y93,2
J44,Y84,2
J44,Y82,2
J44,Y04,2
J44,X32,2
J44,X30,2
J44,X02,2
J44,X00,2
J44,W55,2
J44,W20,2
J44,W17,2
J44,W05,2
J44,V49,2
J44,W01,2
J44,W31,1
J44,V53,1
J44,X00,1
J44,W88,1
J44,W94,1
J44,X95,1
J44,X83,1
J44,X11,1
J44,W54,1
J44,X37,1
J44,Y82,1
J44,W03,1
J44,V43,1
J44,V47,1
J44,V48,1
J44,V57,1
J44,V80,1
J44,V85,1
J44,W08,1
J44,W11,1
J44,W34,1
J44,W61,1
J44,W64,1
J44,W85,1
J44,W90,1
J44,W94,1
J44,Y26,1
J44,Y63,1
J44,W54,1
J44,X58,1
J44,W19,1
J44,Y84,1
J44,Y92,1
J44,W46,1
J44,Y95,1
J45,Y92,26
J45,X58,25
J45,W19,15
J45,W18,9
J45,Y92,9
J45,X58,8
J45,W19,6
J45,W57,6
J45,W01,4
J45,Y95,4
J45,W01,4
J45,Y90,4
J45,Y84,3
J45,Y90,2
J45,Y33,2
J45,Y83,2
J45,Y99,2
J45,Y93,2
J45,W22,2
J45,W10,2
J45,Y71,1
J45,X01,1
J45,Y09,1
J45,W64,1
J45,W18,1
J45,V00,1
J45,V43,1
J45,V49,1
J45,W00,1
J45,W05,1
J45,W06,1
J45,W07,1
J45,W26,1
J45,W27,1
J45,W54,1
J45,W86,1
J45,X00,1
J45,X30,1
J45,X50,1
J45,Y00,1
J45,Y04,1
J45,Y07,1
J45,Y08,1
J45,Y83,1
J45,Y84,1
J47,X58,13
J47,Y95,11
J47,X58,8
J47,Y92,7
J47,W18,3
J47,Y83,2
J47,W19,2
J47,W01,1
J47,X19,1
J47,X50,1
J47,Y84,1
J47,X01,1
J47,W19,1
J47,Y84,1
J47,Y92,1
J47,Y95,1
J61,Y84,1
J68,Y92,2
J68,X02,1
J68,Y95,1
J68,X08,1
J69,Y95,236
J69,W19,129
J69,X58,98
J69,Y92,89
J69,Y84,75
J69,Y83,60
J69,W18,53
J69,W01,31
J69,W06,28
J69,Y90,19
J69,X58,10
J69,W19,10
J69,W05,9
J69,Y73,8
J69,V89,8
J69,Y95,8
J69,W10,7
J69,W07,5
J69,Y93,5
J69,Y84,5
J69,Y99,4
J69,Y83,4
J69,Y90,4
J69,Y92,4
J69,X50,3
J69,Y71,3
J69,W01,3
J69,Y95,3
J69,W88,2
J69,Y79,2
J69,W55,2
J69,W18,2
J69,W16,2
J69,V03,1
J69,W34,1
J69,X31,1
J69,X08,1
J69,W16,1
J69,X83,1
J69,V29,1
J69,W00,1
J69,Y65,1
J69,Y33,1
J69,X10,1
J69,Y82,1
J69,Y74,1
J69,W22,1
J69,W94,1
J69,Y63,1
J69,W11,1
J69,V53,1
J69,W07,1
J69,W10,1
J69,W22,1
J69,Y84,1
J69,W19,1
J69,Y92,1
J70,Y84,30
J70,Y92,8
J70,Y84,6
J70,Y92,4
J70,Y95,3
J70,X08,3
J70,W88,3
J70,X58,2
J70,X08,2
J70,X58,2
J70,X02,2
J70,X00,2
J70,W88,1
J70,Y83,1
J70,X00,1
J70,V03,1
J70,W18,1
J70,W01,1
J70,W10,1
J70,W18,1
J70,W19,1
J70,X14,1
J70,Y26,1
J80,W19,2
J80,Y84,2
J80,Y92,2
J80,Y83,1
J80,X58,1
J80,Y65,1
J80,V89,1
J80,W01,1
J80,W18,1
J80,W19,1
J81,Y95,6
J81,Y84,4
J81,Y83,4
J81,X58,3
J81,W06,3
J81,Y92,3
J81,W01,2
J81,W19,2
J81,W07,2
J81,W19,2
J81,W01,2
J81,W94,1
J81,Y71,1
J81,W06,1
J81,W18,1
J81,X58,1
J81,Y83,1
J81,Y84,1
J81,Y92,1
J81,Y95,1
J82,Y92,2
J82,Y95,1
J84,Y83,23
J84,Y92,23
J84,Y95,17
J84,X58,17
J84,Y84,16
J84,W19,11
J84,W18,11
J84,Y83,6
J84,X58,4
J84,Y84,3
J84,W19,2
J84,Y65,1
J84,Y90,1
J84,W88,1
J84,X95,1
J84,W01,1
J84,Y73,1
J84,Y33,1
J84,V80,1
J84,W06,1
J84,W07,1
J84,W11,1
J84,X08,1
J85,Y95,3
J85,X58,3
J85,Y83,3
J85,Y90,2
J85,W01,2
J85,Y84,2
J85,X58,2
J85,V89,1
J85,Y92,1
J85,W18,1
J85,Y33,1
J85,W17,1
J85,Y95,1
J86,Y83,10
J86,Y95,9
J86,Y92,9
J86,Y84,7
J86,W19,5
J86,X58,3
J86,W01,2
J86,Y83,2
J86,W07,1
J86,W26,1
J86,Y33,1
J86,Y04,1
J86,W18,1
J86,X58,1
J90,Y83,37
J90,X58,33
J90,Y95,29
J90,Y92,21
J90,W18,18
J90,W19,18
J90,Y84,18
J90,X58,13
J90,W19,13
J90,Y83,10
J90,W01,8
J90,Y84,8
J90,W18,8
J90,V89,5
J90,W01,5
J90,W10,5
J90,Y65,3
J90,Y92,3
J90,W10,2
J90,Y82,2
J90,Y93,2
J90,Y82,2
J90,W06,2
J90,V86,2
J90,V29,2
J90,W17,1
J90,Y27,1
J90,Y73,1
J90,V80,1
J90,V05,1
J90,Y33,1
J90,Y93,1
J90,Y71,1
J90,V00,1
J90,V19,1
J90,V43,1
J90,V49,1
J90,V89,1
J90,W05,1
J90,W07,1
J90,Y71,1
J90,W19,1
J91,W19,1
J92,X58,1
J93,Y83,19
J93,W19,11
J93,W19,10
J93,Y84,8
J93,W01,7
J93,Y95,6
J93,X58,6
J93,X58,6
J93,W18,4
J93,W33,2
J93,Y92,2
J93,Y82,2
J93,W18,2
J93,W11,2
J93,V43,2
J93,W17,1
J93,Y71,1
J93,V49,1
J93,Y90,1
J93,W08,1
J93,W01,1
J93,Y93,1
J93,W06,1
J93,V80,1
J93,V87,1
J93,V89,1
J93,W06,1
J93,W07,1
J93,W10,1
J93,W55,1
J93,X99,1
J93,Y90,1
J94,Y84,9
J94,Y83,9
J94,W19,5
J94,W01,3
J94,Y92,2
J94,Y95,2
J94,W01,2
J94,W18,2
J94,W19,2
J94,Y90,1
J94,W11,1
J94,W17,1
J94,Y93,1
J94,X58,1
J94,V49,1
J94,V49,1
J94,V80,1
J94,W17,1
J94,X58,1
J94,W19,1
J95,Y83,230
J95,Y84,184
J95,Y83,103
J95,Y84,64
J95,Y95,13
J95,Y92,13
J95,X58,8
J95,W18,5
J95,X58,5
J95,Y95,5
J95,W01,4
J95,Y82,4
J95,Y65,4
J95,Y92,4
J95,W19,3
J95,Y73,2
J95,V89,2
J95,Y90,2
J95,Y82,2
J95,W19,2
J95,W07,2
J95,Y09,1
J95,V89,1
J95,Y65,1
J95,Y90,1
J96,Y95,538
J96,Y92,356
J96,X58,269
J96,W19,234
J96,Y83,214
J96,Y84,182
J96,W18,124
J96,W01,52
J96,Y90,49
J96,X58,49
J96,Y95,41
J96,W06,39
J96,W19,38
J96,Y83,35
J96,Y84,32
J96,V89,27
J96,V89,24
J96,Y92,23
J96,Y82,21
J96,W18,20
J96,W10,19
J96,V49,14
J96,W07,12
J96,Y71,12
J96,Y73,12
J96,Y90,11
J96,Y93,10
J96,W05,10
J96,X08,7
J96,V03,7
J96,W06,7
J96,W01,7
J96,W19,7
J96,Y65,6
J96,X00,6
J96,Y99,5
J96,X58,5
J96,V47,4
J96,W40,4
J96,X31,4
J96,V09,4
J96,V49,4
J96,W08,3
J96,X50,3
J96,V43,3
J96,W11,3
J96,W57,3
J96,V49,3
J96,V09,3
J96,Y95,3
J96,Y84,3
J96,Y33,2
J96,W20,2
J96,X14,2
J96,V29,2
J96,Y74,2
J96,Y09,2
J96,W34,2
J96,X83,2
J96,W22,2
J96,W00,2
J96,V86,2
J96,W88,2
J96,W17,2
J96,Y26,2
J96,Y99,2
J96,Y93,2
J96,Y73,2
J96,W22,2
J96,W20,2
J96,W10,2
J96,W07,2
J96,V43,2
J96,W19,2
J96,W18,2
J96,W55,1
J96,X01,1
J96,W03,1
J96,V99,1
J96,V48,1
J96,Y63,1
J96,Y80,1
J96,W13,1
J96,W45,1
J96,W94,1
J96,V84,1
J96,X06,1
J96,V00,1
J96,W54,1
J96,V23,1
J96,X10,1
J96,V19,1
J96,W92,1
J96,W74,1
J96,X74,1
J96,Y36,1
J96,V44,1
J96,W14,1
J96,X78,1
J96,X04,1
J96,W30,1
J96,Y04,1
J96,V27,1
J96,V04,1
J96,V57,1
J96,V80,1
J96,X76,1
J96,W05,1
J96,W09,1
J96,W11,1
J96,W34,1
J96,W40,1
J96,W55,1
J96,W74,1
J96,X01,1
J96,X02,1
J96,X83,1
J96,Y33,1
J96,Y65,1
J96,Y71,1
J96,W01,1
J96,W19,1
J96,V29,1
J96,X83,1
J96,Y83,1
J96,Y92,1
J98,X58,32
J98,W19,16
J98,X58,12
J98,Y83,10
J98,Y92,9
J98,Y83,5
J98,Y84,5
J98,W19,4
J98,W18,4
J98,W18,3
J98,V89,3
J98,Y90,2
J98,Y84,2
J98,Y95,2
J98,Y90,2
J98,W57,2
J98,W10,2
J98,W01,2
J98,W00,1
J98,W05,1
J98,W10,1
J98,W01,1
J98,W88,1
J98,X31,1
J98,Y38,1
J98,Y65,1
J98,Y95,1
J98,Y99,1
K01,V00,1
K02,X58,15
K02,Y92,2
K02,V49,1
K02,W10,1
K02,W22,1
K02,X50,1
K04,X58,24
K04,X58,3
K04,W55,3
K04,W19,3
K04,Y92,2
K04,Y84,2
K04,W22,2
K04,Y83,1
K04,Y92,1
K04,W19,1
K04,V49,1
K04,V99,1
K04,W01,1
K04,W10,1
K04,W54,1
K04,W64,1
K04,Y04,1
K04,Y33,1
K05,W18,1
K05,X58,1
K05,Y65,1
K05,Y83,1
K06,Y92,2
K06,W19,2
K06,Y83,1
K06,X58,1
K06,Y99,1
K08,X58,18
K08,W01,5
K08,W19,3
K08,W18,3
K08,Y84,2
K08,Y08,2
K08,V49,1
K08,V89,1
K08,W22,1
K08,Y04,1
K08,Y90,1
K08,Y93,1
K08,Y99,1
K09,X32,1
K11,X58,5
K11,Y84,3
K11,Y83,3
K11,X58,3
K11,Y83,2
K11,Y92,2
K11,Y84,2
K11,W19,2
K11,W06,1
K11,Y92,1
K11,W19,1
K11,W01,1
K11,W57,1
K12,Y84,10
K12,Y84,9
K12,Y83,5
K12,Y92,4
K12,X58,4
K12,X58,2
K12,Y83,2
K12,W90,1
K12,W19,1
K12,Y95,1
K12,W17,1
K12,W19,1
K12,W26,1
K12,W34,1
K12,Y04,1
K12,W19,1
K13,X58,6
K13,Y92,3
K13,X74,2
K13,W19,2
K13,W57,1
K13,Y90,1
K13,W01,1
K13,W45,1
K13,W89,1
K13,X50,1
K13,Y83,1
K13,Y84,1
K14,X58,8
K14,Y84,2
K14,W17,1
K20,Y84,34
K20,X58,10
K20,Y84,6
K20,Y92,5
K20,Y90,4
K20,X58,4
K20,Y83,3
K20,W01,2
K20,Y92,2
K20,Y90,2
K20,W19,1
K20,W18,1
K20,Y93,1
K20,W19,1
K20,X74,1
K20,Y82,1
K20,Y83,1
K21,X58,32
K21,W19,13
K21,Y83,9
K21,X58,9
K21,Y92,8
K21,Y84,8
K21,W19,7
K21,Y83,7
K21,W57,7
K21,Y90,5
K21,Y92,5
K21,Y93,4
K21,X50,3
K21,W18,3
K21,W88,2
K21,Y84,2
K21,Y33,2
K21,W22,2
K21,Y93,1
K21,Y65,1
K21,Y63,1
K21,V49,1
K21,Y99,1
K21,W03,1
K21,W06,1
K21,W26,1
K21,V89,1
K21,W07,1
K21,W10,1
K21,W20,1
K21,W54,1
K21,X30,1
K21,Y90,1
K21,Y99,1
K21,W19,1
K22,X58,79
K22,X58,32
K22,W19,30
K22,Y84,30
K22,Y83,29
K22,Y83,27
K22,Y92,23
K22,Y90,22
K22,Y84,18
K22,Y92,15
K22,Y95,11
K22,W88,10
K22,W18,9
K22,W01,5
K22,V89,5
K22,Y90,5
K22,W19,4
K22,W57,3
K22,Y73,2
K22,W06,2
K22,Y93,2
K22,Y73,2
K22,V89,2
K22,W17,1
K22,Y63,1
K22,W07,1
K22,W86,1
K22,Y79,1
K22,Y07,1
K22,W05,1
K22,W90,1
K22,Y35,1
K25,Y92,57
K25,W19,43
K25,Y83,34
K25,Y84,19
K25,X58,16
K25,W18,16
K25,Y95,8
K25,Y90,6
K25,W01,5
K25,W19,4
K25,X58,4
K25,W22,2
K25,V49,2
K25,W07,2
K25,Y73,2
K25,Y92,2
K25,Y83,2
K25,W01,2
K25,W17,1
K25,Y93,1
K25,W06,1
K25,W00,1
K25,W05,1
K25,W50,1
K25,W55,1
K25,X16,1
K25,W10,1
K25,W31,1
K25,W20,1
K25,V29,1
K25,Y71,1
K25,Y90,1
K26,W19,41
K26,Y92,36
K26,Y83,23
K26,Y84,18
K26,X58,16
K26,W01,12
K26,W18,11
K26,Y90,7
K26,Y95,5
K26,W06,4
K26,Y82,3
K26,Y92,3
K26,Y73,2
K26,V29,2
K26,Y83,2
K26,W07,1
K26,V00,1
K26,V58,1
K26,W22,1
K26,V44,1
K26,V89,1
K26,W00,1
K26,X30,1
K26,W05,1
K26,W19,1
K26,Y84,1
K26,Y95,1
K26,Y92,1
K27,W19,5
K27,Y92,5
K27,X58,3
K27,Y95,1
K27,Y83,1
K27,W18,1
K27,X78,1
K27,W19,1
K27,X58,1
K27,Y92,1
K28,Y83,8
K28,W19,4
K28,Y84,2
K28,W18,2
K28,Y92,2
K28,Y90,2
K28,X58,1
K28,W54,1
K28,Y84,1
K29,Y92,39
K29,Y90,32
K29,Y90,31
K29,X58,27
K29,Y92,17
K29,Y84,16
K29,Y83,15
K29,X58,13
K29,W19,12
K29,W18,7
K29,Y83,7
K29,W01,5
K29,Y95,4
K29,W01,4
K29,Y84,4
K29,W07,3
K29,W19,3
K29,Y99,2
K29,W06,2
K29,W18,2
K29,Y65,1
K29,Y73,1
K29,Y71,1
K29,X31,1
K29,W57,1
K29,Y93,1
K29,V49,1
K29,V89,1
K29,X83,1
K30,Y92,2
K30,X58,2
K30,Y83,1
K30,W18,1
K30,W19,1
K30,Y83,1
K31,Y83,39
K31,Y92,23
K31,W19,15
K31,X58,13
K31,Y83,13
K31,Y84,12
K31,X58,10
K31,W18,9
K31,Y95,8
K31,Y92,6
K31,Y71,4
K31,W01,3
K31,Y90,3
K31,Y84,3
K31,Y90,2
K31,W08,1
K31,Y33,1
K31,W34,1
K31,Y82,1
K31,W07,1
K31,Y73,1
K31,W06,1
K31,W22,1
K31,Y37,1
K31,V89,1
K31,V89,1
K31,Y70,1
K31,Y93,1
K35,Y83,24
K35,Y84,6
K35,X58,5
K35,Y92,4
K35,Y95,3
K35,W18,2
K35,Y73,2
K35,V29,1
K35,V89,1
K35,Y65,1
K35,Y99,1
K35,W01,1
K35,W55,1
K35,W19,1
K35,W10,1
K35,W18,1
K35,X58,1
K35,Y83,1
K35,Y92,1
K36,Y83,1
K37,W19,1
K37,Y83,1
K38,Y83,1
K40,Y83,23
K40,Y92,10
K40,Y83,9
K40,X50,8
K40,X58,7
K40,W19,7
K40,W19,4
K40,Y84,2
K40,X58,2
K40,Y95,2
K40,W01,2
K40,Y84,2
K40,X50,1
K40,Y93,1
K40,X31,1
K40,Y81,1
K40,W06,1
K40,Y65,1
K40,Y90,1
K40,W00,1
K40,W10,1
K40,W18,1
K40,W45,1
K40,W57,1
K40,Y65,1
K40,Y73,1
K40,Y81,1
K40,Y90,1
K40,Y92,1
K40,Y93,1
K40,Y95,1
K41,Y83,7
K41,X58,2
K41,Y95,2
K41,Y92,1
K41,Y73,1
K41,W18,1
K41,X58,1
K42,Y83,10
K42,Y83,8
K42,X58,3
K42,Y90,2
K42,Y95,1
K42,W05,1
K42,W19,1
K42,W18,1
K42,Y92,1
K42,Y84,1
K42,X58,1
K42,W01,1
K42,W55,1
K42,X50,1
K42,Y33,1
K43,Y83,122
K43,Y92,24
K43,Y83,19
K43,Y95,14
K43,Y84,10
K43,X58,9
K43,X58,8
K43,W19,5
K43,Y65,4
K43,W34,3
K43,Y92,3
K43,Y84,3
K43,W18,3
K43,Y90,2
K43,Y93,2
K43,W18,2
K43,Y65,2
K43,V89,1
K43,W22,1
K43,Y82,1
K43,W06,1
K43,Y73,1
K43,V99,1
K43,W55,1
K43,Y79,1
K43,Y81,1
K43,Y90,1
K44,Y83,37
K44,X58,7
K44,W19,7
K44,Y83,5
K44,Y92,4
K44,X58,4
K44,W19,2
K44,Y95,2
K44,Y84,2
K44,Y90,2
K44,W06,2
K44,W18,1
K44,W06,1
K44,Y65,1
K44,W50,1
K44,Y82,1
K44,W01,1
K44,V89,1
K44,W01,1
K44,W07,1
K44,W18,1
K44,W22,1
K44,X50,1
K44,Y69,1
K44,Y84,1
K45,Y83,6
K45,Y92,5
K45,Y95,1
K45,V89,1
K46,Y83,4
K46,V89,1
K46,Y92,1
K46,Y65,1
K46,Y95,1
K46,X58,1
K50,Y83,17
K50,Y83,7
K50,Y92,6
K50,Y84,5
K50,Y95,4
K50,X58,3
K50,W18,2
K50,X58,2
K50,W55,2
K50,W06,2
K50,V89,2
K50,Y90,1
K50,Y77,1
K50,Y99,1
K50,Y82,1
K50,X83,1
K50,Y71,1
K50,W55,1
K50,W13,1
K50,X78,1
K50,Y90,1
K51,Y83,11
K51,Y92,9
K51,W19,6
K51,X58,4
K51,Y83,3
K51,Y84,2
K51,V29,1
K51,W18,1
K51,W01,1
K51,W19,1
K51,X58,1
K52,Y92,92
K52,Y84,38
K52,Y92,33
K52,Y83,30
K52,W19,25
K52,W19,24
K52,X58,20
K52,X58,17
K52,Y90,12
K52,W18,10
K52,W18,9
K52,W01,8
K52,Y84,7
K52,W01,6
K52,Y83,4
K52,Y95,3
K52,Y71,2
K52,Y33,2
K52,Y90,2
K52,X30,2
K52,W57,2
K52,W22,2
K52,W06,2
K52,W10,1
K52,W05,1
K52,W17,1
K52,W07,1
K52,W34,1
K52,W90,1
K52,W06,1
K52,W88,1
K52,Y65,1
K52,W25,1
K52,W05,1
K52,W11,1
K52,W27,1
K52,W28,1
K52,W34,1
K52,W55,1
K52,X50,1
K52,Y04,1
K52,Y76,1
K52,Y93,1
K52,Y99,1
K52,W01,1
K55,Y83,35
K55,Y92,26
K55,W19,19
K55,Y84,17
K55,W18,13
K55,Y95,10
K55,Y83,10
K55,Y84,8
K55,X58,6
K55,W01,3
K55,Y82,2
K55,Y90,2
K55,X58,2
K55,V89,1
K55,W06,1
K55,Y73,1
K55,Y33,1
K55,V44,1
K55,W10,1
K55,W19,1
K55,W88,1
K55,Y65,1
K55,Y92,1
K55,Y84,1
K55,X58,1
K56,Y83,208
K56,Y92,99
K56,Y84,77
K56,X58,62
K56,W19,53
K56,Y95,50
K56,W18,22
K56,W01,15
K56,Y83,10
K56,Y73,9
K56,Y92,9
K56,Y65,8
K56,W06,8
K56,X58,6
K56,Y84,6
K56,V89,5
K56,W19,5
K56,Y90,4
K56,Y82,4
K56,W18,4
K56,X50,3
K56,Y71,3
K56,W88,3
K56,W01,3
K56,W05,2
K56,W06,2
K56,W17,1
K56,V03,1
K56,X08,1
K56,Y09,1
K56,Y76,1
K56,W11,1
K56,W13,1
K56,W34,1
K56,Y79,1
K56,Y69,1
K56,W55,1
K56,W90,1
K56,V29,1
K56,W57,1
K56,V49,1
K56,V89,1
K56,W11,1
K56,W17,1
K56,W22,1
K56,W34,1
K56,Y93,1
K56,Y95,1
K56,X58,1
K56,Y92,1
K57,Y83,111
K57,Y92,62
K57,W19,54
K57,Y84,32
K57,W18,25
K57,Y95,20
K57,X58,18
K57,X58,17
K57,W19,13
K57,W01,7
K57,Y65,7
K57,Y92,7
K57,Y90,5
K57,W22,4
K57,Y93,4
K57,Y83,3
K57,Y73,2
K57,W06,2
K57,Y71,2
K57,W06,2
K57,W01,2
K57,W19,2
K57,W05,1
K57,Y79,1
K57,W57,1
K57,W11,1
K57,X32,1
K57,X50,1
K57,V43,1
K57,W07,1
K57,Y63,1
K57,Y33,1
K57,V89,1
K57,W17,1
K57,W54,1
K57,W57,1
K57,X32,1
K57,Y33,1
K57,Y84,1
K57,Y90,1
K57,W18,1
K57,V03,1
K57,W18,1
K58,W19,3
K58,Y92,2
K58,Y83,1
K58,Y07,1
K58,W19,1
K58,W18,1
K58,W57,1
K58,X32,1
K58,X58,1
K58,Y83,1
K59,W19,58
K59,X58,52
K59,Y92,42
K59,Y92,39
K59,W01,15
K59,Y83,11
K59,W18,11
K59,X58,9
K59,Y84,8
K59,W19,8
K59,W06,6
K59,Y90,5
K59,Y84,4
K59,W18,3
K59,Y93,3
K59,X50,3
K59,W07,3
K59,V89,3
K59,Y95,2
K59,W01,2
K59,W06,2
K59,Y83,2
K59,X32,2
K59,W55,2
K59,W22,2
K59,V80,1
K59,W07,1
K59,X08,1
K59,V86,1
K59,V49,1
K59,Y33,1
K59,X95,1
K59,W11,1
K59,Y90,1
K59,W25,1
K59,W20,1
K59,Y93,1
K59,Y65,1
K59,V89,1
K59,X83,1
K59,V43,1
K59,V49,1
K59,V87,1
K59,W00,1
K59,W05,1
K59,W08,1
K59,W11,1
K59,W17,1
K59,W45,1
K59,W54,1
K59,X76,1
K59,X83,1
K59,Y04,1
K59,Y33,1
K59,Y71,1
K59,Y73,1
K59,Y82,1
K60,Y92,2
K60,X58,1
K60,Y84,1
K60,Y83,1
K60,V89,1
K60,Y65,1
K60,Y84,1
K61,Y92,7
K61,W19,3
K61,Y83,3
K61,X58,2
K61,Y83,2
K61,W18,1
K61,Y95,1
K61,V89,1
K61,Y84,1
K61,Y90,1
K61,Y92,1
K61,W19,1
K61,X58,1
K62,Y84,69
K62,Y84,55
K62,Y83,19
K62,Y92,19
K62,X58,17
K62,W88,14
K62,W19,7
K62,Y83,7
K62,W19,6
K62,Y95,6
K62,W18,5
K62,Y90,5
K62,X58,3
K62,W88,3
K62,Y92,3
K62,W90,2
K62,W01,2
K62,Y93,2
K62,Y63,2
K62,W90,2
K62,W18,2
K62,Y33,1
K62,X19,1
K62,X16,1
K62,V89,1
K62,Y65,1
K62,Y90,1
K62,Y63,1
K62,X83,1
K62,W23,1
K62,W01,1
K62,W10,1
K62,W11,1
K62,W17,1
K62,W34,1
K62,W57,1
K62,X50,1
K62,Y07,1
K62,Y93,1
K62,Y95,1
K62,Y84,1
K62,Y84,1
K63,Y83,44
K63,Y84,10
K63,Y92,9
K63,Y95,8
K63,X58,5
K63,Y83,5
K63,W19,4
K63,X58,4
K63,W18,3
K63,W19,2
K63,W22,1
K63,Y90,1
K63,Y73,1
K63,V09,1
K63,W10,1
K63,W88,1
K63,Y82,1
K63,Y65,1
K63,V49,1
K63,V89,1
K63,W07,1
K63,W18,1
K63,W22,1
K63,W34,1
K64,Y83,9
K64,X58,9
K64,Y92,8
K64,W19,8
K64,Y84,5
K64,Y92,5
K64,W18,4
K64,X58,4
K64,W19,4
K64,Y90,3
K64,Y93,2
K64,Y83,2
K64,Y95,1
K64,W01,1
K64,W57,1
K64,W06,1
K64,W01,1
K64,W18,1
K64,W54,1
K64,Y84,1
K65,Y83,29
K65,Y84,11
K65,W19,5
K65,Y95,4
K65,X58,2
K65,Y90,2
K65,Y92,2
K65,Y84,2
K65,W20,1
K65,W01,1
K65,X83,1
K65,Y71,1
K65,W17,1
K65,Y81,1
K65,V89,1
K65,W17,1
K65,X58,1
K65,Y33,1
K65,Y73,1
K66,Y84,7
K66,X58,6
K66,W19,6
K66,Y92,6
K66,Y83,5
K66,W01,4
K66,Y95,3
K66,X58,3
K66,W18,2
K66,V00,1
K66,V13,1
K66,W17,1
K66,Y73,1
K66,V43,1
K66,W01,1
K66,Y83,1
K66,Y84,1
K66,Y90,1
K68,Y83,10
K68,Y84,7
K68,Y92,5
K68,W19,3
K68,W06,2
K68,X58,2
K68,V89,1
K68,W18,1
K68,Y63,1
K68,Y83,1
K68,Y84,1
K68,Y92,1
K70,Y90,102
K70,W19,25
K70,Y90,25
K70,Y92,22
K70,Y83,13
K70,X58,11
K70,W18,11
K70,W01,7
K70,X58,7
K70,Y95,6
K70,Y92,5
K70,Y84,3
K70,W10,2
K70,Y83,2
K70,W19,2
K70,Y73,1
K70,Y65,1
K70,V43,1
K70,W45,1
K70,Y63,1
K70,X50,1
K70,V89,1
K70,W08,1
K70,Y82,1
K70,W17,1
K70,W01,1
K70,W06,1
K70,W18,1
K70,W20,1
K70,Y64,1
K70,W19,1
K70,X58,1
K70,Y90,1
K71,Y92,9
K71,X58,2
K71,Y83,2
K71,W19,2
K71,W57,1
K71,Y90,1
K71,W18,1
K71,X58,1
K72,Y92,47
K72,W19,38
K72,Y83,28
K72,W18,27
K72,Y90,17
K72,W01,13
K72,X58,12
K72,Y84,9
K72,Y95,7
K72,W06,7
K72,W19,7
K72,Y92,5
K72,W07,4
K72,W10,4
K72,V89,4
K72,Y73,3
K72,Y83,3
K72,Y95,2
K72,Y90,2
K72,X58,2
K72,Y93,1
K72,Y82,1
K72,W05,1
K72,W04,1
K72,W45,1
K72,Y99,1
K72,Y63,1
K72,W22,1
K72,V43,1
K72,V48,1
K72,W01,1
K72,W06,1
K72,W17,1
K72,W18,1
K72,X99,1
K72,Y84,1
K72,Y99,1
K74,W19,14
K74,Y83,13
K74,W18,13
K74,W19,13
K74,Y84,10
K74,Y92,9
K74,W01,7
K74,X58,6
K74,W06,5
K74,X58,5
K74,Y83,4
K74,Y95,3
K74,Y90,3
K74,W18,3
K74,Y92,2
K74,W57,2
K74,Y71,1
K74,Y82,1
K74,Y77,1
K74,Y90,1
K74,Y73,1
K74,Y37,1
K74,W01,1
K74,W34,1
K74,Y69,1
K74,Y93,1
K74,W19,1
K75,Y92,7
K75,W18,6
K75,Y83,6
K75,Y95,5
K75,W19,5
K75,Y84,4
K75,X58,2
K75,W01,2
K75,Y83,2
K75,W19,2
K75,W06,1
K75,V80,1
K75,W01,1
K75,W34,1
K75,W57,1
K75,X58,1
K75,Y90,1
K75,Y92,1
K76,Y83,9
K76,Y84,5
K76,Y92,5
K76,Y83,5
K76,Y90,3
K76,Y95,3
K76,W19,3
K76,X58,3
K76,W18,2
K76,Y65,1
K76,W01,1
K76,X08,1
K76,V19,1
K76,X58,1
K76,W06,1
K76,Y71,1
K76,V42,1
K76,W17,1
K76,W18,1
K76,W19,1
K76,X50,1
K76,Y92,1
K80,Y83,133
K80,Y92,46
K80,Y84,35
K80,W19,25
K80,X58,20
K80,X58,19
K80,Y83,18
K80,Y95,13
K80,W18,13
K80,Y92,8
K80,W06,7
K80,W01,6
K80,Y90,6
K80,Y65,5
K80,Y73,3
K80,Y90,3
K80,W18,3
K80,W01,3
K80,W22,2
K80,W10,2
K80,W05,2
K80,W22,2
K80,W19,2
K80,Y93,1
K80,Y75,1
K80,W34,1
K80,X16,1
K80,X30,1
K80,Y71,1
K80,V49,1
K80,V89,1
K80,W54,1
K80,W57,1
K80,X50,1
K80,V85,1
K80,W07,1
K80,W10,1
K80,W23,1
K80,W50,1
K80,Y65,1
K80,Y82,1
K80,Y93,1
K80,W19,1
K81,Y83,20
K81,Y92,11
K81,Y95,8
K81,Y84,6
K81,X58,4
K81,Y83,4
K81,W18,3
K81,W19,2
K81,Y92,2
K81,W19,2
K81,Y65,1
K81,X58,1
K81,Y84,1
K82,Y83,1
K82,Y92,1
K82,X58,1
K82,Y84,1
K82,W22,1
K82,W06,1
K82,X58,1
K82,Y73,1
K82,Y83,1
K82,Y90,1
K83,Y83,16
K83,Y84,11
K83,Y83,7
K83,Y92,6
K83,X58,6
K83,W19,3
K83,Y95,3
K83,X58,3
K83,Y84,3
K83,Y73,3
K83,Y72,2
K83,W06,1
K83,Y99,1
K83,W22,1
K83,W01,1
K83,W10,1
K85,Y90,71
K85,Y92,45
K85,Y83,43
K85,Y84,26
K85,W19,16
K85,X58,15
K85,Y90,13
K85,Y95,12
K85,W18,8
K85,W06,5
K85,W01,5
K85,X58,5
K85,W18,4
K85,Y65,3
K85,Y92,3
K85,Y83,3
K85,Y82,2
K85,W01,2
K85,Y79,1
K85,W45,1
K85,X31,1
K85,W57,1
K85,V89,1
K85,Y08,1
K85,W54,1
K85,X50,1
K85,W00,1
K85,Y93,1
K85,V19,1
K85,V48,1
K85,V87,1
K85,V89,1
K85,W10,1
K85,W19,1
K85,W26,1
K85,X50,1
K85,Y99,1
K85,Y83,1
K86,X58,10
K86,Y83,8
K86,Y92,5
K86,Y90,5
K86,Y90,4
K86,W19,4
K86,Y83,3
K86,X58,2
K86,Y84,2
K86,W19,2
K86,X08,1
K86,V29,1
K86,V03,1
K86,V89,1
K86,W55,1
K86,Y93,1
K90,Y92,1
K90,Y83,1
K90,W18,1
K90,W19,1
K90,X58,1
K91,Y83,691
K91,Y83,241
K91,Y84,116
K91,Y84,35
K91,Y92,26
K91,Y65,13
K91,Y73,10
K91,Y95,8
K91,W18,4
K91,W19,4
K91,X58,3
K91,X58,3
K91,Y82,2
K91,W07,2
K91,Y65,2
K91,Y83,2
K91,Y74,1
K91,W01,1
K91,W86,1
K91,W19,1
K91,W34,1
K91,Y82,1
K91,Y92,1
K91,Y99,1
K91,Y83,1
K92,Y92,121
K92,W19,93
K92,Y83,73
K92,X58,58
K92,Y84,47
K92,W18,40
K92,W19,31
K92,Y90,29
K92,Y95,26
K92,Y92,23
K92,W01,20
K92,Y90,19
K92,W18,17
K92,X58,15
K92,Y84,11
K92,W01,10
K92,W06,9
K92,Y83,9
K92,Y71,7
K92,Y93,4
K92,W06,4
K92,Y95,4
K92,W07,3
K92,Y33,3
K92,W05,3
K92,Y65,2
K92,V89,2
K92,W22,2
K92,Y79,2
K92,Y73,2
K92,Y36,2
K92,X31,2
K92,W57,2
K92,W88,1
K92,Y82,1
K92,Y81,1
K92,Y09,1
K92,W55,1
K92,W11,1
K92,Y63,1
K92,W17,1
K92,V29,1
K92,V89,1
K92,W05,1
K92,W07,1
K92,W10,1
K92,X50,1
K92,Y09,1
K92,Y71,1
K92,Y78,1
K92,Y93,1
K92,W01,1
K94,Y83,624
K94,Y83,367
K94,Y84,105
K94,Y84,41
K94,Y73,28
K94,X58,21
K94,Y92,10
K94,Y73,10
K94,Y95,8
K94,Y92,8
K94,X58,7
K94,Y69,7
K94,Y82,7
K94,Y65,6
K94,Y65,2
K94,W18,2
K94,W57,2
K94,W19,2
K94,W18,2
K94,W17,1
K94,W06,1
K94,Y69,1
K94,W19,1
K94,Y33,1
K94,V89,1
K94,Y82,1
K94,V89,1
K94,W05,1
K94,W54,1
K94,W88,1
K94,X95,1
K94,Y04,1
K94,Y79,1
K95,Y83,64
K95,Y84,28
K95,Y83,22
K95,Y84,14
K95,Y73,5
K95,W19,2
K95,Y73,2
K95,Y82,1
K95,X58,1
K95,Y95,1
K95,Y65,1
K95,Y76,1
L00,X58,1
L01,Y92,2
L01,X58,2
L01,W01,1
L01,W57,1
L01,W89,1
L01,X08,1
L02,X58,76
L02,Y83,37
L02,W57,28
L02,Y92,17
L02,W22,17
L02,Y83,16
L02,X58,15
L02,W54,14
L02,W19,12
L02,W57,11
L02,W55,11
L02,Y84,10
L02,W22,7
L02,W19,7
L02,W45,7
L02,W55,6
L02,W54,5
L02,W18,4
L02,W01,4
L02,W23,4
L02,W26,4
L02,Y93,4
L02,W26,3
L02,Y95,3
L02,Y93,3
L02,Y73,3
L02,Y84,3
L02,Y79,3
L02,W20,3
L02,W17,2
L02,W46,2
L02,Y04,2
L02,W01,2
L02,V89,2
L02,W06,2
L02,Y92,2
L02,Y33,2
L02,W18,2
L02,X19,1
L02,V49,1
L02,V40,1
L02,V99,1
L02,W23,1
L02,V18,1
L02,W25,1
L02,W86,1
L02,W31,1
L02,Y65,1
L02,W49,1
L02,V09,1
L02,W07,1
L02,X10,1
L02,X78,1
L02,W20,1
L02,W45,1
L02,W40,1
L02,Y90,1
L02,W03,1
L02,V18,1
L02,V19,1
L02,V49,1
L02,W10,1
L02,W25,1
L02,W27,1
L02,W34,1
L02,W46,1
L02,W49,1
L02,W61,1
L02,X74,1
L02,Y04,1
L02,Y28,1
L02,Y38,1
L02,Y90,1
L02,W19,1
L02,W28,1
L03,X58,326
L03,W57,207
L03,X58,200
L03,W55,200
L03,W19,178
L03,W55,175
L03,W22,161
L03,Y92,141
L03,W19,124
L03,W18,96
L03,W54,92
L03,W01,79
L03,W54,75
L03,Y83,62
L03,W01,62
L03,W22,56
L03,Y83,54
L03,W18,53
L03,W57,45
L03,W45,45
L03,Y92,44
L03,Y84,40
L03,W26,29
L03,W45,26
L03,W06,24
L03,W20,23
L03,W10,22
L03,Y93,19
L03,Y90,18
L03,W26,16
L03,W05,16
L03,Y95,14
L03,Y84,14
L03,Y93,12
L03,V89,12
L03,X50,11
L03,Y90,11
L03,W07,10
L03,W10,10
L03,W06,10
L03,W23,10
L03,W20,9
L03,X08,7
L03,Y33,7
L03,W17,7
L03,W25,7
L03,W29,7
L03,Y99,7
L03,W31,6
L03,Y99,6
L03,W25,6
L03,V00,6
L03,Y73,6
L03,W27,6
L03,W07,6
L03,W19,6
L03,W17,5
L03,V49,5
L03,X19,5
L03,X50,5
L03,Y79,5
L03,X58,5
L03,W05,4
L03,W31,4
L03,W49,4
L03,W50,4
L03,X08,4
L03,X11,4
L03,X19,4
L03,X10,3
L03,W34,3
L03,W29,3
L03,V03,3
L03,V86,3
L03,Y82,3
L03,Y04,3
L03,X16,3
L03,X10,3
L03,W60,3
L03,W34,3
L03,W11,3
L03,V18,3
L03,V09,3
L03,V09,2
L03,V48,2
L03,V18,2
L03,V19,2
L03,X11,2
L03,V29,2
L03,X15,2
L03,Y33,2
L03,X15,2
L03,X12,2
L03,W61,2
L03,W53,2
L03,W08,2
L03,V89,2
L03,V29,2
L03,V19,2
L03,V03,2
L03,X58,2
L03,W01,2
L03,V02,1
L03,W11,1
L03,V84,1
L03,V58,1
L03,V98,1
L03,V44,1
L03,W56,1
L03,W60,1
L03,V23,1
L03,W32,1
L03,W08,1
L03,W33,1
L03,W93,1
L03,Y71,1
L03,Y04,1
L03,W30,1
L03,X31,1
L03,V94,1
L03,W00,1
L03,W23,1
L03,Y07,1
L03,X12,1
L03,X13,1
L03,X93,1
L03,W50,1
L03,X94,1
L03,Y63,1
L03,Y80,1
L03,V43,1
L03,W46,1
L03,V04,1
L03,V28,1
L03,V43,1
L03,V98,1
L03,V99,1
L03,W03,1
L03,W13,1
L03,W21,1
L03,W28,1
L03,W30,1
L03,W46,1
L03,W56,1
L03,W64,1
L03,X00,1
L03,X18,1
L03,X31,1
L03,X78,1
L03,Y00,1
L03,Y09,1
L03,Y35,1
L03,Y63,1
L03,Y71,1
L03,Y79,1
L03,Y95,1
L03,W19,1
L03,V29,1
L03,W20,1
L03,W54,1
L03,W55,1
L03,Y83,1
L03,Y92,1
L03,Y93,1
L03,Y95,1
L03,Y99,1
L04,W57,1
L04,X58,1
L04,Y09,1
L05,W19,1
L05,Y83,1
L05,Y99,1
L08,X58,37
L08,W57,27
L08,W55,12
L08,W19,9
L08,W54,6
L08,W22,6
L08,W01,6
L08,Y83,4
L08,W26,4
L08,W19,3
L08,Y99,3
L08,Y93,3
L08,Y92,3
L08,X58,2
L08,Y84,2
L08,W01,2
L08,V18,2
L08,W18,2
L08,W25,2
L08,W45,2
L08,W06,1
L08,Y90,1
L08,X31,1
L08,Y83,1
L08,W26,1
L08,W54,1
L08,V89,1
L08,W06,1
L08,W20,1
L08,W23,1
L08,W27,1
L08,W29,1
L08,W46,1
L08,W60,1
L08,X15,1
L08,X50,1
L08,Y84,1
L08,W19,1
L11,W19,1
L11,W57,1
L11,X32,1
L12,X58,3
L12,Y92,2
L12,W18,1
L12,W06,1
L12,W19,1
L12,Y84,1
L13,W57,1
L20,W55,1
L20,W57,1
L20,X32,1
L20,X58,1
L21,X32,3
L21,W10,1
L21,W19,1
L22,X58,1
L23,W57,7
L23,X58,7
L23,Y92,7
L23,Y93,4
L23,W19,2
L23,Y92,1
L23,W19,1
L23,W17,1
L23,W22,1
L24,X58,2
L24,Y83,1
L24,W57,1
L24,Y83,1
L24,Y92,1
L24,Y93,1
L25,X58,9
L25,Y92,8
L25,W57,5
L25,X83,4
L25,Y93,3
L25,W19,1
L25,W45,1
L26,Y92,1
L27,Y92,49
L27,Y92,27
L27,X58,6
L27,Y83,5
L27,Y33,4
L27,W57,3
L27,X58,2
L27,W20,1
L27,W57,1
L27,W45,1
L27,Y82,1
L27,Y84,1
L27,Y93,1
L27,Y99,1
L28,W57,6
L28,X58,4
L28,W89,1
L28,X32,1
L29,W57,24
L29,X58,14
L29,Y92,10
L29,Y93,3
L29,X32,3
L29,W19,2
L29,Y99,2
L29,W18,1
L29,V18,1
L29,W01,1
L29,X08,1
L29,Y83,1
L29,Y84,1
L29,Y90,1
L30,X58,15
L30,W57,10
L30,X32,8
L30,W01,2
L30,W19,2
L30,Y90,1
L30,W17,1
L30,W18,1
L30,W20,1
L30,W22,1
L30,W26,1
L30,W50,1
L30,W55,1
L30,W64,1
L30,W88,1
L30,W89,1
L30,Y33,1
L30,Y65,1
L40,X58,8
L40,W19,5
L40,X32,5
L40,Y92,1
L40,W19,1
L40,Y90,1
L40,W08,1
L40,W18,1
L40,W57,1
L40,W90,1
L40,Y83,1
L40,Y99,1
L50,X58,31
L50,Y92,30
L50,W57,19
L50,W19,4
L50,X58,2
L50,Y92,2
L50,W18,1
L50,X31,1
L50,Y83,1
L50,Y84,1
L50,Y93,1
L51,Y92,8
L51,X58,2
L51,X58,1
L52,Y81,1
L53,W57,16
L53,X58,3
L53,Y83,2
L53,W55,2
L53,Y84,2
L53,V89,1
L53,Y92,1
L53,Y84,1
L53,W06,1
L53,W18,1
L53,W19,1
L53,Y83,1
L53,Y92,1
L55,X30,2
L55,Y92,2
L55,V94,1
L55,W88,1
L55,X32,1
L55,X58,1
L56,X32,12
L56,W89,1
L56,Y92,1
L57,X32,240
L57,W57,15
L57,W89,14
L57,X58,12
L57,W19,5
L57,Y84,2
L57,W18,1
L57,W22,1
L57,W54,1
L57,W55,1
L57,W88,1
L57,W90,1
L57,Y99,1
L58,W88,1
L58,X58,1
L58,Y84,1
L59,Y84,618
L59,W88,176
L59,Y83,48
L59,X58,39
L59,W90,29
L59,Y93,10
L59,X15,9
L59,Y84,3
L59,W89,2
L59,Y63,2
L59,Y63,1
L59,Y92,1
L60,X58,12
L60,W22,3
L60,W23,2
L60,W10,1
L60,W19,1
L60,W26,1
L60,Y93,1
L64,X32,1
L65,W57,1
L65,X31,1
L65,X32,1
L67,X58,1
L70,W57,2
L70,X32,2
L70,X11,1
L70,Y99,1
L71,W57,3
L71,X32,2
L71,X58,1
L72,X58,8
L72,X32,6
L72,Y83,4
L72,W57,3
L72,W19,2
L72,W00,1
L72,W13,1
L72,W18,1
L72,W20,1
L72,W89,1
L73,X58,16
L73,W57,3
L73,W19,3
L73,W19,2
L73,Y83,2
L73,X32,2
L73,Y83,2
L73,Y92,1
L73,W22,1
L73,W35,1
L73,W45,1
L73,Y04,1
L73,Y82,1
L76,Y83,500
L76,Y83,229
L76,Y84,118
L76,Y84,25
L76,X58,12
L76,W19,7
L76,Y92,7
L76,Y92,6
L76,W22,3
L76,W01,3
L76,Y79,2
L76,X58,2
L76,Y71,2
L76,Y65,2
L76,W06,1
L76,Y82,1
L76,Y81,1
L76,W07,1
L76,Y33,1
L76,W10,1
L76,W18,1
L76,W25,1
L76,W32,1
L76,X50,1
L76,Y69,1
L76,Y71,1
L76,Y81,1
L76,Y82,1
L81,X32,9
L81,X58,5
L81,W57,3
L81,W06,1
L81,W22,1
L81,Y83,1
L81,Y84,1
L82,X32,64
L82,W57,6
L82,W19,1
L82,W89,1
L82,X58,1
L84,X58,12
L84,X31,4
L84,W01,2
L84,Y83,2
L84,W18,1
L84,W19,1
L84,W22,1
L85,W57,3
L85,W19,2
L85,X32,2
L85,X58,2
L85,Y83,1
L85,Y92,1
L88,X58,6
L88,Y84,1
L88,W00,1
L89,X58,556
L89,Y83,118
L89,Y84,44
L89,X58,38
L89,W19,36
L89,V89,33
L89,Y83,31
L89,W22,27
L89,Y84,26
L89,Y92,22
L89,V89,20
L89,W19,19
L89,Y92,18
L89,X16,16
L89,Y95,14
L89,W32,14
L89,W18,13
L89,W01,13
L89,X19,11
L89,X08,11
L89,V49,9
L89,W45,9
L89,W34,8
L89,X10,8
L89,W34,6
L89,Y73,6
L89,V49,6
L89,Y79,5
L89,Y82,5
L89,W01,4
L89,W17,4
L89,W06,4
L89,Y99,4
L89,Y93,4
L89,Y24,4
L89,Y93,3
L89,W05,3
L89,W16,3
L89,V29,3
L89,W18,3
L89,X95,3
L89,W88,3
L89,W23,3
L89,W10,3
L89,W05,3
L89,V59,3
L89,W19,3
L89,V86,2
L89,Y82,2
L89,W06,2
L89,W51,2
L89,X31,2
L89,X50,2
L89,V00,2
L89,V86,2
L89,W31,2
L89,V49,2
L89,V89,2
L89,W34,2
L89,Y82,2
L89,Y83,2
L89,V89,2
L89,Y33,1
L89,W14,1
L89,W10,1
L89,X19,1
L89,Y24,1
L89,Y71,1
L89,V99,1
L89,W55,1
L89,X10,1
L89,W31,1
L89,Y90,1
L89,V09,1
L89,V46,1
L89,V69,1
L89,V87,1
L89,W07,1
L89,W08,1
L89,W13,1
L89,W14,1
L89,W16,1
L89,W24,1
L89,W33,1
L89,W46,1
L89,W49,1
L89,W50,1
L89,W54,1
L89,X11,1
L89,X15,1
L89,X82,1
L89,Y09,1
L89,Y63,1
L89,Y65,1
L89,Y71,1
L89,Y73,1
L89,V29,1
L89,W01,1
L89,W93,1
L89,X58,1
L90,X08,23
L90,X58,13
L90,X10,7
L90,X32,6
L90,Y83,6
L90,X03,5
L90,X11,5
L90,X19,3
L90,X12,3
L90,W31,3
L90,V49,2
L90,W40,2
L90,X16,2
L90,Y83,1
L90,W01,1
L90,W11,1
L90,W18,1
L90,W19,1
L90,W23,1
L90,W29,1
L90,W50,1
L90,W54,1
L90,W86,1
L90,X00,1
L90,X01,1
L90,X04,1
L90,X06,1
L90,Y84,1
L91,X08,7
L91,X32,3
L91,X10,2
L91,X58,2
L91,Y83,1
L91,W40,1
L91,W54,1
L91,W57,1
L91,X03,1
L91,X06,1
L91,X15,1
L91,X76,1
L92,Y83,16
L92,X58,2
L92,W18,2
L92,X58,1
L92,W06,1
L92,W19,1
L92,W34,1
L92,W45,1
L92,Y73,1
L93,W54,1
L93,X58,1
L93,Y83,1
L94,X58,2
L94,W19,1
L94,Y82,1
L94,Y83,1
L95,Y92,3
L95,W22,1
L95,X58,1
L95,Y92,1
L97,X58,582
L97,Y83,165
L97,W22,120
L97,Y84,93
L97,W01,74
L97,W19,64
L97,Y92,28
L97,W54,24
L97,W18,21
L97,Y93,20
L97,W88,18
L97,W55,14
L97,W10,14
L97,X08,13
L97,W45,12
L97,W20,11
L97,X58,7
L97,V89,7
L97,Y99,7
L97,Y33,7
L97,W57,6
L97,W23,6
L97,Y83,5
L97,V29,5
L97,W34,5
L97,W51,5
L97,W90,5
L97,X12,5
L97,W64,4
L97,X19,4
L97,X50,4
L97,W07,4
L97,Y84,3
L97,Y92,3
L97,Y82,3
L97,V40,3
L97,Y95,2
L97,W18,2
L97,Y04,2
L97,X11,2
L97,X10,2
L97,V00,2
L97,W24,2
L97,W17,2
L97,W06,2
L97,V09,1
L97,W45,1
L97,W26,1
L97,W22,1
L97,Y79,1
L97,V49,1
L97,W01,1
L97,W23,1
L97,W90,1
L97,W19,1
L97,V03,1
L97,Y99,1
L97,V03,1
L97,V09,1
L97,V19,1
L97,V23,1
L97,V49,1
L97,V58,1
L97,V86,1
L97,W05,1
L97,W21,1
L97,W25,1
L97,W26,1
L97,W27,1
L97,W29,1
L97,W31,1
L97,W46,1
L97,W50,1
L97,W59,1
L97,W60,1
L97,X06,1
L97,X93,1
L97,X95,1
L97,Y36,1
L97,Y65,1
L97,Y69,1
L97,Y73,1
L97,X58,1
L98,Y83,85
L98,X58,78
L98,Y84,39
L98,W57,19
L98,W19,16
L98,W01,13
L98,W22,10
L98,W88,9
L98,W18,7
L98,Y92,6
L98,X32,5
L98,Y82,5
L98,W55,4
L98,X08,4
L98,W54,3
L98,W00,3
L98,X58,2
L98,Y92,2
L98,Y33,2
L98,W34,2
L98,W17,2
L98,W10,2
L98,V89,2
L98,W18,1
L98,Y84,1
L98,X50,1
L98,W19,1
L98,V29,1
L98,W06,1
L98,W20,1
L98,W26,1
L98,W31,1
L98,W45,1
L98,W46,1
L98,W50,1
L98,W60,1
L98,W90,1
L98,W92,1
L98,X12,1
L98,X15,1
L98,X19,1
L98,Y63,1
L98,Y65,1
L98,Y93,1
L98,Y99,1
L98,V99,1
M00,X58,14
M00,Y92,12
M00,Y83,11
M00,X58,10
M00,Y83,10
M00,W19,7
M00,Y84,5
M00,W18,5
M00,W22,4
M00,X50,4
M00,W19,3
M00,W31,2
M00,W54,2
M00,W55,2
M00,Y84,2
M00,W11,1
M00,Y90,1
M00,W27,1
M00,W55,1
M00,Y95,1
M00,W26,1
M00,W34,1
M00,Y79,1
M00,Y33,1
M00,W01,1
M00,V00,1
M00,Y93,1
M00,V58,1
M00,W07,1
M00,W00,1
M00,W57,1
M00,W20,1
M00,X50,1
M00,Y79,1
M00,Y82,1
M00,Y99,1
M00,X58,1
M01,W19,1
M02,Y92,1
M02,Y95,1
M04,Y92,1
M04,X58,1
M05,X58,13
M05,W19,6
M05,W55,2
M05,V42,2
M05,W19,1
M05,Y83,1
M05,Y92,1
M05,W18,1
M05,W23,1
M05,X50,1
M05,Y63,1
M05,Y93,1
M05,Y99,1
M06,X58,25
M06,W19,13
M06,W57,7
M06,W22,5
M06,W19,4
M06,Y92,3
M06,W06,2
M06,W18,2
M06,X58,1
M06,X50,1
M06,Y92,1
M06,W00,1
M06,W01,1
M06,W55,1
M06,X50,1
M06,Y04,1
M06,Y65,1
M06,Y79,1
M06,Y83,1
M06,Y99,1
M08,Y92,1
M10,X58,18
M10,W19,14
M10,Y92,10
M10,W19,9
M10,W22,8
M10,Y83,6
M10,W18,5
M10,W57,5
M10,Y92,5
M10,W01,4
M10,W18,3
M10,X58,2
M10,W22,2
M10,W06,2
M10,Y83,2
M10,Y84,1
M10,W01,1
M10,W07,1
M10,W10,1
M10,W20,1
M10,W55,1
M10,X50,1
M11,X58,7
M11,W19,5
M11,W18,4
M11,X58,2
M11,W01,2
M11,W01,2
M11,W18,2
M11,Y83,1
M11,X50,1
M11,Y92,1
M11,W06,1
M11,Y93,1
M11,W22,1
M11,X50,1
M11,Y99,1
M12,X58,33
M12,W19,5
M12,W01,4
M12,X58,3
M12,W57,3
M12,X50,3
M12,W19,2
M12,Y92,2
M12,Y83,2
M12,Y79,2
M12,Y83,2
M12,V89,2
M12,W10,1
M12,W07,1
M12,W18,1
M12,V29,1
M12,W00,1
M12,Y79,1
M12,V00,1
M12,W00,1
M12,W18,1
M12,W20,1
M12,W23,1
M12,W54,1
M12,Y92,1
M12,Y93,1
M12,Y99,1
M13,X58,11
M13,W01,5
M13,W19,5
M13,W57,3
M13,X50,3
M13,Y83,2
M13,Y92,2
M13,W18,2
M13,Y92,1
M13,Y82,1
M13,W19,1
M13,V89,1
M13,W00,1
M13,W07,1
M13,W10,1
M13,W22,1
M13,Y83,1
M13,Y93,1
M14,X58,11
M14,W19,2
M14,W20,1
M14,Y83,1
M15,X58,12
M15,W19,7
M15,W01,4
M15,W18,3
M15,W06,2
M15,X50,2
M15,W19,2
M15,W06,1
M15,V89,1
M15,W54,1
M15,W57,1
M15,W86,1
M15,X83,1
M15,Y81,1
M15,W06,1
M15,W10,1
M16,X58,96
M16,W19,88
M16,Y83,81
M16,X58,65
M16,Y92,62
M16,W18,20
M16,W19,19
M16,W18,18
M16,W01,17
M16,W01,13
M16,Y84,10
M16,Y83,8
M16,Y65,7
M16,Y90,7
M16,X50,7
M16,Y93,6
M16,Y79,5
M16,W06,4
M16,W07,4
M16,Y92,4
M16,V89,3
M16,W06,3
M16,W10,3
M16,Y79,3
M16,Y33,2
M16,W07,2
M16,W57,2
M16,W17,2
M16,W00,2
M16,V43,1
M16,Y95,1
M16,X50,1
M16,Y82,1
M16,Y71,1
M16,V09,1
M16,W88,1
M16,V49,1
M16,W10,1
M16,W05,1
M16,V00,1
M16,V03,1
M16,V09,1
M16,V19,1
M16,V43,1
M16,V49,1
M16,V81,1
M16,V95,1
M16,W22,1
M16,W64,1
M16,Y65,1
M16,Y84,1
M16,Y99,1
M16,Y83,1
M17,X58,347
M17,Y92,132
M17,W19,132
M17,Y83,105
M17,X58,74
M17,X50,39
M17,W18,39
M17,W01,36
M17,Y83,29
M17,W19,23
M17,W18,18
M17,Y84,18
M17,Y92,16
M17,Y93,14
M17,W10,10
M17,Y99,10
M17,W01,8
M17,W06,8
M17,Y79,6
M17,W57,6
M17,W22,6
M17,W06,5
M17,V89,5
M17,Y90,5
M17,V89,4
M17,Y90,4
M17,Y84,4
M17,W07,4
M17,Y93,3
M17,W23,3
M17,W10,3
M17,Y65,3
M17,Y95,3
M17,W17,3
M17,W05,3
M17,W17,3
M17,W54,3
M17,Y79,3
M17,W05,2
M17,X50,2
M17,W55,2
M17,W07,2
M17,V29,2
M17,W00,2
M17,V43,2
M17,V19,2
M17,Y33,2
M17,V80,1
M17,V09,1
M17,X32,1
M17,W27,1
M17,W26,1
M17,V49,1
M17,W57,1
M17,V29,1
M17,V78,1
M17,W23,1
M17,W88,1
M17,X19,1
M17,Y65,1
M17,W19,1
M17,V89,1
M17,Y83,1
M18,X58,21
M18,W19,14
M18,Y83,3
M18,X50,2
M18,V18,1
M18,W10,1
M18,W18,1
M18,Y92,1
M19,X58,341
M19,W19,151
M19,X58,65
M19,W01,32
M19,W19,27
M19,Y83,27
M19,W18,27
M19,Y92,20
M19,X50,17
M19,Y83,15
M19,Y93,14
M19,Y92,11
M19,V89,11
M19,W10,10
M19,W22,7
M19,Y79,5
M19,W06,5
M19,W57,5
M19,Y99,5
M19,Y84,4
M19,Y65,4
M19,V89,4
M19,V49,4
M19,W00,4
M19,W01,3
M19,W17,3
M19,Y33,3
M19,W18,2
M19,X50,2
M19,Y79,2
M19,W55,2
M19,W54,2
M19,W23,2
M19,W11,2
M19,W05,2
M19,V13,2
M19,W19,2
M19,Y24,1
M19,W22,1
M19,W10,1
M19,V00,1
M19,V80,1
M19,Y93,1
M19,W06,1
M19,V00,1
M19,V29,1
M19,V43,1
M19,V74,1
M19,V99,1
M19,W07,1
M19,W13,1
M19,W20,1
M19,W27,1
M19,W31,1
M19,W89,1
M19,X32,1
M19,Y84,1
M19,Y90,1
M19,W19,1
M1A,X58,6
M1A,W19,1
M1A,W22,1
M1A,X50,1
M1A,Y92,1
M20,X58,77
M20,Y83,22
M20,W01,4
M20,W22,4
M20,W23,4
M20,W19,3
M20,W20,3
M20,Y99,2
M20,Y79,2
M20,W18,2
M20,V43,1
M20,W00,1
M20,W10,1
M20,W26,1
M20,W31,1
M20,W50,1
M20,W54,1
M20,W55,1
M20,X08,1
M20,X50,1
M20,Y04,1
M20,Y33,1
M20,Y65,1
M20,Y84,1
M20,Y90,1
M20,Y92,1
M20,Y93,1
M21,X58,41
M21,W19,19
M21,W01,7
M21,W18,5
M21,Y83,5
M21,Y83,4
M21,V89,4
M21,Y92,3
M21,W11,3
M21,X50,3
M21,Y99,2
M21,W06,2
M21,W18,1
M21,W19,1
M21,X58,1
M21,W45,1
M21,Y33,1
M21,Y79,1
M21,Y92,1
M21,Y93,1
M21,W19,1
M22,X58,16
M22,W19,2
M22,W10,2
M22,Y92,1
M22,Y93,1
M23,X58,70
M23,W19,17
M23,X50,14
M23,W18,11
M23,W01,9
M23,W17,7
M23,W00,4
M23,W10,4
M23,Y99,4
M23,Y93,2
M23,W22,2
M23,W11,2
M23,W01,1
M23,W19,1
M23,V00,1
M23,V43,1
M23,V48,1
M23,V58,1
M23,V80,1
M23,V89,1
M23,W03,1
M23,W06,1
M23,W13,1
M23,W50,1
M23,W54,1
M23,Y83,1
M23,Y92,1
M24,X58,33
M24,W19,23
M24,X50,15
M24,Y83,8
M24,W01,6
M24,Y83,6
M24,V89,4
M24,W18,4
M24,Y79,3
M24,W19,3
M24,W00,3
M24,Y79,3
M24,Y93,3
M24,W18,2
M24,Y92,2
M24,V29,2
M24,W06,1
M24,W10,1
M24,Y92,1
M24,Y93,1
M24,X58,1
M24,V19,1
M24,W05,1
M24,W10,1
M24,W13,1
M24,W22,1
M24,Y90,1
M25,W19,3076
M25,W01,1664
M25,X58,1404
M25,W18,1368
M25,X50,473
M25,W10,429
M25,W06,331
M25,W00,187
M25,Y93,186
M25,V89,158
M25,W05,129
M25,W17,126
M25,W07,119
M25,W22,100
M25,Y92,95
M25,V49,87
M25,V43,77
M25,W11,67
M25,W57,67
M25,Y99,54
M25,W19,53
M25,Y83,48
M25,Y04,44
M25,W18,43
M25,W01,43
M25,W08,30
M25,V19,22
M25,W54,22
M25,W55,21
M25,W20,20
M25,V48,20
M25,V00,20
M25,V03,16
M25,Y90,15
M25,Y33,14
M25,V18,14
M25,W06,13
M25,Y84,13
M25,W23,13
M25,X58,12
M25,V09,12
M25,Y09,12
M25,Y92,11
M25,W13,9
M25,V47,9
M25,V87,9
M25,V86,9
M25,W34,9
M25,Y83,8
M25,W50,8
M25,W10,7
M25,Y79,7
M25,Y35,7
M25,Y08,7
M25,W14,6
M25,V44,6
M25,V59,6
M25,V29,5
M25,V53,5
M25,V58,5
M25,V80,5
M25,W51,5
M25,W07,4
M25,X50,4
M25,W29,4
M25,V23,4
M25,V99,4
M25,W03,4
M25,W04,4
M25,W21,4
M25,Y84,3
M25,W17,3
M25,V13,3
M25,V28,3
M25,V78,3
M25,V84,3
M25,W09,3
M25,W12,3
M25,W45,3
M25,X99,3
M25,W19,3
M25,W05,2
M25,V48,2
M25,V79,2
M25,V39,2
M25,Y30,2
M25,Y07,2
M25,Y01,2
M25,X19,2
M25,W46,2
M25,W30,2
M25,V43,1
M25,W00,1
M25,W27,1
M25,W54,1
M25,Y93,1
M25,W55,1
M25,W22,1
M25,V01,1
M25,V02,1
M25,V04,1
M25,V10,1
M25,V20,1
M25,V40,1
M25,V91,1
M25,V93,1
M25,W16,1
M25,W26,1
M25,W31,1
M25,W59,1
M25,W64,1
M25,W86,1
M25,X01,1
M25,X16,1
M25,X32,1
M25,X37,1
M25,X83,1
M25,X95,1
M25,X97,1
M25,Y00,1
M25,Y03,1
M25,Y31,1
M25,Y71,1
M25,Y95,1
M25,W19,1
M25,V89,1
M25,X58,1
M26,X58,7
M26,W19,2
M26,V19,1
M26,Y04,1
M26,Y84,1
M26,Y99,1
M27,Y84,238
M27,W88,105
M27,Y84,17
M27,X58,6
M27,Y92,2
M27,Y63,2
M27,Y83,2
M27,W90,2
M27,W01,1
M27,Y83,1
M27,Y74,1
M27,Y78,1
M27,Y92,1
M30,Y92,1
M30,W19,1
M31,Y95,5
M31,Y84,5
M31,Y83,4
M31,Y92,4
M31,W19,3
M31,W06,1
M31,W19,1
M31,W20,1
M31,W10,1
M31,W54,1
M31,W57,1
M31,Y92,1
M32,Y92,6
M32,Y83,5
M32,Y84,2
M32,X58,2
M32,X32,1
M32,X58,1
M32,V59,1
M32,V89,1
M32,W19,1
M32,W22,1
M32,W57,1
M33,Y92,1
M33,W10,1
M33,X58,1
M33,Y82,1
M33,Y84,1
M34,Y92,2
M34,X58,2
M34,Y83,1
M34,Y93,1
M35,X58,9
M35,Y92,5
M35,W19,4
M35,X58,3
M35,W18,2
M35,Y93,2
M35,Y99,1
M35,Y95,1
M35,W06,1
M35,W19,1
M35,V93,1
M35,W01,1
M35,W57,1
M35,Y99,1
M40,Y83,16
M40,W19,4
M40,X58,3
M40,X58,3
M40,W01,1
M40,W19,1
M40,Y79,1
M40,V48,1
M40,Y83,1
M40,Y99,1
M41,X58,19
M41,Y83,14
M41,W19,12
M41,Y92,7
M41,V89,3
M41,X50,2
M41,Y75,2
M41,Y79,2
M41,W18,2
M41,X58,2
M41,W19,2
M41,Y83,2
M41,Y79,2
M41,Y65,1
M41,W01,1
M41,Y73,1
M41,Y84,1
M41,V87,1
M41,W00,1
M41,W01,1
M41,W22,1
M43,Y83,59
M43,X58,43
M43,W19,33
M43,Y92,14
M43,Y83,9
M43,Y65,7
M43,W01,7
M43,W18,6
M43,V89,6
M43,W18,6
M43,X50,6
M43,Y93,6
M43,Y84,5
M43,W55,4
M43,X58,3
M43,W19,3
M43,V43,3
M43,Y90,2
M43,W01,2
M43,Y95,2
M43,W10,2
M43,W06,2
M43,V49,1
M43,W10,1
M43,Y73,1
M43,V49,1
M43,V59,1
M43,V86,1
M43,V87,1
M43,W00,1
M43,W08,1
M43,W22,1
M43,W46,1
M43,X06,1
M45,W19,2
M45,Y95,1
M45,W17,1
M45,W18,1
M45,W57,1
M45,Y63,1
M46,Y83,26
M46,X58,20
M46,X58,16
M46,Y92,15
M46,W19,14
M46,Y83,14
M46,W19,12
M46,Y84,7
M46,W18,6
M46,W01,5
M46,Y92,5
M46,W06,4
M46,X50,4
M46,W01,4
M46,V89,4
M46,Y73,3
M46,W18,3
M46,Y93,3
M46,V89,2
M46,Y90,2
M46,W34,2
M46,Y95,2
M46,Y82,2
M46,Y82,1
M46,Y81,1
M46,W00,1
M46,V49,1
M46,W16,1
M46,W11,1
M46,W05,1
M46,Y71,1
M46,V49,1
M46,W03,1
M46,W07,1
M46,W10,1
M46,W34,1
M46,X32,1
M46,Y33,1
M46,Y90,1
M46,Y95,1
M46,Y99,1
M46,V49,1
M46,Y84,1
M46,Y93,1
M46,Y95,1
M47,X58,177
M47,W19,128
M47,Y83,66
M47,Y92,29
M47,V89,27
M47,Y83,23
M47,W19,21
M47,X50,17
M47,W01,17
M47,W18,14
M47,X58,13
M47,V49,13
M47,W18,13
M47,Y93,13
M47,W01,7
M47,W10,7
M47,Y65,6
M47,Y84,6
M47,V89,5
M47,W00,5
M47,Y92,5
M47,W17,4
M47,W11,4
M47,X50,3
M47,Y95,3
M47,V87,3
M47,W05,3
M47,W06,3
M47,W57,3
M47,W10,2
M47,Y79,2
M47,V80,2
M47,Y65,2
M47,Y79,2
M47,W34,1
M47,Y69,1
M47,Y36,1
M47,W16,1
M47,Y93,1
M47,W22,1
M47,W06,1
M47,V29,1
M47,V43,1
M47,V99,1
M47,W07,1
M47,W28,1
M47,W34,1
M47,W54,1
M47,Y33,1
M47,Y35,1
M47,Y84,1
M47,Y99,1
M48,X58,253
M48,Y83,252
M48,W19,153
M48,W19,133
M48,Y92,107
M48,W18,94
M48,W01,55
M48,W18,52
M48,X58,46
M48,W01,40
M48,Y83,33
M48,Y84,24
M48,X50,22
M48,Y92,17
M48,W06,16
M48,Y65,13
M48,V89,13
M48,Y95,12
M48,W10,12
M48,X50,10
M48,W07,9
M48,W06,9
M48,W07,9
M48,W10,8
M48,V43,7
M48,Y79,6
M48,W17,6
M48,V89,6
M48,W05,6
M48,V43,6
M48,V49,6
M48,Y99,6
M48,Y90,5
M48,W05,5
M48,W17,5
M48,Y93,4
M48,Y75,4
M48,W11,4
M48,Y33,3
M48,Y73,3
M48,W00,3
M48,V03,3
M48,W11,3
M48,W08,3
M48,Y93,3
M48,W19,3
M48,Y99,2
M48,Y69,2
M48,V94,2
M48,V48,2
M48,W55,2
M48,Y84,2
M48,Y90,2
M48,Y82,1
M48,W13,1
M48,W54,1
M48,W04,1
M48,V97,1
M48,Y04,1
M48,W20,1
M48,V28,1
M48,W34,1
M48,W22,1
M48,V49,1
M48,V13,1
M48,W08,1
M48,W14,1
M48,W55,1
M48,V29,1
M48,V58,1
M48,V86,1
M48,V93,1
M48,W00,1
M48,W03,1
M48,W04,1
M48,W12,1
M48,W13,1
M48,W20,1
M48,W26,1
M48,W89,1
M48,X16,1
M48,Y04,1
M48,Y09,1
M48,Y33,1
M48,Y36,1
M48,Y70,1
M48,Y73,1
M48,Y75,1
M48,Y82,1
M48,Y95,1
M48,Y83,1
M48,Y95,1
M50,X58,41
M50,W19,25
M50,Y83,19
M50,V89,19
M50,W19,14
M50,V49,10
M50,Y92,8
M50,W01,7
M50,W18,6
M50,X58,5
M50,W18,5
M50,W01,4
M50,Y83,3
M50,V89,2
M50,Y93,2
M50,Y95,2
M50,W07,2
M50,W05,2
M50,V43,2
M50,W05,2
M50,W06,2
M50,W10,2
M50,Y90,2
M50,Y92,2
M50,Y93,2
M50,Y84,1
M50,Y90,1
M50,W17,1
M50,Y65,1
M50,V00,1
M50,V53,1
M50,V99,1
M50,W00,1
M50,W07,1
M50,W08,1
M50,W11,1
M50,W17,1
M50,W22,1
M50,W34,1
M50,X50,1
M50,Y00,1
M50,Y04,1
M50,Y33,1
M50,Y36,1
M50,Y84,1
M51,X58,135
M51,W19,101
M51,Y83,65
M51,Y92,41
M51,Y83,25
M51,W19,24
M51,W18,24
M51,W01,22
M51,X50,18
M51,W18,16
M51,V89,14
M51,X58,10
M51,Y93,10
M51,Y65,6
M51,W01,6
M51,Y92,6
M51,X50,5
M51,W10,5
M51,W06,5
M51,W10,5
M51,Y84,5
M51,Y79,4
M51,Y95,4
M51,W06,4
M51,Y84,4
M51,W11,4
M51,W07,4
M51,V49,3
M51,W05,3
M51,W17,3
M51,W57,3
M51,Y65,3
M51,V43,2
M51,W00,2
M51,W54,2
M51,W55,2
M51,Y99,2
M51,W19,2
M51,W19,2
M51,X19,1
M51,V89,1
M51,Y90,1
M51,W07,1
M51,W17,1
M51,Y63,1
M51,Y75,1
M51,Y93,1
M51,V00,1
M51,V03,1
M51,V47,1
M51,V98,1
M51,W20,1
M51,W24,1
M51,X08,1
M51,X30,1
M51,Y04,1
M51,Y33,1
M51,Y75,1
M51,Y79,1
M51,Y90,1
M53,W19,92
M53,W01,30
M53,W18,21
M53,X58,21
M53,Y93,12
M53,W10,8
M53,W00,5
M53,W06,5
M53,Y83,5
M53,W07,4
M53,V79,4
M53,V89,3
M53,W19,2
M53,W18,2
M53,Y83,2
M53,V18,2
M53,X50,2
M53,Y92,1
M53,W54,1
M53,V43,1
M53,V47,1
M53,V49,1
M53,V78,1
M53,V87,1
M53,W05,1
M53,W16,1
M53,W17,1
M53,W20,1
M53,Y33,1
M53,Y79,1
M53,Y90,1
M54,W19,1554
M54,W01,788
M54,W18,763
M54,X58,636
M54,X50,448
M54,V89,328
M54,V49,293
M54,W10,258
M54,V43,231
M54,W06,181
M54,W00,113
M54,Y93,102
M54,W07,93
M54,W17,73
M54,Y92,71
M54,W05,60
M54,W11,57
M54,Y04,52
M54,Y83,46
M54,W19,40
M54,W18,39
M54,W22,34
M54,V47,29
M54,W01,28
M54,Y90,28
M54,W08,26
M54,W57,24
M54,Y92,22
M54,V53,20
M54,V87,18
M54,Y09,17
M54,V44,17
M54,V59,16
M54,Y84,15
M54,Y99,15
M54,W20,15
M54,V03,14
M54,V86,14
M54,X58,13
M54,W03,12
M54,V48,12
M54,W06,11
M54,Y83,9
M54,V18,9
M54,W50,9
M54,Y33,9
M54,V80,8
M54,W55,7
M54,W13,7
M54,V09,7
M54,Y90,6
M54,W07,6
M54,V00,6
M54,V58,6
M54,V73,6
M54,W10,5
M54,V40,5
M54,V99,5
M54,W24,5
M54,W54,5
M54,X50,4
M54,W16,4
M54,V29,4
M54,V23,4
M54,W17,3
M54,Y93,3
M54,V19,3
M54,V28,3
M54,V42,3
M54,V94,3
M54,X08,3
M54,X19,3
M54,Y08,3
M54,W11,2
M54,V89,2
M54,W22,2
M54,Y84,2
M54,V48,2
M54,V54,2
M54,V63,2
M54,V78,2
M54,W12,2
M54,W26,2
M54,W28,2
M54,W34,2
M54,X16,2
M54,Y32,2
M54,Y35,2
M54,Y75,2
M54,Y79,2
M54,Y82,2
M54,W01,2
M54,V00,1
M54,W05,1
M54,V49,1
M54,W57,1
M54,Y95,1
M54,W00,1
M54,V91,1
M54,X08,1
M54,W08,1
M54,Y63,1
M54,Y79,1
M54,Y65,1
M54,V47,1
M54,Y75,1
M54,V17,1
M54,V45,1
M54,V46,1
M54,V57,1
M54,V69,1
M54,V79,1
M54,V83,1
M54,V84,1
M54,V91,1
M54,V93,1
M54,V97,1
M54,V98,1
M54,W04,1
M54,W14,1
M54,W23,1
M54,W30,1
M54,W31,1
M54,W45,1
M54,W46,1
M54,W51,1
M54,W86,1
M54,W88,1
M54,X01,1
M54,X31,1
M54,X78,1
M54,X94,1
M54,X95,1
M54,Y00,1
M54,Y07,1
M54,Y27,1
M54,Y28,1
M54,Y29,1
M54,Y71,1
M54,Y95,1
M54,W06,1
M54,W18,1
M54,W19,1
M54,W00,1
M54,W19,1
M60,Y83,3
M60,X58,2
M60,X58,2
M60,V29,1
M60,W55,1
M60,W60,1
M60,W54,1
M60,W57,1
M60,X19,1
M60,W18,1
M60,W00,1
M60,W19,1
M60,W27,1
M60,Y83,1
M60,Y92,1
M61,Y92,1
M62,W19,146
M62,W19,139
M62,W18,101
M62,X58,91
M62,W18,77
M62,W01,56
M62,W01,52
M62,X50,39
M62,W06,26
M62,Y92,25
M62,V49,24
M62,V89,24
M62,W10,23
M62,X58,17
M62,W19,16
M62,Y93,13
M62,W07,11
M62,V43,11
M62,W06,11
M62,W18,9
M62,Y92,8
M62,Y83,7
M62,Y90,7
M62,W05,6
M62,W07,6
M62,X58,6
M62,W10,5
M62,W08,5
M62,Y90,4
M62,W17,4
M62,W05,4
M62,X31,3
M62,Y84,3
M62,V86,3
M62,W00,3
M62,W03,3
M62,W11,3
M62,Y95,3
M62,V29,2
M62,Y99,2
M62,W22,2
M62,Y93,2
M62,Y04,2
M62,Y84,2
M62,V09,2
M62,V59,2
M62,V99,2
M62,W22,2
M62,W57,2
M62,W55,1
M62,Y71,1
M62,X50,1
M62,W00,1
M62,W17,1
M62,Y33,1
M62,W31,1
M62,W23,1
M62,Y27,1
M62,X30,1
M62,V16,1
M62,V28,1
M62,V29,1
M62,V44,1
M62,V47,1
M62,V48,1
M62,V69,1
M62,V80,1
M62,V87,1
M62,V97,1
M62,W08,1
M62,W12,1
M62,W23,1
M62,W54,1
M62,W55,1
M62,X16,1
M62,X32,1
M62,X74,1
M62,Y24,1
M62,Y33,1
M62,Y83,1
M62,Y99,1
M62,W19,1
M62,W01,1
M62,Y92,1
M65,X58,49
M65,W55,9
M65,W54,7
M65,X50,6
M65,Y83,4
M65,W55,4
M65,W19,4
M65,W19,3
M65,W22,3
M65,X58,2
M65,W45,2
M65,W01,2
M65,W23,2
M65,W26,2
M65,W54,2
M65,Y92,1
M65,W23,1
M65,W26,1
M65,W18,1
M65,Y93,1
M65,V18,1
M65,V19,1
M65,W10,1
M65,W38,1
M65,W45,1
M65,W61,1
M65,X11,1
M65,Y65,1
M65,Y83,1
M65,Y92,1
M65,Y93,1
M66,X58,16
M66,X50,4
M66,W19,3
M66,W19,2
M66,Y99,2
M66,W10,1
M66,W17,1
M66,W55,1
M66,Y92,1
M66,Y83,1
M67,X58,35
M67,W19,8
M67,X50,3
M67,V49,2
M67,W22,2
M67,Y79,2
M67,Y83,1
M67,W17,1
M67,V43,1
M67,W01,1
M67,X32,1
M67,Y83,1
M67,Y92,1
M70,Y93,181
M70,X58,59
M70,W19,45
M70,W01,23
M70,W18,20
M70,W22,12
M70,X50,11
M70,W18,8
M70,Y93,4
M70,W19,4
M70,Y83,4
M70,V89,4
M70,X58,3
M70,Y92,3
M70,W01,2
M70,W06,2
M70,W07,2
M70,W11,2
M70,W17,2
M70,W26,2
M70,W57,2
M70,Y99,2
M70,Y92,1
M70,Y79,1
M70,V49,1
M70,W54,1
M70,Y71,1
M70,W10,1
M70,V18,1
M70,V43,1
M70,V49,1
M70,W00,1
M70,W05,1
M70,W10,1
M70,W13,1
M70,W20,1
M70,W55,1
M70,X32,1
M70,Y84,1
M70,W18,1
M71,X58,17
M71,Y83,14
M71,W19,7
M71,W18,7
M71,W19,5
M71,Y93,4
M71,X50,4
M71,W10,4
M71,Y92,3
M71,X58,3
M71,W01,3
M71,Y83,3
M71,W22,3
M71,W18,2
M71,W01,2
M71,W11,1
M71,W22,1
M71,X08,1
M71,W10,1
M71,Y84,1
M71,V10,1
M71,V89,1
M71,W00,1
M71,W05,1
M71,W20,1
M71,W23,1
M71,W45,1
M71,W55,1
M71,Y99,1
M71,W18,1
M72,X58,20
M72,W19,3
M72,W22,3
M72,X58,2
M72,Y83,2
M72,W01,2
M72,W18,2
M72,W50,2
M72,X50,2
M72,Y93,2
M72,W29,1
M72,W01,1
M72,V89,1
M72,Y95,1
M72,W54,1
M72,W10,1
M72,W22,1
M72,Y82,1
M72,Y84,1
M72,W88,1
M72,V29,1
M72,W18,1
M72,Y92,1
M72,W19,1
M72,W20,1
M72,W57,1
M72,Y65,1
M72,Y73,1
M72,Y83,1
M75,X58,941
M75,W19,101
M75,X50,60
M75,W01,30
M75,W18,24
M75,Y93,23
M75,X58,17
M75,Y99,15
M75,W00,10
M75,Y92,8
M75,Y83,6
M75,W22,6
M75,W10,6
M75,Y83,6
M75,W19,5
M75,V49,5
M75,W11,4
M75,V89,4
M75,W18,3
M75,W17,3
M75,Y33,3
M75,W01,2
M75,V09,2
M75,V29,2
M75,W06,2
M75,W51,2
M75,W55,2
M75,W57,2
M75,W11,1
M75,Y92,1
M75,V19,1
M75,V79,1
M75,V93,1
M75,V94,1
M75,V99,1
M75,W05,1
M75,W07,1
M75,W08,1
M75,W14,1
M75,W20,1
M75,W21,1
M75,W24,1
M75,W28,1
M75,W54,1
M75,Y09,1
M75,Y65,1
M75,Y79,1
M75,Y84,1
M75,Y90,1
M76,X58,56
M76,W19,5
M76,X50,4
M76,Y93,3
M76,Y99,3
M76,X58,2
M76,W57,2
M76,Y92,1
M76,W01,1
M76,W10,1
M76,W18,1
M76,W22,1
M76,W89,1
M76,X19,1
M76,Y83,1
M77,X58,44
M77,X50,16
M77,W01,6
M77,W19,5
M77,W22,5
M77,Y93,5
M77,W57,3
M77,Y92,2
M77,W00,1
M77,W06,1
M77,W08,1
M77,W10,1
M77,W17,1
M77,W18,1
M77,W54,1
M77,X83,1
M77,Y84,1
M79,W19,786
M79,X58,593
M79,W01,309
M79,W18,275
M79,W22,146
M79,X50,136
M79,W10,80
M79,W06,64
M79,W57,64
M79,V89,49
M79,Y92,47
M79,W20,47
M79,W00,44
M79,Y93,43
M79,W23,41
M79,W17,41
M79,V49,38
M79,V43,32
M79,Y83,30
M79,W54,29
M79,W07,28
M79,W05,25
M79,W55,25
M79,W45,22
M79,Y99,21
M79,Y04,21
M79,Y84,15
M79,V03,12
M79,W49,12
M79,W11,11
M79,Y92,10
M79,X58,10
M79,Y90,10
M79,W25,10
M79,Y09,9
M79,Y83,8
M79,X31,8
M79,V19,8
M79,V00,8
M79,W50,8
M79,V18,7
M79,V86,7
M79,W26,7
M79,W29,7
M79,Y33,7
M79,W18,6
M79,W31,6
M79,V87,6
M79,V09,6
M79,W01,5
M79,V29,5
M79,W34,5
M79,Y00,4
M79,W46,4
M79,V79,4
M79,V48,4
M79,W19,3
M79,V47,3
M79,V59,3
M79,W51,3
M79,X32,3
M79,Y84,2
M79,V28,2
M79,V44,2
M79,V53,2
M79,V78,2
M79,W08,2
M79,W16,2
M79,W21,2
M79,W60,2
M79,Y29,2
M79,Y82,2
M79,W05,1
M79,W07,1
M79,W10,1
M79,Y90,1
M79,V89,1
M79,V13,1
M79,V23,1
M79,V58,1
M79,V63,1
M79,V80,1
M79,V82,1
M79,V88,1
M79,W03,1
M79,W04,1
M79,W13,1
M79,W27,1
M79,W30,1
M79,W40,1
M79,W59,1
M79,W61,1
M79,W64,1
M79,W86,1
M79,W88,1
M79,X76,1
M79,X80,1
M79,X95,1
M79,Y35,1
M79,Y36,1
M79,Y65,1
M80,W01,261
M80,W18,247
M80,W19,166
M80,X58,84
M80,W19,41
M80,Y92,35
M80,W06,27
M80,W01,27
M80,W10,25
M80,W18,22
M80,X58,14
M80,Y83,12
M80,W07,11
M80,W19,11
M80,W05,10
M80,W19,9
M80,W11,7
M80,X50,7
M80,W01,7
M80,W18,7
M80,W17,6
M80,Y95,6
M80,Y93,6
M80,X50,5
M80,W00,5
M80,W22,4
M80,W08,4
M80,W10,4
M80,W01,4
M80,Y73,3
M80,V48,3
M80,W00,3
M80,W10,3
M80,X58,3
M80,W94,2
M80,V18,2
M80,W03,2
M80,Y99,2
M80,V89,2
M80,Y79,2
M80,W06,2
M80,W17,2
M80,Y33,2
M80,Y83,2
M80,Y92,2
M80,X50,2
M80,W18,2
M80,Y92,2
M80,W50,1
M80,W54,1
M80,Y90,1
M80,W31,1
M80,V47,1
M80,X95,1
M80,V03,1
M80,W20,1
M80,V89,1
M80,W03,1
M80,W05,1
M80,W07,1
M80,W08,1
M80,W11,1
M80,W22,1
M80,Y93,1
M80,Y99,1
M80,V43,1
M80,W00,1
M80,W08,1
M80,W54,1
M80,Y95,1
M81,X58,83
M81,W19,51
M81,Y83,4
M81,W01,3
M81,W18,3
M81,W54,3
M81,V89,2
M81,W06,2
M81,W57,2
M81,Y93,2
M81,Y99,2
M81,W18,1
M81,W07,1
M81,V19,1
M81,V93,1
M81,W05,1
M81,W45,1
M81,W64,1
M81,W88,1
M81,X32,1
M81,X50,1
M81,Y33,1
M81,Y84,1
M81,Y92,1
M84,X58,140
M84,W19,69
M84,W18,64
M84,W01,49
M84,X58,31
M84,Y92,29
M84,W19,27
M84,Y83,22
M84,W18,22
M84,W10,16
M84,W01,12
M84,X50,10
M84,Y84,8
M84,W06,7
M84,W07,7
M84,X50,6
M84,Y95,5
M84,W17,4
M84,W05,4
M84,Y79,4
M84,Y93,4
M84,Y92,4
M84,Y33,3
M84,Y83,3
M84,W19,3
M84,Y33,2
M84,W22,2
M84,Y93,2
M84,W05,2
M84,W10,2
M84,W20,2
M84,V86,1
M84,Y71,1
M84,V89,1
M84,Y73,1
M84,Y99,1
M84,X10,1
M84,W54,1
M84,X16,1
M84,W94,1
M84,V28,1
M84,W00,1
M84,V29,1
M84,V43,1
M84,V48,1
M84,V49,1
M84,V89,1
M84,W00,1
M84,W06,1
M84,W11,1
M84,W17,1
M84,W22,1
M84,W31,1
M84,Y99,1
M84,W05,1
M84,W19,1
M84,W18,1
M84,X58,1
M85,X58,63
M85,W19,39
M85,W18,6
M85,Y92,4
M85,W10,3
M85,W18,2
M85,W01,2
M85,W57,2
M85,Y93,2
M85,Y84,1
M85,W01,1
M85,V89,1
M85,W00,1
M85,X08,1
M85,X50,1
M85,Y84,1
M86,X58,131
M86,Y83,58
M86,Y84,41
M86,Y83,35
M86,X58,28
M86,Y92,21
M86,V89,18
M86,Y84,17
M86,W19,15
M86,W88,15
M86,V59,12
M86,Y79,9
M86,W19,7
M86,W18,6
M86,W22,6
M86,W34,5
M86,V29,5
M86,X19,5
M86,Y33,5
M86,Y92,5
M86,W22,4
M86,Y95,4
M86,W54,4
M86,W55,4
M86,W06,3
M86,Y90,3
M86,Y73,3
M86,V49,3
M86,W45,3
M86,V89,3
M86,W26,2
M86,X08,2
M86,X15,2
M86,Y79,2
M86,W01,2
M86,X31,2
M86,W01,2
M86,W23,2
M86,W34,2
M86,W51,2
M86,W55,2
M86,W90,2
M86,Y93,2
M86,Y99,2
M86,V89,2
M86,W19,2
M86,Y92,2
M86,Y04,1
M86,W23,1
M86,X10,1
M86,W56,1
M86,X99,1
M86,Y33,1
M86,Y28,1
M86,X50,1
M86,W50,1
M86,W46,1
M86,X12,1
M86,W25,1
M86,W14,1
M86,Y69,1
M86,X95,1
M86,V00,1
M86,V09,1
M86,V29,1
M86,V49,1
M86,W10,1
M86,W18,1
M86,W31,1
M86,X10,1
M86,X12,1
M86,X13,1
M86,Y90,1
M86,W22,1
M86,X58,1
M86,Y83,1
M86,Y84,1
M87,Y84,41
M87,X58,14
M87,X58,11
M87,Y92,11
M87,W19,9
M87,W88,9
M87,Y83,6
M87,W01,4
M87,Y84,3
M87,X50,3
M87,W18,2
M87,W01,2
M87,W18,2
M87,W19,2
M87,W05,1
M87,X50,1
M87,W06,1
M87,V89,1
M87,Y95,1
M87,V00,1
M87,V49,1
M87,W11,1
M87,W22,1
M87,W23,1
M87,Y78,1
M87,Y82,1
M87,Y83,1
M87,Y90,1
M87,Y92,1
M87,Y93,1
M87,Y99,1
M87,X58,1
M89,X58,28
M89,W19,28
M89,W18,5
M89,Y83,4
M89,Y83,4
M89,V89,2
M89,W19,1
M89,W01,1
M89,W06,1
M89,W10,1
M89,W17,1
M89,W57,1
M89,Y33,1
M89,Y79,1
M89,Y92,1
M89,W19,1
M92,X58,6
M92,W01,1
M93,X58,4
M93,X50,2
M94,X58,29
M94,W01,8
M94,W19,7
M94,X50,6
M94,W18,4
M94,Y92,3
M94,W06,3
M94,Y92,3
M94,W00,2
M94,W22,2
M94,Y90,2
M94,Y93,2
M94,W19,1
M94,W06,1
M94,W05,1
M94,W18,1
M94,W08,1
M94,Y84,1
M94,V28,1
M94,V43,1
M94,V48,1
M94,V49,1
M94,V57,1
M94,V86,1
M94,V89,1
M94,W05,1
M94,W07,1
M94,W11,1
M94,W17,1
M94,Y04,1
M95,W01,4
M95,W34,2
M95,Y83,2
M95,W54,2
M95,Y83,2
M95,V89,1
M95,W10,1
M95,W18,1
M95,X58,1
M95,X74,1
M95,Y84,1
M96,Y83,313
M96,Y83,229
M96,X58,29
M96,Y84,20
M96,Y92,16
M96,Y79,10
M96,X58,8
M96,W18,5
M96,W19,5
M96,Y84,5
M96,Y79,4
M96,Y65,3
M96,W01,3
M96,Y99,3
M96,V89,2
M96,W19,2
M96,Y82,2
M96,V89,2
M96,W18,2
M96,Y92,2
M96,Y93,2
M96,Y73,1
M96,W06,1
M96,W13,1
M96,W05,1
M96,X19,1
M96,Y69,1
M96,V49,1
M96,W00,1
M96,W05,1
M96,X50,1
M96,Y37,1
M96,Y65,1
M96,Y82,1
M96,Y83,1
M97,W01,82
M97,W19,62
M97,W18,58
M97,X58,27
M97,W19,22
M97,Y83,19
M97,W18,19
M97,W01,15
M97,Y92,11
M97,W10,10
M97,W19,10
M97,W06,9
M97,X58,7
M97,W17,6
M97,Y79,6
M97,W11,6
M97,Y83,6
M97,Y93,5
M97,X50,5
M97,W00,5
M97,W07,5
M97,W05,4
M97,W06,4
M97,W10,3
M97,Y93,3
M97,V19,2
M97,V58,2
M97,W05,2
M97,X50,2
M97,Y92,2
M97,W01,2
M97,W18,2
M97,V00,1
M97,Y84,1
M97,W04,1
M97,W22,1
M97,V68,1
M97,Y99,1
M97,W08,1
M97,Y30,1
M97,V48,1
M97,W00,1
M97,W07,1
M97,W11,1
M97,W23,1
M97,W54,1
M97,W55,1
M97,W06,1
M97,Y83,1
M99,X58,12
M99,W19,2
M99,X50,2
M99,V29,1
M99,Y65,1
M99,V89,1
M99,W10,1
M99,X32,1
M99,Y93,1
N00,W19,1
N00,X58,1
N01,W19,1
N02,Y84,10
N02,Y83,6
N02,W19,1
N02,Y95,1
N02,W18,1
N02,Y95,1
N03,Y83,1
N03,Y92,1
N04,Y92,2
N04,Y83,1
N04,Y65,1
N04,Y73,1
N04,W18,1
N04,Y99,1
N04,W19,1
N04,Y84,1
N05,X58,2
N05,Y84,1
N05,W19,1
N05,Y83,1
N05,W18,1
N05,Y71,1
N10,Y92,9
N10,W18,8
N10,X58,7
N10,Y83,6
N10,W19,4
N10,X58,4
N10,W19,3
N10,W17,2
N10,Y33,1
N10,W26,1
N10,X50,1
N10,W34,1
N10,Y73,1
N10,V89,1
N10,W16,1
N10,Y99,1
N10,Y84,1
N10,V89,1
N10,W01,1
N10,W57,1
N10,Y83,1
N10,Y84,1
N10,Y93,1
N11,Y83,1
N11,Y92,1
N11,Y84,1
N11,Y62,1
N12,W19,8
N12,X58,8
N12,Y92,8
N12,W18,6
N12,Y83,5
N12,W06,4
N12,W18,3
N12,W01,2
N12,X58,2
N12,Y83,2
N12,W57,1
N12,Y81,1
N12,V29,1
N12,W01,1
N12,V89,1
N12,Y84,1
N12,Y93,1
N12,W05,1
N12,W10,1
N12,W19,1
N12,W57,1
N12,X95,1
N12,Y73,1
N13,Y83,47
N13,Y84,37
N13,W19,29
N13,Y92,20
N13,X58,19
N13,Y84,18
N13,Y83,15
N13,X58,10
N13,W01,9
N13,W18,9
N13,W19,8
N13,Y73,6
N13,Y73,6
N13,Y92,5
N13,W06,4
N13,W34,3
N13,W07,3
N13,Y90,3
N13,Y82,3
N13,W88,2
N13,W01,2
N13,W54,2
N13,Y90,2
N13,Y95,1
N13,V89,1
N13,W10,1
N13,Y71,1
N13,V49,1
N13,W57,1
N13,V03,1
N13,W05,1
N13,W06,1
N13,W07,1
N13,W18,1
N13,W88,1
N13,X50,1
N13,Y65,1
N13,Y92,1
N14,Y92,4
N14,Y84,3
N14,W19,1
N14,X58,1
N15,W18,1
N15,Y83,1
N17,W19,619
N17,Y92,444
N17,W18,371
N17,W01,188
N17,X58,177
N17,Y83,164
N17,Y84,139
N17,Y95,81
N17,W06,77
N17,W19,76
N17,W18,51
N17,Y90,48
N17,Y92,35
N17,W01,35
N17,X58,30
N17,W05,29
N17,W07,24
N17,Y73,23
N17,W10,17
N17,Y83,15
N17,X30,14
N17,W06,14
N17,V89,11
N17,Y93,10
N17,W22,9
N17,Y90,9
N17,W17,8
N17,W19,8
N17,Y71,7
N17,W17,6
N17,W07,6
N17,W57,5
N17,X08,5
N17,W00,5
N17,Y82,5
N17,X31,5
N17,W08,5
N17,W10,5
N17,Y95,5
N17,Y65,4
N17,V43,4
N17,Y04,4
N17,V49,4
N17,V48,4
N17,Y33,3
N17,W55,3
N17,Y71,3
N17,Y93,3
N17,X32,2
N17,Y99,2
N17,X78,2
N17,X50,2
N17,V47,2
N17,X16,2
N17,V00,2
N17,W05,2
N17,X30,2
N17,X50,2
N17,Y65,2
N17,Y84,2
N17,Y99,2
N17,Y69,1
N17,V19,1
N17,X10,1
N17,Y07,1
N17,W93,1
N17,Y38,1
N17,Y00,1
N17,W13,1
N17,Y08,1
N17,X37,1
N17,V28,1
N17,W92,1
N17,V84,1
N17,X02,1
N17,W45,1
N17,Y75,1
N17,W16,1
N17,W20,1
N17,Y63,1
N17,W23,1
N17,Y79,1
N17,X11,1
N17,W25,1
N17,Y09,1
N17,V49,1
N17,W22,1
N17,W57,1
N17,X08,1
N17,X10,1
N17,X16,1
N17,X31,1
N17,Y33,1
N17,Y36,1
N17,Y73,1
N17,Y82,1
N17,W19,1
N17,X58,1
N17,W01,1
N17,W18,1
N17,X58,1
N17,Y92,1
N18,Y83,93
N18,X58,61
N18,W19,38
N18,Y84,34
N18,Y83,29
N18,Y92,9
N18,W01,8
N18,Y84,6
N18,Y92,6
N18,Y93,5
N18,Y82,4
N18,Y64,4
N18,Y62,4
N18,W18,3
N18,V89,3
N18,W18,3
N18,W57,3
N18,Y99,3
N18,W06,2
N18,W10,2
N18,X50,2
N18,X37,1
N18,W01,1
N18,Y95,1
N18,Y09,1
N18,Y73,1
N18,Y93,1
N18,V42,1
N18,V47,1
N18,V65,1
N18,V86,1
N18,V93,1
N18,W05,1
N18,W54,1
N18,Y33,1
N18,Y63,1
N18,Y69,1
N18,Y71,1
N18,Y73,1
N18,Y74,1
N18,Y81,1
N18,Y90,1
N18,W19,1
N18,W01,1
N18,W04,1
N18,W17,1
N18,Y92,1
N19,W18,3
N19,W19,2
N19,W18,1
N19,W00,1
N19,W01,1
N19,Y83,1
N19,Y84,1
N20,X58,29
N20,Y83,12
N20,Y83,8
N20,W01,7
N20,Y84,4
N20,Y99,4
N20,W19,4
N20,W18,3
N20,V89,3
N20,W57,3
N20,Y73,3
N20,Y84,3
N20,Y92,2
N20,W10,2
N20,W17,2
N20,W22,2
N20,Y65,2
N20,Y92,2
N20,X58,1
N20,Y73,1
N20,Y95,1
N20,Y74,1
N20,W06,1
N20,V58,1
N20,Y22,1
N20,X95,1
N20,W00,1
N20,W06,1
N20,W18,1
N20,W34,1
N20,X50,1
N20,Y24,1
N20,Y82,1
N21,Y83,3
N21,X58,3
N21,Y83,3
N21,Y84,3
N21,V89,2
N21,Y73,2
N21,X58,1
N21,W19,1
N21,W18,1
N21,Y95,1
N21,W17,1
N21,W19,1
N21,W57,1
N21,Y92,1
N23,X58,4
N23,W01,1
N23,W19,1
N25,Y83,8
N25,X58,2
N25,Y84,1
N25,W11,1
N25,Y71,1
N25,W19,1
N25,Y62,1
N25,Y63,1
N25,Y83,1
N25,Y99,1
N26,Y83,3
N26,Y93,1
N26,Y83,1
N26,W19,1
N26,X58,1
N28,W19,24
N28,X58,15
N28,Y92,7
N28,Y83,7
N28,W18,6
N28,W19,5
N28,W01,5
N28,Y83,5
N28,X58,3
N28,Y84,3
N28,W01,2
N28,W17,2
N28,Y84,2
N28,Y95,1
N28,W18,1
N28,V89,1
N28,V23,1
N28,W00,1
N28,W06,1
N28,W10,1
N28,W13,1
N28,W20,1
N28,X50,1
N28,Y04,1
N28,Y90,1
N28,Y92,1
N30,Y84,288
N30,Y84,117
N30,W19,96
N30,W19,92
N30,W88,78
N30,W18,59
N30,W18,54
N30,X58,46
N30,Y92,39
N30,W01,37
N30,W01,34
N30,X58,28
N30,W06,22
N30,W06,20
N30,Y83,17
N30,W90,12
N30,Y92,11
N30,Y83,9
N30,W07,8
N30,X50,7
N30,W05,6
N30,W07,5
N30,W05,5
N30,W22,5
N30,W57,5
N30,Y90,4
N30,W17,4
N30,W19,4
N30,W88,3
N30,Y95,3
N30,V49,3
N30,Y73,3
N30,W10,2
N30,W17,2
N30,V89,2
N30,W57,2
N30,Y33,2
N30,V43,2
N30,W25,2
N30,W54,2
N30,Y90,2
N30,Y99,2
N30,W19,2
N30,W22,1
N30,X30,1
N30,V00,1
N30,X50,1
N30,Y73,1
N30,X94,1
N30,V47,1
N30,V48,1
N30,V58,1
N30,V86,1
N30,W00,1
N30,W10,1
N30,W13,1
N30,W34,1
N30,X30,1
N30,X31,1
N30,X83,1
N30,Y93,1
N30,W18,1
N30,V89,1
N30,W18,1
N30,Y93,1
N31,X58,15
N31,V89,7
N31,X95,5
N31,Y83,5
N31,W34,4
N31,W19,4
N31,Y83,3
N31,V49,3
N31,Y73,3
N31,Y92,2
N31,W16,2
N31,Y93,1
N31,Y95,1
N31,Y84,1
N31,W19,1
N31,Y22,1
N31,V19,1
N31,V29,1
N31,V86,1
N31,W11,1
N31,W14,1
N31,W94,1
N31,Y24,1
N31,Y65,1
N31,Y84,1
N31,X58,1
N32,Y84,16
N32,Y84,16
N32,Y83,15
N32,Y83,6
N32,X58,6
N32,W19,5
N32,Y92,3
N32,Y73,3
N32,W19,3
N32,W88,2
N32,W88,2
N32,X58,1
N32,Y95,1
N32,Y65,1
N32,X11,1
N32,W10,1
N32,W05,1
N32,W01,1
N32,V29,1
N32,X08,1
N32,X50,1
N32,Y63,1
N32,Y73,1
N32,Y90,1
N34,W01,1
N34,W19,1
N35,Y84,8
N35,X58,4
N35,Y73,3
N35,Y83,3
N35,W18,1
N35,X58,1
N35,Y36,1
N36,X58,3
N36,Y83,3
N36,Y84,2
N36,Y73,2
N36,V89,1
N36,X50,1
N36,Y84,1
N36,Y93,1
N39,W19,409
N39,W19,372
N39,W18,271
N39,W18,202
N39,X58,160
N39,W01,138
N39,W01,125
N39,Y92,122
N39,X58,117
N39,W06,66
N39,W06,65
N39,Y83,63
N39,Y84,58
N39,Y92,43
N39,Y95,36
N39,Y84,35
N39,W05,32
N39,W07,27
N39,Y83,26
N39,W05,25
N39,Y73,22
N39,W07,20
N39,W19,16
N39,Y90,15
N39,W10,14
N39,V89,13
N39,W10,12
N39,X50,12
N39,Y93,12
N39,Y93,10
N39,Y73,10
N39,W22,10
N39,W17,9
N39,W57,9
N39,Y90,9
N39,W17,8
N39,V49,6
N39,W08,5
N39,W34,5
N39,W57,4
N39,V89,4
N39,W54,4
N39,W18,4
N39,V49,3
N39,Y63,3
N39,X50,3
N39,W55,3
N39,X31,3
N39,Y65,3
N39,Y82,3
N39,X58,3
N39,W22,2
N39,V29,2
N39,W55,2
N39,Y33,2
N39,W11,2
N39,W00,2
N39,Y82,2
N39,V00,2
N39,V43,2
N39,V47,2
N39,V48,2
N39,W20,2
N39,W26,2
N39,W45,2
N39,W51,2
N39,Y04,2
N39,Y30,2
N39,Y33,2
N39,Y79,2
N39,Y99,2
N39,W19,2
N39,Y92,2
N39,X83,1
N39,Y69,1
N39,V43,1
N39,V47,1
N39,V69,1
N39,Y71,1
N39,W08,1
N39,W34,1
N39,X37,1
N39,Y07,1
N39,W20,1
N39,Y65,1
N39,X08,1
N39,V84,1
N39,V80,1
N39,W26,1
N39,V57,1
N39,V80,1
N39,W13,1
N39,W16,1
N39,W86,1
N39,X08,1
N39,X12,1
N39,X16,1
N39,X19,1
N39,X30,1
N39,X83,1
N39,Y07,1
N39,Y08,1
N39,Y09,1
N39,Y95,1
N39,V48,1
N39,V89,1
N39,W06,1
N39,Y73,1
N39,Y95,1
N40,X58,19
N40,Y83,12
N40,Y84,12
N40,W19,12
N40,Y83,11
N40,Y73,8
N40,Y84,8
N40,W57,7
N40,X58,5
N40,W18,4
N40,W19,3
N40,W01,3
N40,Y73,3
N40,Y92,2
N40,W64,2
N40,Y92,2
N40,W19,2
N40,W06,1
N40,Y65,1
N40,Y90,1
N40,Y71,1
N40,W50,1
N40,W01,1
N40,V09,1
N40,W06,1
N40,W10,1
N40,W17,1
N40,W18,1
N40,W54,1
N40,Y37,1
N40,Y82,1
N40,Y93,1
N41,W19,4
N41,Y84,2
N41,Y83,2
N41,X58,2
N41,V89,1
N41,X58,1
N41,W18,1
N41,Y83,1
N41,Y84,1
N41,Y90,1
N42,Y84,2
N43,W01,1
N43,X58,1
N43,Y83,1
N43,Y84,1
N45,Y84,3
N45,X58,2
N45,Y90,1
N45,W50,1
N45,W18,1
N45,W57,1
N45,Y92,1
N45,W21,1
N45,W22,1
N45,W31,1
N45,W55,1
N45,X50,1
N45,X58,1
N45,Y83,1
N45,Y84,1
N47,X58,4
N47,W18,1
N47,Y83,1
N48,Y92,5
N48,Y84,4
N48,X58,3
N48,W01,2
N48,Y83,2
N48,Y92,1
N48,Y82,1
N48,W22,1
N48,W26,1
N48,W49,1
N48,X32,1
N48,Y99,1
N49,Y92,4
N49,Y83,3
N49,X58,3
N49,X58,3
N49,W19,2
N49,Y82,1
N49,V89,1
N49,Y95,1
N49,W05,1
N49,Y90,1
N49,W57,1
N49,X16,1
N50,X58,5
N50,V89,4
N50,W19,2
N50,X58,2
N50,W19,2
N50,W20,2
N50,Y92,1
N50,Y84,1
N50,V49,1
N50,V93,1
N50,Y84,1
N52,Y83,4
N52,Y82,2
N52,W17,1
N52,W19,1
N52,W34,1
N52,W57,1
N52,Y65,1
N52,Y92,1
N60,Y84,2
N60,W10,1
N60,W19,1
N60,X58,1
N60,Y83,1
N61,Y83,5
N61,X58,4
N61,W57,4
N61,W19,2
N61,V89,2
N61,Y90,1
N61,W57,1
N61,W20,1
N61,X12,1
N61,X58,1
N61,Y92,1
N61,Y83,1
N61,W26,1
N61,W34,1
N61,Y04,1
N61,Y84,1
N62,Y83,1
N62,X50,1
N62,Y83,1
N63,X58,9
N63,Y83,5
N63,W19,4
N63,W18,2
N63,Y84,2
N63,V43,1
N63,W01,1
N63,W31,1
N63,Y04,1
N64,X58,11
N64,Y83,9
N64,W19,5
N64,V87,3
N64,Y92,2
N64,Y83,1
N64,V10,1
N64,V43,1
N64,V49,1
N64,V89,1
N64,W17,1
N64,W18,1
N64,W20,1
N64,W22,1
N64,W57,1
N64,W88,1
N64,Y04,1
N64,Y84,1
N64,Y99,1
N65,Y83,14
N65,Y84,6
N65,Y81,3
N65,X58,2
N65,Y92,1
N72,X58,1
N73,Y84,2
N73,Y92,1
N73,Y65,1
N73,X58,1
N76,Y84,4
N76,X58,4
N76,W57,1
N76,Y07,1
N76,W19,1
N76,W45,1
N76,W57,1
N76,Y04,1
N76,Y83,1
N80,V89,1
N80,Y65,1
N80,Y69,1
N80,Y83,1
N81,Y83,12
N81,Y83,11
N81,X58,10
N81,Y92,4
N81,Y65,2
N81,Y69,1
N81,W01,1
N81,V89,1
N81,W01,1
N81,W19,1
N81,W57,1
N81,Y76,1
N82,Y83,5
N82,Y84,3
N82,Y92,1
N82,W55,1
N82,Y76,1
N82,Y84,1
N83,Y83,3
N83,X58,3
N83,Y83,3
N83,Y92,2
N83,Y92,2
N83,Y95,1
N83,X58,1
N83,W19,1
N84,X58,1
N85,Y65,1
N85,Y83,1
N85,X58,1
N85,Y69,1
N85,Y92,1
N88,W01,1
N89,W88,3
N89,W19,2
N89,Y76,1
N89,W18,1
N89,X58,1
N89,Y84,1
N90,Y84,2
N90,Y84,1
N91,W57,1
N91,X58,1
N92,Y65,3
N92,Y83,2
N92,Y83,1
N92,W19,1
N93,X58,7
N93,W19,4
N93,W18,2
N93,Y76,2
N93,Y84,1
N93,V49,1
N93,W01,1
N93,X50,1
N93,X78,1
N93,Y65,1
N93,Y83,1
N93,Y84,1
N94,W19,2
N94,V43,1
N94,Y83,1
N94,V89,1
N94,W18,1
N94,X58,1
N95,X58,4
N95,W19,3
N95,Y83,3
N95,Y65,2
N95,Y76,2
N95,W06,1
N95,W57,1
N95,Y92,1
N95,Y99,1
N99,Y83,215
N99,Y83,148
N99,Y84,57
N99,Y84,37
N99,Y73,10
N99,X58,8
N99,Y92,7
N99,Y92,4
N99,Y65,3
N99,X58,2
N99,W19,2
N99,Y65,2
N99,Y73,2
N99,W86,1
N99,W18,1
N99,Y69,1
N99,W01,1
N99,W07,1
N99,W06,1
N99,Y82,1
N99,W34,1
N99,Y36,1
N99,Y63,1
N99,Y76,1
N99,Y99,1
O00,Y83,1
O09,W10,2
O09,V43,1
O09,V89,1
O09,W01,1
O09,W19,1
O09,W45,1
O09,Y83,1
O13,Y92,1
O13,V49,1
O14,X58,1
O20,V49,2
O20,W10,1
O20,Y04,1
O20,Y08,1
O23,W18,2
O23,W07,1
O23,W19,1
O23,W20,1
O24,Y92,1
O26,W01,8
O26,W10,3
O26,X58,3
O26,V49,2
O26,W18,2
O26,W22,2
O26,Y09,2
O26,Y82,1
O26,V43,1
O26,V78,1
O26,W06,1
O26,W07,1
O26,W20,1
O26,W50,1
O26,W57,1
O26,Y04,1
O26,Y08,1
O26,Y92,1
O34,Y83,1
O34,Y04,1
O34,X58,1
O40,Y92,1
O42,Y84,1
O43,Y83,1
O44,V47,1
O60,Y92,1
O62,V89,1
O62,W19,1
O89,Y84,1
O90,Y92,1
O90,V49,1
O90,X58,1
O98,Y92,1
O99,W19,3
O99,X58,2
O99,Y92,2
O99,V89,2
O99,W18,2
O99,X58,2
O99,Y04,2
O99,Y84,1
O99,W19,1
O99,Y83,1
O99,V43,1
O99,V47,1
O99,V49,1
O99,W00,1
O99,W01,1
O99,W22,1
O99,Y07,1
O99,Y09,1
O99,Y84,1
O99,Y92,1
O9A,W10,5
O9A,W18,5
O9A,X58,4
O9A,W19,4
O9A,W01,4
O9A,Y04,3
O9A,V40,2
O9A,V89,2
O9A,W22,2
O9A,W50,2
O9A,X50,2
O9A,Y00,2
O9A,Y92,2
O9A,V03,1
O9A,V09,1
O9A,V13,1
O9A,V47,1
O9A,V78,1
O9A,W00,1
O9A,W54,1
O9A,Y07,1
O9A,Y08,1
O9A,Y82,1
O9A,Y93,1
P12,W19,2
Q03,Y92,1
Q04,X58,1
Q05,Y83,2
Q05,X58,1
Q07,W19,1
Q11,Y77,1
Q13,W19,1
Q18,W18,1
Q21,W19,1
Q21,Y92,1
Q21,Y84,1
Q21,X58,1
Q22,Y83,1
Q22,W10,1
Q23,Y83,17
Q23,Y92,4
Q23,Y71,1
Q23,Y84,1
Q23,W18,1
Q23,Y65,1
Q24,Y83,1
Q24,Y84,1
Q24,W19,1
Q25,Y83,1
Q25,Y95,1
Q25,W01,1
Q25,X58,1
Q26,Y83,1
Q27,Y84,3
Q27,Y83,3
Q27,W19,2
Q27,W18,1
Q27,X58,1
Q27,X32,1
Q27,X58,1
Q28,W19,2
Q28,Y95,1
Q28,W01,1
Q34,X58,1
Q43,Y83,3
Q44,Y83,3
Q45,Y93,1
Q61,Y83,3
Q61,Y65,1
Q61,Y82,1
Q61,Y92,1
Q61,X58,1
Q61,Y83,1
Q62,Y84,1
Q64,Y92,1
Q64,Y83,1
Q66,X58,3
Q72,X58,2
Q74,W18,1
Q78,V89,1
Q78,W18,1
Q78,X58,1
Q79,Y83,2
Q79,W19,1
Q82,X32,2
Q82,X58,1
Q82,Y92,1
Q84,X32,1
Q85,Y83,3
Q85,Y92,1
Q85,W18,1
Q85,W19,1
Q87,Y82,1
Q89,Y92,1
Q89,Y83,1
Q90,W19,1
Q90,X83,1
Q90,Y84,1
Q96,Y83,1
R00,Y92,69
R00,W19,68
R00,Y92,46
R00,W19,42
R00,W18,37
R00,X58,29
R00,W18,21
R00,W01,17
R00,W01,16
R00,Y83,10
R00,X58,8
R00,W57,6
R00,W22,5
R00,Y83,5
R00,Y84,4
R00,W06,4
R00,Y71,4
R00,Y90,4
R00,W06,4
R00,Y95,3
R00,W07,3
R00,W05,3
R00,W10,3
R00,W10,2
R00,Y90,2
R00,W22,2
R00,V49,2
R00,W07,2
R00,X30,2
R00,Y95,2
R00,W05,1
R00,V47,1
R00,Y99,1
R00,Y65,1
R00,V48,1
R00,W17,1
R00,X50,1
R00,V89,1
R00,V13,1
R00,V43,1
R00,W08,1
R00,W26,1
R00,X38,1
R00,X83,1
R00,Y09,1
R00,Y71,1
R00,Y93,1
R00,Y99,1
R00,W01,1
R01,W57,5
R01,W19,3
R01,X58,3
R03,W57,6
R03,W19,6
R03,W01,3
R03,X58,3
R03,V19,2
R03,V89,1
R03,W11,1
R03,W18,1
R03,Y90,1
R03,Y92,1
R04,X58,29
R04,W18,25
R04,W19,25
R04,W01,22
R04,Y92,21
R04,Y92,19
R04,Y84,8
R04,W06,5
R04,W19,4
R04,X58,4
R04,W01,3
R04,V49,3
R04,V89,3
R04,W10,3
R04,W22,3
R04,Y04,3
R04,Y93,3
R04,Y83,2
R04,W00,2
R04,W20,2
R04,Y83,2
R04,Y90,1
R04,W18,1
R04,Y95,1
R04,Y33,1
R04,V18,1
R04,V43,1
R04,W17,1
R04,W54,1
R04,W88,1
R04,Y08,1
R04,Y33,1
R04,Y79,1
R05,X58,50
R05,W19,45
R05,W18,11
R05,W01,8
R05,W57,7
R05,Y92,6
R05,X50,5
R05,Y83,4
R05,W22,4
R05,V49,3
R05,W06,3
R05,Y93,3
R05,W07,2
R05,Y92,1
R05,W18,1
R05,Y95,1
R05,V86,1
R05,V13,1
R05,V89,1
R05,W17,1
R05,W54,1
R05,X00,1
R05,X08,1
R05,X32,1
R05,Y71,1
R05,Y82,1
R05,Y84,1
R05,Y90,1
R05,Y95,1
R05,Y99,1
R06,X58,114
R06,W19,79
R06,Y92,42
R06,W18,19
R06,W01,14
R06,Y83,13
R06,Y92,11
R06,Y90,10
R06,W57,9
R06,Y99,8
R06,W10,7
R06,Y93,7
R06,X58,6
R06,Y84,6
R06,X50,4
R06,X08,4
R06,W06,4
R06,Y83,3
R06,W07,3
R06,W17,3
R06,W22,3
R06,W23,3
R06,X30,3
R06,Y04,3
R06,W01,2
R06,V49,2
R06,V89,2
R06,W00,2
R06,W55,2
R06,X39,2
R06,W19,1
R06,Y90,1
R06,V89,1
R06,W18,1
R06,V43,1
R06,V53,1
R06,V80,1
R06,W05,1
R06,W34,1
R06,X02,1
R06,X14,1
R06,X32,1
R06,X37,1
R06,Y26,1
R06,Y81,1
R06,Y95,1
R07,W19,823
R07,W01,382
R07,X58,312
R07,W18,285
R07,Y90,127
R07,V49,106
R07,W10,96
R07,V43,91
R07,V89,89
R07,Y92,84
R07,X50,84
R07,W06,67
R07,Y93,48
R07,Y83,48
R07,W17,40
R07,W00,37
R07,W22,36
R07,W19,34
R07,Y04,33
R07,Y92,28
R07,X58,25
R07,Y84,21
R07,W18,20
R07,Y83,20
R07,W57,20
R07,W11,20
R07,V47,20
R07,W07,18
R07,Y90,16
R07,W01,11
R07,W55,11
R07,Y84,10
R07,Y09,10
R07,V87,10
R07,Y71,10
R07,W08,8
R07,V86,8
R07,V59,7
R07,W20,7
R07,W05,6
R07,Y71,5
R07,W10,5
R07,V19,5
R07,V44,5
R07,W50,5
R07,Y99,5
R07,V89,4
R07,W06,4
R07,Y93,4
R07,Y08,4
R07,Y00,4
R07,W31,4
R07,W13,4
R07,V29,4
R07,V18,4
R07,V09,4
R07,V00,3
R07,V13,3
R07,V17,3
R07,V40,3
R07,V48,3
R07,V53,3
R07,V80,3
R07,W54,3
R07,X08,3
R07,Y33,3
R07,Y04,2
R07,W05,2
R07,X50,2
R07,V28,2
R07,V58,2
R07,W09,2
R07,W16,2
R07,W23,2
R07,W26,2
R07,W51,2
R07,X83,2
R07,Y35,2
R07,X08,1
R07,W00,1
R07,Y65,1
R07,V49,1
R07,W17,1
R07,Y33,1
R07,V43,1
R07,V03,1
R07,V48,1
R07,V02,1
R07,V03,1
R07,V46,1
R07,V67,1
R07,V73,1
R07,V84,1
R07,V93,1
R07,V94,1
R07,V99,1
R07,W03,1
R07,W14,1
R07,W21,1
R07,W24,1
R07,W29,1
R07,W30,1
R07,W34,1
R07,W45,1
R07,W53,1
R07,W86,1
R07,X11,1
R07,X16,1
R07,X19,1
R07,X30,1
R07,X31,1
R07,X32,1
R07,X37,1
R07,X76,1
R07,X78,1
R07,X95,1
R07,X99,1
R07,Y07,1
R07,Y26,1
R07,Y69,1
R07,Y73,1
R07,Y81,1
R07,Y82,1
R07,Y95,1
R09,X58,40
R09,W19,27
R09,W18,13
R09,Y92,11
R09,W01,7
R09,W18,5
R09,X58,4
R09,Y83,4
R09,Y92,4
R09,Y93,4
R09,Y83,3
R09,W01,2
R09,W19,2
R09,Y84,2
R09,Y90,2
R09,W06,2
R09,W07,2
R09,W17,2
R09,X08,2
R09,X37,2
R09,X50,2
R09,Y90,2
R09,W06,1
R09,W94,1
R09,Y95,1
R09,W07,1
R09,V43,1
R09,V49,1
R09,W08,1
R09,W11,1
R09,W20,1
R09,W22,1
R09,W55,1
R09,W57,1
R09,W88,1
R09,X83,1
R09,Y26,1
R09,Y84,1
R09,X58,1
R10,W19,208
R10,X58,173
R10,W01,84
R10,W18,69
R10,Y90,52
R10,Y83,35
R10,Y92,34
R10,X50,28
R10,V89,22
R10,V43,19
R10,W57,19
R10,Y83,17
R10,W10,17
R10,W06,15
R10,V49,15
R10,Y84,15
R10,Y93,11
R10,Y92,10
R10,W22,10
R10,W07,10
R10,Y04,10
R10,Y84,7
R10,W19,7
R10,X58,7
R10,Y90,6
R10,Y33,6
R10,W11,6
R10,W18,4
R10,Y65,4
R10,W08,4
R10,V09,3
R10,W17,3
R10,W20,3
R10,Y09,3
R10,Y99,3
R10,W05,2
R10,Y95,2
R10,V49,2
R10,V18,2
R10,V29,2
R10,V44,2
R10,V47,2
R10,V87,2
R10,W05,2
R10,W50,2
R10,W55,2
R10,X83,2
R10,Y32,2
R10,Y63,2
R10,Y73,2
R10,W07,1
R10,X12,1
R10,Y71,1
R10,W22,1
R10,V89,1
R10,V48,1
R10,Y73,1
R10,W10,1
R10,W16,1
R10,Y93,1
R10,Y81,1
R10,W23,1
R10,X50,1
R10,W06,1
R10,V03,1
R10,V13,1
R10,V19,1
R10,V46,1
R10,V48,1
R10,V58,1
R10,V80,1
R10,V86,1
R10,W12,1
R10,W13,1
R10,W21,1
R10,W49,1
R10,W51,1
R10,W90,1
R10,X08,1
R10,X19,1
R10,X30,1
R10,Y00,1
R10,Y07,1
R10,Y71,1
R10,Y79,1
R10,Y82,1
R11,Y92,66
R11,W19,59
R11,X58,53
R11,Y92,36
R11,W18,24
R11,Y90,22
R11,W01,19
R11,Y83,9
R11,Y84,8
R11,Y83,8
R11,W06,8
R11,W19,7
R11,V89,5
R11,W10,5
R11,Y84,5
R11,W01,4
R11,X50,4
R11,W57,4
R11,W18,3
R11,Y99,3
R11,X58,2
R11,V49,2
R11,W00,2
R11,W05,2
R11,W20,2
R11,W45,2
R11,W55,2
R11,X30,2
R11,Y73,2
R11,Y93,2
R11,Y95,2
R11,X83,1
R11,Y93,1
R11,W06,1
R11,W17,1
R11,Y95,1
R11,V43,1
R11,V47,1
R11,W07,1
R11,W17,1
R11,W22,1
R11,W49,1
R11,W54,1
R11,W64,1
R11,W88,1
R11,X78,1
R11,Y69,1
R13,X58,75
R13,Y84,32
R13,X58,13
R13,Y83,12
R13,W19,8
R13,Y92,7
R13,Y84,6
R13,W19,4
R13,W18,4
R13,W01,3
R13,Y83,2
R13,Y92,2
R13,Y73,2
R13,Y93,2
R13,Y99,2
R13,W18,1
R13,V14,1
R13,V49,1
R13,V89,1
R13,W45,1
R13,W53,1
R13,W88,1
R13,X10,1
R14,X58,4
R14,W18,1
R14,V19,1
R14,W01,1
R14,W19,1
R14,W46,1
R14,W57,1
R14,Y33,1
R14,Y83,1
R14,Y90,1
R15,W19,2
R15,X58,2
R15,Y92,1
R15,Y83,1
R15,Y93,1
R15,W01,1
R15,Y09,1
R16,Y83,2
R16,W19,1
R16,W06,1
R16,W01,1
R16,X58,1
R16,Y84,1
R17,W19,1
R17,W19,1
R17,X58,1
R17,Y73,1
R18,Y83,9
R18,X58,7
R18,Y92,3
R18,Y84,3
R18,Y83,2
R18,W01,2
R18,W18,2
R18,W19,2
R18,Y82,2
R18,Y92,2
R18,Y84,1
R18,W19,1
R18,W06,1
R18,W18,1
R18,X19,1
R18,Y95,1
R18,W01,1
R18,Y33,1
R18,Y90,1
R19,X58,40
R19,W19,22
R19,W18,13
R19,Y92,10
R19,W01,10
R19,Y83,8
R19,Y92,8
R19,W57,7
R19,W18,5
R19,W19,5
R19,X58,3
R19,Y83,3
R19,Y90,3
R19,Y93,2
R19,W06,2
R19,W10,2
R19,W22,2
R19,Y84,2
R19,X15,1
R19,W55,1
R19,Y70,1
R19,W06,1
R19,W01,1
R19,V17,1
R19,V19,1
R19,V49,1
R19,V89,1
R19,W07,1
R19,W27,1
R19,W50,1
R19,W55,1
R19,W88,1
R19,Y65,1
R19,Y71,1
R19,Y73,1
R19,Y99,1
R20,X58,26
R20,W19,25
R20,W18,8
R20,Y92,7
R20,Y90,6
R20,W01,5
R20,W10,5
R20,W57,4
R20,V49,3
R20,Y83,3
R20,V29,2
R20,V43,2
R20,V47,2
R20,V89,2
R20,W19,1
R20,W05,1
R20,Y99,1
R20,Y92,1
R20,Y83,1
R20,W18,1
R20,V43,1
R20,V89,1
R20,V80,1
R20,W00,1
R20,W05,1
R20,W08,1
R20,W20,1
R20,W22,1
R20,X10,1
R20,X31,1
R20,Y04,1
R20,Y35,1
R20,Y71,1
R20,Y93,1
R21,W57,116
R21,X58,52
R21,Y92,21
R21,W19,5
R21,Y93,4
R21,Y92,2
R21,W18,2
R21,Y84,1
R21,W01,1
R21,W07,1
R21,W13,1
R21,W20,1
R21,W45,1
R21,W64,1
R21,X08,1
R21,X19,1
R21,X32,1
R21,X50,1
R21,Y63,1
R21,Y84,1
R21,Y99,1
R22,X58,59
R22,W19,38
R22,Y92,33
R22,W57,17
R22,W01,13
R22,W18,10
R22,W06,8
R22,W22,5
R22,W55,5
R22,Y04,5
R22,Y93,4
R22,Y83,4
R22,W05,3
R22,X50,3
R22,W10,2
R22,Y33,2
R22,Y84,2
R22,Y83,1
R22,W18,1
R22,Y92,1
R22,V03,1
R22,V09,1
R22,V19,1
R22,V29,1
R22,V89,1
R22,V99,1
R22,W13,1
R22,W17,1
R22,W20,1
R22,W21,1
R22,W49,1
R22,W50,1
R22,X95,1
R22,Y08,1
R22,Y09,1
R22,Y82,1
R22,Y99,1
R23,X58,15
R23,W57,7
R23,X32,3
R23,W19,2
R23,W54,2
R23,Y92,2
R23,Y83,1
R23,Y92,1
R23,V49,1
R23,V89,1
R23,W00,1
R23,W18,1
R23,W25,1
R23,W55,1
R23,X31,1
R23,Y83,1
R23,Y93,1
R25,W19,28
R25,X58,11
R25,W18,8
R25,Y92,4
R25,W01,3
R25,Y90,3
R25,Y92,3
R25,X58,2
R25,W11,2
R25,W54,2
R25,V00,1
R25,V49,1
R25,V86,1
R25,V89,1
R25,W03,1
R25,W05,1
R25,W06,1
R25,W07,1
R25,W22,1
R25,W25,1
R25,W34,1
R25,W55,1
R25,W57,1
R25,X10,1
R25,X50,1
R25,X95,1
R25,Y93,1
R26,W19,389
R26,X58,68
R26,W19,64
R26,W18,54
R26,W01,51
R26,W18,31
R26,W10,27
R26,W01,23
R26,Y93,15
R26,Y83,12
R26,X58,12
R26,V89,10
R26,W06,10
R26,Y92,8
R26,W10,8
R26,W07,7
R26,W17,7
R26,Y99,7
R26,W07,6
R26,W06,5
R26,Y90,5
R26,W19,5
R26,Y95,4
R26,Y92,4
R26,V29,4
R26,W01,4
R26,W19,4
R26,Y93,3
R26,V98,3
R26,W08,3
R26,W88,3
R26,Y83,3
R26,Y90,2
R26,W05,2
R26,W17,2
R26,V49,2
R26,W00,2
R26,W11,2
R26,W57,2
R26,X50,2
R26,Y82,2
R26,Y83,2
R26,W18,2
R26,X58,2
R26,Y95,2
R26,V89,1
R26,Y73,1
R26,V03,1
R26,V47,1
R26,Y99,1
R26,W00,1
R26,V29,1
R26,W11,1
R26,Y04,1
R26,W22,1
R26,W57,1
R26,Y82,1
R26,V94,1
R26,V13,1
R26,V99,1
R26,W05,1
R26,W21,1
R26,W22,1
R26,W51,1
R26,X15,1
R26,Y08,1
R26,Y65,1
R26,Y84,1
R26,W01,1
R26,W06,1
R26,W55,1
R26,Y92,1
R27,W19,41
R27,Y92,9
R27,W01,9
R27,W18,8
R27,X58,8
R27,W18,7
R27,W19,6
R27,W10,5
R27,Y92,4
R27,W01,2
R27,V89,2
R27,W07,1
R27,X58,1
R27,W06,1
R27,W57,1
R27,V23,1
R27,V29,1
R27,W06,1
R27,W07,1
R27,Y90,1
R27,Y93,1
R27,Y99,1
R27,W01,1
R27,W19,1
R29,W19,146
R29,W18,56
R29,X58,36
R29,W01,31
R29,W19,25
R29,W18,15
R29,W01,10
R29,W06,10
R29,Y92,9
R29,Y93,8
R29,V89,7
R29,Y92,5
R29,X50,5
R29,W06,3
R29,W05,3
R29,W07,3
R29,W07,2
R29,W11,2
R29,W17,2
R29,W54,2
R29,Y79,2
R29,Y83,1
R29,W22,1
R29,V49,1
R29,W10,1
R29,X58,1
R29,X08,1
R29,W05,1
R29,W13,1
R29,Y93,1
R29,V48,1
R29,W08,1
R29,W10,1
R29,W61,1
R29,Y30,1
R29,Y90,1
R29,Y99,1
R29,V89,1
R29,W06,1
R29,W18,1
R29,W19,1
R30,W19,19
R30,X58,12
R30,W57,5
R30,Y84,4
R30,W01,3
R30,W18,3
R30,W55,3
R30,Y84,1
R30,W20,1
R30,W22,1
R30,W54,1
R30,X83,1
R30,Y69,1
R30,Y73,1
R30,Y92,1
R30,Y93,1
R31,Y84,51
R31,X58,39
R31,W19,19
R31,Y92,15
R31,Y83,9
R31,Y73,8
R31,Y92,8
R31,Y84,7
R31,X58,7
R31,W18,7
R31,Y83,6
R31,W01,6
R31,W57,4
R31,Y73,2
R31,Y95,2
R31,W19,2
R31,V43,2
R31,W00,2
R31,W06,2
R31,W10,2
R31,W50,2
R31,Y65,2
R31,Y99,2
R31,W18,1
R31,W06,1
R31,V49,1
R31,V65,1
R31,V80,1
R31,V87,1
R31,W13,1
R31,W20,1
R31,W22,1
R31,X50,1
R32,W19,5
R32,W06,2
R32,X58,2
R32,W01,1
R32,W10,1
R32,W18,1
R32,Y04,1
R32,Y73,1
R32,Y90,1
R33,Y84,40
R33,X58,31
R33,Y73,13
R33,W19,10
R33,Y83,10
R33,W18,7
R33,W19,4
R33,Y92,3
R33,W01,3
R33,Y82,3
R33,Y92,3
R33,Y84,2
R33,Y83,2
R33,V49,2
R33,W06,2
R33,Y69,2
R33,Y93,2
R33,Y99,2
R33,Y82,1
R33,W11,1
R33,W18,1
R33,W17,1
R33,W00,1
R33,W07,1
R33,W10,1
R33,W22,1
R33,W57,1
R33,W88,1
R33,Y65,1
R33,Y90,1
R33,Y95,1
R33,W18,1
R34,W19,1
R34,X58,1
R35,W19,11
R35,X58,9
R35,W18,4
R35,W55,3
R35,W57,3
R35,Y04,1
R35,Y83,1
R35,Y84,1
R35,Y92,1
R36,Y84,1
R39,W19,8
R39,Y84,4
R39,X58,4
R39,W18,2
R39,W57,2
R39,W01,1
R39,V58,1
R39,W06,1
R39,W54,1
R39,Y99,1
R40,W19,43
R40,Y92,28
R40,W18,13
R40,X58,13
R40,W01,7
R40,W19,4
R40,V47,3
R40,Y90,3
R40,Y92,2
R40,X58,2
R40,V89,2
R40,W06,2
R40,W22,2
R40,Y83,2
R40,Y84,2
R40,W18,1
R40,W10,1
R40,V43,1
R40,V48,1
R40,V49,1
R40,V58,1
R40,W05,1
R40,W10,1
R40,W45,1
R40,W54,1
R40,X30,1
R40,Y04,1
R40,Y95,1
R41,W19,409
R41,W18,150
R41,X58,125
R41,Y92,123
R41,Y92,64
R41,W01,56
R41,W19,50
R41,Y90,39
R41,W06,33
R41,W18,24
R41,V49,15
R41,W05,12
R41,V89,12
R41,W07,11
R41,X58,10
R41,W22,10
R41,W10,10
R41,Y83,8
R41,V43,8
R41,Y83,7
R41,W01,6
R41,W06,6
R41,Y90,5
R41,W17,5
R41,Y84,4
R41,Y95,4
R41,W57,4
R41,V48,4
R41,Y84,4
R41,W10,3
R41,X31,3
R41,Y93,3
R41,V47,3
R41,W45,3
R41,X31,3
R41,Y73,3
R41,W05,2
R41,Y95,2
R41,Y04,2
R41,V18,2
R41,V19,2
R41,Y09,2
R41,V87,2
R41,W00,2
R41,W54,2
R41,Y99,2
R41,X08,2
R41,W08,1
R41,Y80,1
R41,X08,1
R41,V49,1
R41,V80,1
R41,W55,1
R41,Y04,1
R41,Y79,1
R41,W07,1
R41,Y93,1
R41,V89,1
R41,Y08,1
R41,X78,1
R41,V00,1
R41,V03,1
R41,W00,1
R41,V13,1
R41,V00,1
R41,V13,1
R41,V27,1
R41,V58,1
R41,V59,1
R41,V69,1
R41,V86,1
R41,W11,1
R41,W23,1
R41,W26,1
R41,W50,1
R41,W67,1
R41,X30,1
R41,X78,1
R41,X83,1
R41,Y75,1
R41,Y79,1
R41,Y82,1
R41,X58,1
R42,W19,418
R42,W18,258
R42,W01,118
R42,X58,79
R42,Y92,52
R42,W06,32
R42,W10,24
R42,W22,19
R42,W19,18
R42,W57,14
R42,W07,13
R42,Y93,13
R42,V49,12
R42,Y92,10
R42,V89,10
R42,Y90,10
R42,W01,8
R42,W18,7
R42,X30,7
R42,W00,6
R42,W17,6
R42,V43,5
R42,W05,5
R42,W20,3
R42,X50,3
R42,Y83,3
R42,Y99,3
R42,W06,2
R42,W07,2
R42,X58,2
R42,X32,2
R42,V47,2
R42,W55,2
R42,Y71,2
R42,Y83,1
R42,X30,1
R42,Y82,1
R42,Y93,1
R42,W00,1
R42,V03,1
R42,V44,1
R42,V48,1
R42,V77,1
R42,V87,1
R42,W03,1
R42,W11,1
R42,W26,1
R42,W32,1
R42,W54,1
R42,X00,1
R42,X08,1
R42,X15,1
R42,Y00,1
R42,Y04,1
R42,Y09,1
R42,Y33,1
R42,Y84,1
R44,W19,12
R44,Y92,7
R44,X58,6
R44,Y92,4
R44,W18,3
R44,X58,2
R44,Y90,2
R44,W19,2
R44,X83,2
R44,W07,1
R44,Y33,1
R44,Y83,1
R44,W00,1
R44,V18,1
R44,V89,1
R44,W00,1
R44,W01,1
R44,W22,1
R44,W34,1
R44,Y90,1
R45,Y90,113
R45,X78,39
R45,X58,34
R45,W19,22
R45,Y92,13
R45,Y04,12
R45,X83,12
R45,W01,6
R45,Y90,5
R45,W18,5
R45,Y09,4
R45,W45,4
R45,W22,4
R45,X58,3
R45,V49,3
R45,W18,2
R45,W07,2
R45,W17,2
R45,X79,2
R45,Y28,2
R45,Y35,2
R45,Y36,2
R45,W26,1
R45,W23,1
R45,Y92,1
R45,W19,1
R45,Y84,1
R45,Y95,1
R45,V03,1
R45,V47,1
R45,W05,1
R45,W06,1
R45,W20,1
R45,W25,1
R45,W26,1
R45,W27,1
R45,W57,1
R45,W86,1
R45,X30,1
R45,X31,1
R45,X99,1
R45,Y33,1
R45,Y78,1
R45,Y83,1
R46,W19,5
R46,Y04,2
R46,V89,1
R46,W01,1
R46,W22,1
R46,X58,1
R47,W19,22
R47,X58,14
R47,Y92,11
R47,W18,10
R47,W01,8
R47,W19,4
R47,W06,2
R47,W17,2
R47,V89,2
R47,X58,1
R47,Y90,1
R47,W18,1
R47,Y73,1
R47,Y92,1
R47,W01,1
R47,V49,1
R47,V87,1
R47,W57,1
R47,X50,1
R47,Y04,1
R47,Y32,1
R47,Y90,1
R49,X58,6
R49,W19,1
R49,Y83,1
R50,Y92,28
R50,W57,27
R50,W19,25
R50,Y83,19
R50,Y92,12
R50,X58,10
R50,W18,10
R50,W19,9
R50,Y83,9
R50,W18,6
R50,Y84,6
R50,W01,6
R50,Y84,4
R50,W01,4
R50,X58,4
R50,W06,4
R50,W57,3
R50,W06,2
R50,Y95,2
R50,W10,2
R50,Y95,2
R50,W10,1
R50,V29,1
R50,W03,1
R50,W13,1
R50,W34,1
R50,W08,1
R50,Y71,1
R50,V89,1
R50,X50,1
R50,Y90,1
R50,V29,1
R50,V43,1
R50,V47,1
R50,V49,1
R50,W07,1
R50,W16,1
R50,W22,1
R50,X11,1
R50,X50,1
R50,Y33,1
R50,Y73,1
R51,W19,326
R51,W01,225
R51,W18,161
R51,X58,73
R51,V49,51
R51,W06,50
R51,V43,40
R51,W22,38
R51,W10,36
R51,V89,34
R51,Y04,25
R51,W05,21
R51,Y92,18
R51,W07,15
R51,W57,15
R51,W00,11
R51,V47,9
R51,Y90,9
R51,Y93,8
R51,V48,7
R51,W08,7
R51,Y84,7
R51,W17,6
R51,Y83,5
R51,Y09,4
R51,W11,4
R51,Y83,3
R51,V53,3
R51,V87,3
R51,Y84,2
R51,W19,2
R51,V00,2
R51,V09,2
R51,V40,2
R51,W20,2
R51,W55,2
R51,W86,2
R51,Y33,2
R51,Y99,2
R51,Y99,1
R51,X58,1
R51,Y04,1
R51,W06,1
R51,W57,1
R51,W18,1
R51,Y82,1
R51,V03,1
R51,V13,1
R51,V29,1
R51,V57,1
R51,V59,1
R51,V80,1
R51,V86,1
R51,V99,1
R51,W03,1
R51,W21,1
R51,W34,1
R51,W50,1
R51,W54,1
R51,X08,1
R51,X32,1
R51,X50,1
R51,X76,1
R51,Y03,1
R51,Y07,1
R51,Y08,1
R51,Y63,1
R52,W19,69
R52,W01,12
R52,X58,7
R52,V89,7
R52,V49,6
R52,W57,6
R52,W18,6
R52,W05,5
R52,Y93,4
R52,W06,3
R52,W07,3
R52,W10,3
R52,W19,2
R52,V43,2
R52,X50,2
R52,Y92,2
R52,V47,1
R52,V14,1
R52,V29,1
R52,V39,1
R52,V87,1
R52,W17,1
R52,W29,1
R52,Y04,1
R52,Y09,1
R52,Y36,1
R52,Y90,1
R52,Y95,1
R52,Y99,1
R53,W19,601
R53,W18,288
R53,W01,164
R53,W19,157
R53,X58,134
R53,W06,102
R53,W57,96
R53,W18,79
R53,Y92,75
R53,W19,56
R53,Y92,43
R53,X58,43
R53,Y83,41
R53,W01,33
R53,W07,30
R53,Y90,25
R53,X58,21
R53,W06,19
R53,W05,19
R53,Y93,18
R53,Y84,17
R53,W10,15
R53,Y95,13
R53,W22,12
R53,W18,11
R53,Y92,10
R53,W10,9
R53,W08,9
R53,Y83,9
R53,Y84,8
R53,W05,7
R53,V89,7
R53,Y83,7
R53,X30,7
R53,V49,6
R53,Y84,6
R53,Y95,6
R53,W00,5
R53,Y99,5
R53,W01,5
R53,W07,4
R53,X50,4
R53,Y93,4
R53,Y95,4
R53,V89,3
R53,Y90,3
R53,Y82,3
R53,W17,3
R53,W17,3
R53,W06,3
R53,X08,2
R53,W30,2
R53,W34,2
R53,W00,2
R53,W08,2
R53,W50,2
R53,W13,2
R53,V43,2
R53,Y79,2
R53,Y65,2
R53,X32,2
R53,X10,2
R53,V42,2
R53,W54,2
R53,Y90,2
R53,X78,1
R53,Y82,1
R53,Y04,1
R53,W54,1
R53,W36,1
R53,Y37,1
R53,Y71,1
R53,W17,1
R53,Y99,1
R53,Y81,1
R53,V47,1
R53,W26,1
R53,V43,1
R53,Y73,1
R53,V00,1
R53,Y79,1
R53,W22,1
R53,Y32,1
R53,V03,1
R53,V09,1
R53,V10,1
R53,V19,1
R53,V29,1
R53,V84,1
R53,W11,1
R53,W16,1
R53,W20,1
R53,W30,1
R53,W31,1
R53,W55,1
R53,X50,1
R53,Y09,1
R53,Y33,1
R53,Y64,1
R53,Y69,1
R53,Y71,1
R53,Y73,1
R53,Y80,1
R53,V09,1
R53,V47,1
R53,V29,1
R53,V49,1
R53,V89,1
R53,W10,1
R53,W22,1
R53,W34,1
R53,X12,1
R53,Y09,1
R53,Y36,1
R53,Y93,1
R53,Y99,1
R54,W19,6
R54,W01,5
R54,W18,5
R54,W19,5
R54,W18,4
R54,W01,4
R54,X58,3
R54,Y93,1
R54,X58,1
R54,Y83,1
R54,W18,1
R55,W18,1113
R55,W19,1077
R55,W01,272
R55,W18,262
R55,W19,249
R55,X58,171
R55,Y92,104
R55,Y90,74
R55,W01,65
R55,W07,63
R55,W10,55
R55,Y92,53
R55,W22,52
R55,W06,45
R55,W17,35
R55,X58,31
R55,Y93,30
R55,V47,28
R55,W06,22
R55,W07,21
R55,V49,17
R55,W10,16
R55,V48,15
R55,V89,15
R55,Y93,14
R55,X30,14
R55,X50,13
R55,Y90,12
R55,W05,10
R55,Y84,9
R55,W11,8
R55,Y83,8
R55,V43,8
R55,W22,7
R55,Y84,7
R55,W17,6
R55,W19,6
R55,V47,5
R55,W05,5
R55,Y83,5
R55,W08,5
R55,V18,4
R55,V19,4
R55,W20,4
R55,W20,3
R55,W11,3
R55,W08,3
R55,Y99,3
R55,W57,3
R55,W00,3
R55,V48,2
R55,V89,2
R55,X30,2
R55,Y82,2
R55,Y71,2
R55,X32,2
R55,X31,2
R55,X12,2
R55,W50,2
R55,W28,2
R55,W26,2
R55,W13,2
R55,V68,2
R55,V58,2
R55,V13,2
R55,V00,2
R55,W01,2
R55,Y99,1
R55,Y69,1
R55,Y95,1
R55,V19,1
R55,X19,1
R55,Y73,1
R55,X31,1
R55,W45,1
R55,Y81,1
R55,V57,1
R55,W13,1
R55,V29,1
R55,V43,1
R55,X50,1
R55,W23,1
R55,Y82,1
R55,W57,1
R55,W00,1
R55,V49,1
R55,Y71,1
R55,V03,1
R55,V09,1
R55,V28,1
R55,V45,1
R55,V53,1
R55,V57,1
R55,V59,1
R55,V78,1
R55,V80,1
R55,V81,1
R55,V87,1
R55,V94,1
R55,W03,1
R55,W04,1
R55,W16,1
R55,W31,1
R55,W55,1
R55,W67,1
R55,W86,1
R55,X08,1
R55,X15,1
R55,Y73,1
R55,Y74,1
R55,X58,1
R56,W19,96
R56,X58,65
R56,W18,59
R56,W19,42
R56,W01,18
R56,Y90,17
R56,Y92,16
R56,W18,16
R56,X58,14
R56,Y92,12
R56,Y90,11
R56,W06,9
R56,W06,6
R56,W22,6
R56,Y83,5
R56,Y84,5
R56,W01,5
R56,W10,5
R56,Y95,4
R56,W07,4
R56,V89,4
R56,W17,4
R56,W10,3
R56,V89,3
R56,V87,3
R56,W57,2
R56,V29,2
R56,Y04,2
R56,W20,2
R56,W07,2
R56,W51,1
R56,W11,1
R56,W05,1
R56,W45,1
R56,W17,1
R56,W26,1
R56,X18,1
R56,X78,1
R56,W50,1
R56,V49,1
R56,V47,1
R56,V00,1
R56,V47,1
R56,V48,1
R56,V49,1
R56,V99,1
R56,W05,1
R56,W08,1
R56,W45,1
R56,W49,1
R56,X10,1
R56,X12,1
R56,X78,1
R56,Y63,1
R56,Y83,1
R56,Y84,1
R56,Y93,1
R56,Y99,1
R56,V89,1
R57,Y83,8
R57,Y92,8
R57,W19,7
R57,Y84,6
R57,X58,3
R57,W18,2
R57,Y90,2
R57,Y95,2
R57,W19,2
R57,Y73,1
R57,W06,1
R57,W01,1
R57,W05,1
R57,X58,1
R57,Y92,1
R58,X58,12
R58,W19,11
R58,Y92,4
R58,Y84,3
R58,W18,3
R58,Y92,2
R58,W01,2
R58,W45,2
R58,W06,2
R58,V47,1
R58,V49,1
R58,W20,1
R58,Y33,1
R58,Y82,1
R58,Y83,1
R59,W57,6
R59,X58,4
R59,Y83,3
R59,Y92,2
R59,Y84,2
R59,Y99,2
R59,Y82,1
R59,W01,1
R59,W05,1
R59,W19,1
R59,W20,1
R59,W22,1
R59,Y95,1
R60,X58,143
R60,W19,59
R60,W18,21
R60,W22,20
R60,W01,17
R60,Y92,12
R60,W57,8
R60,W07,6
R60,V89,5
R60,W45,5
R60,Y83,5
R60,W55,4
R60,W18,3
R60,W19,3
R60,W54,3
R60,W20,3
R60,W05,2
R60,W06,2
R60,Y99,2
R60,Y93,2
R60,Y90,2
R60,X99,2
R60,X50,2
R60,X30,2
R60,W99,2
R60,W10,2
R60,V18,2
R60,W23,2
R60,W06,1
R60,Y84,1
R60,Y92,1
R60,W01,1
R60,V00,1
R60,V43,1
R60,V47,1
R60,V49,1
R60,V69,1
R60,V80,1
R60,V99,1
R60,W03,1
R60,W11,1
R60,W26,1
R60,W49,1
R60,W59,1
R60,X06,1
R60,X08,1
R60,X19,1
R60,Y73,1
R60,Y82,1
R60,Y84,1
R60,Y95,1
R60,X58,1
R61,Y92,2
R61,Y83,2
R61,V49,1
R61,W11,1
R61,W19,1
R61,W57,1
R61,X30,1
R62,W19,15
R62,W18,13
R62,W19,11
R62,X58,8
R62,Y92,5
R62,W06,5
R62,W18,5
R62,X58,5
R62,Y83,4
R62,Y84,4
R62,W01,3
R62,W08,3
R62,W19,3
R62,Y95,2
R62,Y93,2
R62,Y73,2
R62,W05,2
R62,W01,2
R62,Y79,1
R62,Y04,1
R62,W06,1
R62,W57,1
R62,W10,1
R62,X31,1
R62,Y99,1
R62,X31,1
R62,Y09,1
R62,Y83,1
R62,Y90,1
R62,Y92,1
R62,Y93,1
R62,Y95,1
R62,W18,1
R62,X58,1
R63,W19,19
R63,X58,14
R63,W57,5
R63,W18,4
R63,Y92,2
R63,W10,2
R63,V89,2
R63,W19,1
R63,V18,1
R63,X32,1
R63,W19,1
R64,W18,1
R64,W19,1
R64,Y07,1
R65,Y95,10
R65,W19,5
R65,Y83,3
R65,Y84,2
R65,Y92,2
R65,W01,2
R65,W18,2
R65,V47,2
R65,X58,1
R65,V89,1
R65,W19,1
R65,V43,1
R65,W01,1
R65,W57,1
R65,X31,1
R65,X58,1
R65,Y73,1
R65,Y83,1
R65,Y92,1
R65,Y95,1
R68,W19,17
R68,X58,13
R68,Y04,10
R68,Y92,6
R68,W57,5
R68,W01,4
R68,X58,2
R68,Y83,2
R68,V89,2
R68,Y08,2
R68,Y00,2
R68,W50,2
R68,W06,2
R68,V43,1
R68,W01,1
R68,Y92,1
R68,X31,1
R68,W19,1
R68,V17,1
R68,V19,1
R68,V47,1
R68,W10,1
R68,W18,1
R68,W21,1
R68,W54,1
R68,W88,1
R68,Y84,1
R68,Y99,1
R68,Y93,1
R69,X58,4
R69,Y92,2
R69,W01,1
R69,W18,1
R69,W19,1
R70,W19,1
R71,Y84,1
R71,X58,1
R73,W19,15
R73,W57,14
R73,X58,11
R73,Y92,3
R73,Y99,2
R73,W18,2
R73,V89,2
R73,W18,1
R73,V87,1
R73,W04,1
R73,W10,1
R73,W11,1
R73,W55,1
R73,W90,1
R73,X31,1
R73,Y82,1
R73,Y90,1
R74,W19,14
R74,X58,7
R74,W01,4
R74,W06,3
R74,Y92,2
R74,W57,2
R74,W18,2
R74,W10,2
R74,X30,1
R74,W06,1
R74,W05,1
R74,Y83,1
R74,Y90,1
R76,W57,2
R76,X58,1
R76,Y99,1
R77,W19,3
R77,W01,2
R77,Y92,1
R77,W06,1
R77,V58,1
R77,W18,1
R77,W57,1
R77,Y83,1
R78,Y83,20
R78,Y92,10
R78,Y84,7
R78,W19,7
R78,Y83,7
R78,Y95,6
R78,W18,5
R78,X58,3
R78,W01,3
R78,X58,3
R78,W06,2
R78,Y84,2
R78,W19,2
R78,W18,2
R78,Y99,1
R78,X30,1
R78,W17,1
R78,W22,1
R78,W55,1
R78,Y09,1
R78,W54,1
R78,X32,1
R78,Y73,1
R78,W05,1
R78,W57,1
R78,Y33,1
R78,Y82,1
R78,Y71,1
R78,X31,1
R78,Y93,1
R78,W18,1
R78,W19,1
R78,X58,1
R79,W19,32
R79,X58,18
R79,W18,14
R79,Y92,10
R79,Y92,10
R79,W19,9
R79,W01,6
R79,Y83,6
R79,W06,5
R79,V49,4
R79,W18,3
R79,W22,3
R79,W10,2
R79,Y83,2
R79,W57,2
R79,W17,2
R79,W10,2
R79,W07,2
R79,Y33,1
R79,X58,1
R79,Y90,1
R79,W07,1
R79,W01,1
R79,Y99,1
R79,V48,1
R79,V59,1
R79,V87,1
R79,V89,1
R79,W26,1
R79,Y64,1
R79,Y84,1
R79,Y90,1
R79,Y99,1
R80,V92,1
R80,W18,1
R80,W19,1
R80,Y62,1
R80,Y84,1
R82,X58,9
R82,W19,4
R82,W19,3
R82,W18,3
R82,Y84,2
R82,Y92,1
R82,W18,1
R82,V89,1
R82,W01,1
R82,V89,1
R82,W01,1
R82,Y33,1
R85,X01,1
R85,X58,1
R87,Y84,1
R87,Y90,1
R89,W19,1
R89,X58,1
R89,Y84,1
R90,W19,7
R90,X58,2
R90,V89,1
R90,W18,1
R91,X58,83
R91,W19,27
R91,Y84,20
R91,Y83,17
R91,Y83,5
R91,Y92,5
R91,W01,5
R91,W18,5
R91,Y84,4
R91,Y92,3
R91,Y65,3
R91,W57,3
R91,W01,2
R91,Y93,2
R91,W54,2
R91,W10,2
R91,V89,2
R91,V43,2
R91,W18,1
R91,W22,1
R91,Y71,1
R91,V00,1
R91,V48,1
R91,W11,1
R91,W13,1
R91,W17,1
R91,X32,1
R91,X39,1
R91,X50,1
R91,Y04,1
R91,Y09,1
R91,Y36,1
R91,Y82,1
R91,Y99,1
R91,W19,1
R92,X58,6
R92,W19,4
R92,V49,1
R92,Y82,1
R92,Y84,1
R92,Y92,1
R92,Y99,1
R93,X58,26
R93,W19,16
R93,W18,5
R93,W10,3
R93,W01,2
R93,V48,1
R93,V49,1
R93,V89,1
R93,W05,1
R93,W55,1
R93,Y33,1
R93,Y83,1
R93,Y99,1
R94,X58,17
R94,W19,13
R94,Y83,6
R94,Y84,4
R94,Y92,3
R94,W18,3
R94,Y93,2
R94,W01,2
R94,W19,1
R94,Y83,1
R94,V49,1
R94,V89,1
R94,W05,1
R94,W06,1
R94,W10,1
R94,W31,1
R94,W90,1
R94,Y90,1
R94,Y99,1
R97,Y84,5
R97,X58,2
R97,V89,1
R97,W22,1
R97,W57,1
R97,Y99,1
R99,V28,1
R99,V89,1
R99,W01,1
R99,W19,1
R99,X58,1
R99,X95,1
S00,W01,3936
S00,W19,2501
S00,W18,2448
S00,W06,704
S00,W10,565
S00,X58,531
S00,W05,493
S00,W22,460
S00,Y04,305
S00,W07,291
S00,W57,219
S00,W17,187
S00,W20,110
S00,W00,104
S00,Y92,99
S00,V49,79
S00,Y93,61
S00,Y90,59
S00,V43,57
S00,W11,54
S00,W08,49
S00,W18,48
S00,W19,44
S00,W01,41
S00,Y09,39
S00,V00,34
S00,V48,32
S00,W45,32
S00,V89,32
S00,Y00,30
S00,W54,25
S00,W50,25
S00,Y08,25
S00,V03,21
S00,W21,19
S00,Y99,19
S00,W03,18
S00,W55,18
S00,V19,15
S00,V47,15
S00,W10,14
S00,V18,14
S00,Y33,12
S00,X83,12
S00,V09,11
S00,V86,11
S00,W06,10
S00,W26,10
S00,X50,8
S00,V58,8
S00,Y35,7
S00,W31,7
S00,W51,6
S00,V29,6
S00,X58,5
S00,V28,5
S00,V44,5
S00,V59,5
S00,V78,5
S00,V87,5
S00,W05,4
S00,V17,4
S00,X79,4
S00,Y92,3
S00,Y07,3
S00,Y03,3
S00,X99,3
S00,W25,3
S00,W16,3
S00,V40,3
S00,V13,3
S00,V03,2
S00,W07,2
S00,V43,2
S00,Y04,2
S00,Y29,2
S00,X78,2
S00,X19,2
S00,W53,2
S00,W29,2
S00,W27,2
S00,W23,2
S00,W14,2
S00,W13,2
S00,W12,2
S00,W09,2
S00,W04,2
S00,V98,2
S00,V93,2
S00,V84,2
S00,V80,2
S00,V79,2
S00,V27,2
S00,V11,2
S00,V18,1
S00,Y93,1
S00,Y83,1
S00,V92,1
S00,V49,1
S00,W03,1
S00,W22,1
S00,Y09,1
S00,V48,1
S00,V23,1
S00,V53,1
S00,V54,1
S00,V63,1
S00,V68,1
S00,V69,1
S00,V88,1
S00,W28,1
S00,W40,1
S00,W60,1
S00,W64,1
S00,X32,1
S00,X80,1
S00,X93,1
S00,Y01,1
S00,Y28,1
S00,Y65,1
S00,Y83,1
S00,Y84,1
S01,W01,5207
S01,W18,2792
S01,W19,2683
S01,W22,871
S01,X58,850
S01,W06,825
S01,W10,692
S01,W05,418
S01,W07,265
S01,Y04,255
S01,W20,205
S01,W17,180
S01,W54,138
S01,Y92,129
S01,W45,127
S01,W00,113
S01,W26,93
S01,W11,86
S01,Y93,75
S01,Y00,67
S01,W01,61
S01,Y90,61
S01,W18,57
S01,W08,46
S01,V49,38
S01,W50,38
S01,Y09,35
S01,W55,34
S01,W19,33
S01,V89,31
S01,V43,30
S01,Y08,26
S01,V00,26
S01,W25,25
S01,Y83,25
S01,V18,25
S01,Y99,25
S01,W21,23
S01,X99,23
S01,V47,20
S01,W03,20
S01,V48,19
S01,Y84,18
S01,W31,18
S01,V19,16
S01,V86,15
S01,W13,14
S01,V03,13
S01,W34,13
S01,W51,12
S01,W27,12
S01,V09,11
S01,X83,11
S01,W10,10
S01,W06,10
S01,Y92,8
S01,W05,8
S01,W07,8
S01,V80,8
S01,V29,8
S01,V58,8
S01,Y29,7
S01,X74,7
S01,X50,7
S01,W29,7
S01,W23,7
S01,V28,7
S01,Y33,6
S01,X58,5
S01,W22,5
S01,Y93,5
S01,V78,5
S01,W57,5
S01,W04,4
S01,W16,4
S01,X72,4
S01,Y90,3
S01,V49,3
S01,X78,3
S01,W37,3
S01,W30,3
S01,W14,3
S01,V87,3
S01,V59,3
S01,W45,2
S01,Y08,2
S01,W54,2
S01,Y35,2
S01,Y07,2
S01,X95,2
S01,W64,2
S01,W61,2
S01,W53,2
S01,W33,2
S01,W28,2
S01,W09,2
S01,V98,2
S01,V97,2
S01,V94,2
S01,V93,2
S01,V91,2
S01,V53,2
S01,V23,2
S01,V17,2
S01,V13,2
S01,W18,2
S01,W13,1
S01,Y95,1
S01,Y04,1
S01,V48,1
S01,W00,1
S01,W11,1
S01,V00,1
S01,V23,1
S01,X99,1
S01,V57,1
S01,W26,1
S01,Y99,1
S01,W34,1
S01,W32,1
S01,W20,1
S01,V01,1
S01,V27,1
S01,V57,1
S01,V64,1
S01,V67,1
S01,V73,1
S01,V81,1
S01,V88,1
S01,W15,1
S01,W32,1
S01,W60,1
S01,W88,1
S01,X03,1
S01,X16,1
S01,X79,1
S01,X80,1
S01,X93,1
S01,Y01,1
S01,Y02,1
S01,Y28,1
S01,Y30,1
S01,Y69,1
S01,W19,1
S01,Y92,1
S01,W19,1
S01,X58,1
S02,W01,988
S02,W18,441
S02,W19,439
S02,X58,251
S02,Y04,171
S02,W10,162
S02,W18,122
S02,W01,104
S02,W06,90
S02,W19,83
S02,W05,68
S02,W22,68
S02,W10,28
S02,Y09,28
S02,W07,26
S02,W17,25
S02,Y08,24
S02,Y92,21
S02,W20,21
S02,Y90,21
S02,W11,21
S02,Y00,20
S02,W00,19
S02,Y93,19
S02,Y04,16
S02,Y90,15
S02,Y92,15
S02,V49,15
S02,V89,15
S02,W08,12
S02,W06,11
S02,W50,10
S02,W55,10
S02,V49,9
S02,Y93,9
S02,V47,9
S02,V03,9
S02,X74,8
S02,W05,8
S02,Y99,8
S02,X58,7
S02,W11,7
S02,V86,7
S02,V18,7
S02,V43,6
S02,V00,6
S02,V43,6
S02,V48,6
S02,W54,6
S02,W07,5
S02,V18,5
S02,V19,5
S02,V80,5
S02,W03,5
S02,W21,5
S02,W19,5
S02,V03,4
S02,Y08,4
S02,W13,4
S02,W17,3
S02,Y09,3
S02,V29,3
S02,W13,3
S02,V89,3
S02,Y00,3
S02,V48,3
S02,Y35,3
S02,V09,3
S02,V19,2
S02,Y84,2
S02,W22,2
S02,X72,2
S02,Y33,2
S02,Y24,2
S02,X99,2
S02,X74,2
S02,W26,2
S02,V40,2
S02,V29,2
S02,V28,2
S02,V17,2
S02,V17,1
S02,V13,1
S02,W08,1
S02,W20,1
S02,Y95,1
S02,V09,1
S02,V47,1
S02,X99,1
S02,V00,1
S02,X97,1
S02,W55,1
S02,V86,1
S02,V27,1
S02,X95,1
S02,W00,1
S02,V02,1
S02,V13,1
S02,V54,1
S02,V58,1
S02,V73,1
S02,V78,1
S02,V81,1
S02,V87,1
S02,V92,1
S02,V94,1
S02,W16,1
S02,W29,1
S02,W33,1
S02,W34,1
S02,W45,1
S02,W51,1
S02,X10,1
S02,X50,1
S02,X72,1
S02,Y07,1
S02,Y83,1
S02,V89,1
S02,W01,1
S02,W19,1
S02,W01,1
S02,V03,1
S02,W00,1
S03,X58,63
S03,W19,13
S03,X50,7
S03,W01,7
S03,W18,5
S03,W10,3
S03,X58,2
S03,Y09,2
S03,W18,1
S03,Y92,1
S03,W19,1
S03,V03,1
S03,V19,1
S03,V78,1
S03,W06,1
S03,W22,1
S03,W34,1
S03,Y04,1
S03,Y35,1
S03,Y83,1
S03,Y84,1
S03,Y90,1
S03,Y92,1
S04,X58,7
S04,W10,1
S04,W19,1
S04,Y83,1
S05,X58,870
S05,W22,259
S05,W01,168
S05,W19,115
S05,W18,80
S05,W20,69
S05,Y04,42
S05,Y93,35
S05,W06,31
S05,W45,28
S05,W50,27
S05,Y92,23
S05,Y33,17
S05,W10,16
S05,W26,14
S05,W54,12
S05,W07,11
S05,W01,10
S05,Y99,10
S05,W21,8
S05,W05,8
S05,Y90,7
S05,W51,7
S05,V49,6
S05,W17,6
S05,W55,6
S05,W60,5
S05,Y08,4
S05,W18,3
S05,Y29,3
S05,W61,3
S05,W31,3
S05,W19,2
S05,W20,2
S05,W06,2
S05,W22,2
S05,V86,2
S05,X83,2
S05,W25,2
S05,W08,2
S05,W03,2
S05,V89,2
S05,V47,2
S05,V29,2
S05,W54,1
S05,W26,1
S05,Y00,1
S05,W05,1
S05,X73,1
S05,X99,1
S05,W10,1
S05,Y92,1
S05,W17,1
S05,V19,1
S05,V23,1
S05,V40,1
S05,V46,1
S05,V80,1
S05,V86,1
S05,V87,1
S05,W00,1
S05,W16,1
S05,W23,1
S05,W27,1
S05,W29,1
S05,W38,1
S05,W39,1
S05,W57,1
S05,W89,1
S05,X08,1
S05,X10,1
S05,X11,1
S05,X12,1
S05,X95,1
S05,X99,1
S05,Y00,1
S05,Y09,1
S05,Y84,1
S06,W18,1402
S06,W19,1354
S06,W01,1093
S06,W19,1088
S06,W01,878
S06,W18,851
S06,X58,718
S06,W10,391
S06,W10,339
S06,W06,179
S06,W22,168
S06,W06,168
S06,Y92,151
S06,W00,127
S06,W11,99
S06,W17,98
S06,V89,97
S06,W07,96
S06,W17,91
S06,V49,86
S06,W05,85
S06,Y04,80
S06,W05,74
S06,W07,74
S06,V89,66
S06,W11,65
S06,X58,65
S06,V43,64
S06,V43,64
S06,W00,57
S06,W20,57
S06,V49,56
S06,Y90,54
S06,Y92,54
S06,Y93,52
S06,W22,51
S06,V03,51
S06,Y93,36
S06,Y04,33
S06,Y90,31
S06,V29,30
S06,Y99,26
S06,W19,26
S06,V47,25
S06,V03,25
S06,W08,24
S06,V48,24
S06,V19,24
S06,V00,23
S06,V18,20
S06,V18,18
S06,V86,18
S06,Y84,17
S06,Y09,17
S06,V19,17
S06,Y09,17
S06,V80,16
S06,V80,15
S06,Y95,15
S06,V47,14
S06,W08,14
S06,W03,14
S06,W13,13
S06,V48,13
S06,V29,12
S06,V09,11
S06,V00,11
S06,W21,11
S06,W13,11
S06,W18,11
S06,W20,10
S06,X74,10
S06,Y00,10
S06,V09,10
S06,W55,9
S06,Y83,9
S06,V87,9
S06,V23,8
S06,V13,8
S06,Y08,8
S06,V86,7
S06,X72,7
S06,W50,7
S06,V59,7
S06,V13,7
S06,W19,7
S06,Y08,6
S06,V23,6
S06,W54,6
S06,W55,6
S06,Y33,6
S06,W14,5
S06,V01,5
S06,V28,5
S06,V58,5
S06,V87,5
S06,V28,5
S06,W51,5
S06,W18,5
S06,Y00,4
S06,V44,4
S06,W04,4
S06,W34,4
S06,W03,4
S06,Y99,4
S06,W34,4
S06,W01,4
S06,W01,4
S06,V84,3
S06,W30,3
S06,V78,3
S06,W12,3
S06,V98,3
S06,V27,3
S06,V94,3
S06,Y83,3
S06,X72,3
S06,W04,3
S06,V53,3
S06,V44,3
S06,V89,3
S06,V53,2
S06,W31,2
S06,V10,2
S06,X50,2
S06,V22,2
S06,Y75,2
S06,V57,2
S06,Y79,2
S06,X74,2
S06,X73,2
S06,W16,2
S06,W14,2
S06,V78,2
S06,V69,2
S06,V58,2
S06,V40,2
S06,V43,2
S06,W17,2
S06,X58,2
S06,V90,1
S06,V20,1
S06,V93,1
S06,Y82,1
S06,W28,1
S06,V88,1
S06,Y35,1
S06,W50,1
S06,V79,1
S06,V05,1
S06,X73,1
S06,X78,1
S06,V04,1
S06,W21,1
S06,V91,1
S06,V24,1
S06,V81,1
S06,W45,1
S06,V11,1
S06,Y71,1
S06,X95,1
S06,V26,1
S06,W16,1
S06,Y33,1
S06,X80,1
S06,V46,1
S06,V01,1
S06,V02,1
S06,V10,1
S06,V24,1
S06,V27,1
S06,V38,1
S06,V50,1
S06,V54,1
S06,V57,1
S06,V83,1
S06,V84,1
S06,V94,1
S06,V99,1
S06,W12,1
S06,W15,1
S06,W23,1
S06,W25,1
S06,W31,1
S06,X80,1
S06,X93,1
S06,X99,1
S06,Y07,1
S06,V00,1
S06,V87,1
S06,V89,1
S06,W10,1
S06,W01,1
S06,W19,1
S06,Y84,1
S06,V03,1
S06,V09,1
S06,V49,1
S06,V84,1
S06,W06,1
S06,W10,1
S07,W01,1
S07,W18,1
S07,W19,1
S07,W22,1
S08,W54,4
S08,W19,3
S08,W10,3
S08,W01,3
S08,W18,2
S08,W55,1
S08,W54,1
S08,W17,1
S08,V09,1
S08,V17,1
S08,V86,1
S08,W26,1
S09,W01,4081
S09,W19,2981
S09,W18,2626
S09,W06,751
S09,W10,568
S09,W22,564
S09,X58,525
S09,W05,424
S09,W07,309
S09,Y04,224
S09,W00,180
S09,W17,167
S09,W20,151
S09,V49,116
S09,V43,97
S09,W11,85
S09,Y92,78
S09,Y93,63
S09,V89,48
S09,W08,46
S09,W18,42
S09,Y90,41
S09,V00,36
S09,W19,30
S09,V47,28
S09,Y08,27
S09,Y09,27
S09,W01,26
S09,Y99,25
S09,Y00,24
S09,V48,23
S09,W03,22
S09,V18,19
S09,W50,17
S09,V03,16
S09,V80,16
S09,V09,15
S09,W21,12
S09,V86,11
S09,V19,11
S09,W06,10
S09,W55,9
S09,V78,9
S09,W05,8
S09,W54,7
S09,W04,7
S09,V87,7
S09,V58,7
S09,V28,7
S09,Y92,6
S09,V29,6
S09,W13,6
S09,W26,6
S09,W45,6
S09,W51,6
S09,Y29,6
S09,V13,5
S09,V98,5
S09,X50,5
S09,V44,4
S09,V53,4
S09,W23,4
S09,Y33,4
S09,Y35,4
S09,W10,3
S09,W31,3
S09,W28,3
S09,V40,3
S09,V17,3
S09,W22,2
S09,Y93,2
S09,Y99,2
S09,W07,2
S09,Y00,2
S09,V47,2
S09,W17,2
S09,Y07,2
S09,X83,2
S09,X79,2
S09,X30,2
S09,W25,2
S09,W09,2
S09,V63,2
S09,V59,2
S09,V57,2
S09,V23,2
S09,V11,2
S09,W19,2
S09,Y92,2
S09,Y83,1
S09,V03,1
S09,X58,1
S09,V49,1
S09,V89,1
S09,X99,1
S09,W11,1
S09,V86,1
S09,W20,1
S09,Y84,1
S09,V04,1
S09,V22,1
S09,V50,1
S09,V54,1
S09,V68,1
S09,V79,1
S09,V88,1
S09,V99,1
S09,W12,1
S09,W14,1
S09,W16,1
S09,W24,1
S09,W30,1
S09,W39,1
S09,W94,1
S09,X11,1
S09,X31,1
S09,X93,1
S09,Y01,1
S09,Y84,1
S09,V87,1
S09,V89,1
S09,W07,1
S10,W57,123
S10,X58,22
S10,W01,19
S10,Y04,17
S10,W18,12
S10,W19,11
S10,W07,7
S10,V49,7
S10,V43,7
S10,W10,5
S10,W20,5
S10,V89,4
S10,Y93,2
S10,Y09,2
S10,W26,2
S10,W22,2
S10,W05,2
S10,V87,2
S10,V53,2
S10,V47,2
S10,W18,1
S10,X58,1
S10,W01,1
S10,W06,1
S10,W08,1
S10,W11,1
S10,W24,1
S10,W25,1
S10,W33,1
S10,W50,1
S10,W55,1
S10,X83,1
S10,Y00,1
S10,Y08,1
S10,Y92,1
S10,V49,1
S11,X58,37
S11,X78,11
S11,W54,9
S11,W18,8
S11,X99,8
S11,W01,7
S11,W45,6
S11,Y83,6
S11,X78,5
S11,W26,5
S11,Y84,5
S11,X99,3
S11,W19,3
S11,Y93,2
S11,W57,2
S11,W34,2
S11,W31,2
S11,Y04,1
S11,W31,1
S11,X58,1
S11,W18,1
S11,W26,1
S11,Y84,1
S11,V89,1
S11,W06,1
S11,W22,1
S11,W27,1
S11,W29,1
S11,W40,1
S11,W55,1
S11,Y92,1
S11,W20,1
S12,X58,353
S12,W19,230
S12,W01,223
S12,W18,195
S12,W01,181
S12,W18,159
S12,W19,158
S12,W10,79
S12,W10,72
S12,W06,48
S12,W06,39
S12,V43,33
S12,V49,33
S12,W05,28
S12,V89,28
S12,V89,26
S12,Y92,24
S12,W05,22
S12,W07,21
S12,W17,21
S12,W07,21
S12,V49,20
S12,Y93,15
S12,W17,15
S12,X58,14
S12,V47,13
S12,V43,13
S12,Y92,12
S12,W11,10
S12,Y93,10
S12,W11,10
S12,W18,10
S12,Y99,9
S12,V48,8
S12,W22,8
S12,Y90,8
S12,V18,7
S12,Y90,7
S12,W00,6
S12,V48,6
S12,V29,5
S12,W22,5
S12,W00,5
S12,W19,5
S12,V03,4
S12,Y04,4
S12,V18,4
S12,W20,4
S12,X50,4
S12,V86,3
S12,W20,3
S12,W08,3
S12,V80,3
S12,Y04,3
S12,W08,3
S12,V87,3
S12,V80,3
S12,V59,3
S12,V47,3
S12,W01,3
S12,V89,3
S12,V19,2
S12,W16,2
S12,V28,2
S12,W13,2
S12,V86,2
S12,V58,2
S12,V57,2
S12,V29,2
S12,V09,2
S12,W10,2
S12,V84,1
S12,Y84,1
S12,V58,1
S12,V59,1
S12,W31,1
S12,Y99,1
S12,V09,1
S12,X99,1
S12,W30,1
S12,Y79,1
S12,V44,1
S12,W09,1
S12,V13,1
S12,V53,1
S12,X50,1
S12,V00,1
S12,V03,1
S12,V17,1
S12,V19,1
S12,V40,1
S12,V54,1
S12,V69,1
S12,V84,1
S12,V93,1
S12,W03,1
S12,W28,1
S12,W30,1
S12,W50,1
S12,W51,1
S12,W57,1
S12,X31,1
S12,Y00,1
S12,Y09,1
S12,V89,1
S12,W18,1
S12,W19,1
S12,V43,1
S12,W07,1
S12,Y83,1
S13,V49,146
S13,X58,120
S13,V43,107
S13,W01,87
S13,W19,68
S13,V89,62
S13,W18,51
S13,W10,21
S13,X50,19
S13,W06,12
S13,W05,11
S13,Y92,11
S13,Y93,10
S13,Y04,9
S13,W17,8
S13,V47,8
S13,W19,7
S13,W18,7
S13,W00,7
S13,V59,7
S13,V53,6
S13,V86,5
S13,W20,5
S13,W22,5
S13,Y99,5
S13,V87,4
S13,W07,4
S13,W11,4
S13,W06,3
S13,V48,3
S13,V44,3
S13,V40,3
S13,V09,3
S13,W01,2
S13,V89,2
S13,V43,2
S13,Y35,2
S13,Y33,2
S13,W51,2
S13,W50,2
S13,W16,2
S13,V29,2
S13,V19,2
S13,V18,2
S13,V00,2
S13,V49,1
S13,Y93,1
S13,V48,1
S13,V53,1
S13,W07,1
S13,Y83,1
S13,X58,1
S13,W10,1
S13,W17,1
S13,V44,1
S13,W05,1
S13,X50,1
S13,V23,1
S13,V03,1
S13,V42,1
S13,V68,1
S13,V73,1
S13,V78,1
S13,V79,1
S13,V84,1
S13,V99,1
S13,W08,1
S13,W13,1
S13,W55,1
S13,Y00,1
S13,Y32,1
S14,X58,68
S14,W18,43
S14,W01,35
S14,W19,35
S14,W10,20
S14,W19,14
S14,W17,9
S14,V89,8
S14,V49,7
S14,W18,7
S14,W01,7
S14,X58,6
S14,W11,5
S14,Y92,5
S14,V43,5
S14,X50,4
S14,W06,4
S14,V86,4
S14,V89,3
S14,V47,3
S14,W00,3
S14,W05,3
S14,W11,3
S14,V49,3
S14,V86,2
S14,Y93,2
S14,Y90,2
S14,V57,2
S14,Y95,2
S14,V84,2
S14,Y92,2
S14,W55,2
S14,W17,2
S14,W22,1
S14,W20,1
S14,V48,1
S14,W16,1
S14,W55,1
S14,Y04,1
S14,V80,1
S14,W34,1
S14,W08,1
S14,V19,1
S14,V18,1
S14,W07,1
S14,Y84,1
S14,X80,1
S14,V19,1
S14,V29,1
S14,V43,1
S14,V69,1
S14,W06,1
S14,W08,1
S14,W10,1
S14,W16,1
S14,W20,1
S14,W22,1
S14,X50,1
S14,Y08,1
S14,Y83,1
S14,Y84,1
S14,W19,1
S14,W19,1
S14,X58,1
S15,X58,7
S15,Y84,1
S15,X99,1
S15,Y92,1
S15,V09,1
S15,Y84,1
S16,X58,724
S16,V49,420
S16,V43,349
S16,W01,342
S16,W18,214
S16,W19,200
S16,V89,176
S16,X50,162
S16,W10,74
S16,W06,50
S16,Y04,44
S16,Y93,43
S16,W00,36
S16,W22,35
S16,W07,29
S16,V47,28
S16,W17,26
S16,Y92,23
S16,V59,23
S16,W05,19
S16,V44,19
S16,V87,17
S16,W08,14
S16,V48,14
S16,V53,14
S16,W20,14
S16,W11,14
S16,Y99,9
S16,V86,7
S16,V79,6
S16,V09,5
S16,V40,5
S16,W03,5
S16,Y08,5
S16,V00,4
S16,V19,4
S16,V57,4
S16,Y09,4
S16,W50,3
S16,W13,3
S16,V73,3
S16,V58,3
S16,V46,3
S16,V23,3
S16,V18,3
S16,W18,2
S16,Y33,2
S16,Y00,2
S16,V78,2
S16,V77,2
S16,V69,2
S16,V29,2
S16,V03,2
S16,W01,1
S16,W10,1
S16,X50,1
S16,X99,1
S16,V03,1
S16,W00,1
S16,Y92,1
S16,Y04,1
S16,V29,1
S16,V11,1
S16,V13,1
S16,V28,1
S16,V42,1
S16,V63,1
S16,V67,1
S16,V74,1
S16,V80,1
S16,V83,1
S16,V91,1
S16,V98,1
S16,V99,1
S16,W14,1
S16,W45,1
S16,W55,1
S16,X31,1
S16,Y29,1
S16,Y83,1
S16,V03,1
S16,W01,1
S16,W18,1
S19,W19,36
S19,X58,26
S19,W01,22
S19,W18,19
S19,V43,14
S19,W10,7
S19,Y04,6
S19,V49,5
S19,V89,5
S19,W00,5
S19,W06,5
S19,W07,4
S19,W22,4
S19,X50,3
S19,V86,3
S19,W18,2
S19,W17,2
S19,W11,2
S19,W05,2
S19,V53,2
S19,X58,1
S19,W01,1
S19,Y84,1
S19,W06,1
S19,V48,1
S19,V18,1
S19,V29,1
S19,V47,1
S19,V78,1
S19,V87,1
S19,W20,1
S19,W21,1
S19,Y33,1
S19,Y90,1
S19,Y92,1
S20,W01,1420
S20,W19,884
S20,W18,803
S20,X58,319
S20,W10,240
S20,W57,224
S20,V49,188
S20,W06,180
S20,V43,172
S20,W22,143
S20,W17,111
S20,W00,96
S20,V89,89
S20,Y04,89
S20,W07,74
S20,W11,64
S20,X50,48
S20,Y93,44
S20,W05,36
S20,V47,35
S20,Y92,31
S20,W20,31
S20,W50,22
S20,V48,21
S20,V19,19
S20,Y09,18
S20,W08,17
S20,W18,16
S20,W19,15
S20,V18,15
S20,W01,14
S20,W55,14
S20,V00,14
S20,Y08,12
S20,W51,12
S20,V86,12
S20,V80,12
S20,V29,12
S20,Y99,10
S20,V09,10
S20,V87,9
S20,W54,9
S20,V49,8
S20,W21,8
S20,V03,8
S20,X58,6
S20,V28,6
S20,W23,6
S20,Y90,6
S20,V44,5
S20,V57,5
S20,V93,5
S20,W03,5
S20,Y00,5
S20,W22,4
S20,V53,4
S20,V99,4
S20,W13,4
S20,Y92,3
S20,V43,3
S20,W45,3
S20,W31,3
S20,V92,3
S20,V17,3
S20,V89,2
S20,W07,2
S20,W03,2
S20,V47,2
S20,Y84,2
S20,Y83,2
S20,W16,2
S20,W14,2
S20,V84,2
S20,V79,2
S20,V68,2
S20,V59,2
S20,V58,2
S20,V40,2
S20,V13,2
S20,V03,1
S20,V53,1
S20,W57,1
S20,V23,1
S20,Y04,1
S20,V06,1
S20,V21,1
S20,V22,1
S20,V23,1
S20,V27,1
S20,V69,1
S20,V73,1
S20,V82,1
S20,V94,1
S20,V98,1
S20,W12,1
S20,W25,1
S20,W26,1
S20,W30,1
S20,W36,1
S20,W49,1
S20,W52,1
S20,X12,1
S20,X16,1
S20,X30,1
S20,X37,1
S20,X83,1
S20,Y33,1
S20,Y35,1
S20,W06,1
S20,W18,1
S20,W19,1
S20,W19,1
S21,X58,187
S21,Y83,26
S21,Y84,22
S21,W54,13
S21,W19,7
S21,W34,6
S21,X99,6
S21,Y92,6
S21,W18,4
S21,X95,4
S21,Y04,4
S21,X78,3
S21,X58,3
S21,W57,3
S21,W45,3
S21,W26,3
S21,W01,3
S21,X99,2
S21,Y99,2
S21,Y35,2
S21,X78,2
S21,X73,2
S21,W32,2
S21,W20,2
S21,V49,2
S21,Y90,1
S21,W45,1
S21,X93,1
S21,X74,1
S21,V29,1
S21,V00,1
S21,V47,1
S21,W07,1
S21,W10,1
S21,W22,1
S21,W23,1
S21,W50,1
S21,W53,1
S21,W55,1
S21,W88,1
S21,X08,1
S21,X16,1
S21,X72,1
S21,X93,1
S21,Y08,1
S21,Y28,1
S21,Y90,1
S21,Y93,1
S21,Y84,1
S22,W19,1426
S22,W01,1391
S22,X58,1378
S22,W18,1013
S22,W18,545
S22,W01,441
S22,W19,409
S22,W10,346
S22,W06,195
S22,W11,150
S22,W17,147
S22,W10,145
S22,V49,127
S22,W00,120
S22,X50,114
S22,V89,93
S22,V43,91
S22,V43,86
S22,W07,81
S22,Y92,72
S22,W06,69
S22,W22,69
S22,V89,64
S22,V49,62
S22,X58,59
S22,Y04,58
S22,W11,57
S22,Y92,57
S22,W17,55
S22,Y99,45
S22,W05,43
S22,V86,42
S22,W07,39
S22,V47,33
S22,V80,33
S22,W19,32
S22,Y93,31
S22,Y93,29
S22,V18,28
S22,W00,25
S22,W08,25
S22,V48,24
S22,V47,23
S22,V19,23
S22,V29,22
S22,W20,20
S22,V86,17
S22,W05,17
S22,V48,17
S22,V29,16
S22,X50,15
S22,W13,15
S22,V80,14
S22,V87,13
S22,V28,13
S22,V00,13
S22,W22,12
S22,Y90,12
S22,Y90,11
S22,W01,11
S22,Y04,10
S22,W13,10
S22,V03,9
S22,W20,9
S22,W14,9
S22,Y33,9
S22,V44,8
S22,V03,8
S22,Y83,8
S22,W55,8
S22,V89,8
S22,W08,7
S22,V19,7
S22,V23,7
S22,W51,7
S22,W03,7
S22,W18,7
S22,V09,6
S22,V23,6
S22,V58,6
S22,V59,6
S22,V84,6
S22,Y08,6
S22,W19,6
S22,Y99,5
S22,V00,5
S22,W23,5
S22,W50,5
S22,W10,5
S22,Y95,4
S22,V59,4
S22,V84,4
S22,Y84,4
S22,Y09,4
S22,W14,4
S22,V27,4
S22,V57,4
S22,V99,4
S22,W54,4
S22,V49,4
S22,W55,3
S22,V18,3
S22,V53,3
S22,V58,3
S22,V09,3
S22,V28,3
S22,V78,3
S22,Y09,3
S22,Y00,3
S22,W31,3
S22,W09,3
S22,V44,3
S22,V13,3
S22,W18,3
S22,X58,3
S22,V40,2
S22,V04,2
S22,Y83,2
S22,V97,2
S22,W50,2
S22,V85,2
S22,W31,2
S22,W03,2
S22,W12,2
S22,Y65,2
S22,X19,2
S22,W21,2
S22,W16,2
S22,W12,2
S22,V94,2
S22,V93,2
S22,V92,2
S22,V68,2
S22,W55,2
S22,W06,2
S22,V43,2
S22,V91,1
S22,V99,1
S22,Y03,1
S22,V68,1
S22,X80,1
S22,W30,1
S22,V57,1
S22,Y00,1
S22,V27,1
S22,V88,1
S22,X32,1
S22,W24,1
S22,X00,1
S22,V13,1
S22,V20,1
S22,W23,1
S22,V93,1
S22,V94,1
S22,W51,1
S22,X37,1
S22,V87,1
S22,V24,1
S22,X81,1
S22,Y33,1
S22,V02,1
S22,V04,1
S22,V11,1
S22,V17,1
S22,V20,1
S22,V22,1
S22,V39,1
S22,V46,1
S22,V53,1
S22,V67,1
S22,V78,1
S22,V98,1
S22,W15,1
S22,W28,1
S22,W40,1
S22,W49,1
S22,X08,1
S22,X80,1
S22,X99,1
S22,Y07,1
S22,Y29,1
S22,Y84,1
S22,Y95,1
S22,V49,1
S22,V89,1
S22,W01,1
S22,W10,1
S22,W11,1
S22,W55,1
S22,Y92,1
S22,Y93,1
S22,V09,1
S22,V29,1
S22,V47,1
S22,V57,1
S22,V84,1
S22,W00,1
S22,W07,1
S22,W17,1
S22,W30,1
S22,W31,1
S22,Y92,1
S22,Y99,1
S22,W13,1
S23,X58,94
S23,X50,38
S23,W19,27
S23,W18,22
S23,W01,22
S23,W10,12
S23,V49,7
S23,Y93,6
S23,W22,4
S23,Y99,3
S23,V89,3
S23,V43,3
S23,Y92,2
S23,Y04,2
S23,W17,2
S23,W11,2
S23,W07,2
S23,W05,2
S23,W00,2
S23,W18,1
S23,W10,1
S23,Y83,1
S23,V23,1
S23,V29,1
S23,V40,1
S23,V42,1
S23,V47,1
S23,V53,1
S23,V73,1
S23,V79,1
S23,V86,1
S23,V99,1
S23,W06,1
S23,W08,1
S23,W20,1
S23,Y33,1
S23,W19,1
S24,X58,21
S24,W19,8
S24,Y83,3
S24,W18,3
S24,W34,3
S24,W18,3
S24,W01,3
S24,W01,2
S24,Y99,2
S24,Y92,2
S24,X50,1
S24,W11,1
S24,Y84,1
S24,V44,1
S24,X80,1
S24,W06,1
S24,X95,1
S24,W17,1
S24,W10,1
S24,V09,1
S24,V43,1
S24,V49,1
S24,V89,1
S24,V99,1
S24,W05,1
S24,W11,1
S24,W19,1
S24,Y24,1
S25,V49,3
S25,X58,2
S25,V43,1
S25,W01,1
S25,W18,1
S25,V89,1
S25,V48,1
S26,W18,2
S26,X99,2
S26,X58,2
S26,V89,1
S26,X78,1
S26,V23,1
S26,Y84,1
S26,V43,1
S26,Y92,1
S26,V49,1
S26,W10,1
S26,Y92,1
S27,W18,136
S27,W01,101
S27,W19,99
S27,W01,46
S27,W10,40
S27,W11,40
S27,X58,34
S27,W19,33
S27,W17,31
S27,W18,26
S27,V43,20
S27,V49,15
S27,Y93,15
S27,W06,14
S27,V89,12
S27,Y92,12
S27,X58,12
S27,W10,12
S27,V29,11
S27,V18,11
S27,V80,10
S27,W00,10
S27,V43,10
S27,W17,9
S27,V49,9
S27,V86,8
S27,W11,8
S27,V19,7
S27,V80,7
S27,W07,6
S27,X99,6
S27,W55,6
S27,Y83,6
S27,W14,6
S27,Y90,6
S27,Y95,6
S27,Y04,5
S27,V44,5
S27,W00,5
S27,W06,5
S27,Y92,5
S27,V03,4
S27,V47,4
S27,V48,4
S27,V19,4
S27,V89,4
S27,Y04,4
S27,W34,3
S27,V28,3
S27,W31,3
S27,W22,3
S27,V23,3
S27,Y84,3
S27,V53,3
S27,V48,3
S27,V29,3
S27,W30,2
S27,V13,2
S27,V94,2
S27,V11,2
S27,V59,2
S27,X72,2
S27,W08,2
S27,V37,2
S27,W03,2
S27,Y08,2
S27,W05,2
S27,Y93,2
S27,X99,2
S27,V23,2
S27,V03,2
S27,W19,2
S27,W26,1
S27,V98,1
S27,W28,1
S27,X74,1
S27,X80,1
S27,V22,1
S27,Y35,1
S27,X78,1
S27,X83,1
S27,V68,1
S27,V27,1
S27,W20,1
S27,W15,1
S27,V20,1
S27,V87,1
S27,V09,1
S27,W51,1
S27,V00,1
S27,V18,1
S27,V47,1
S27,V59,1
S27,V84,1
S27,V86,1
S27,V87,1
S27,W05,1
S27,W07,1
S27,W08,1
S27,W14,1
S27,W20,1
S27,W22,1
S27,W31,1
S27,W34,1
S27,W50,1
S27,X50,1
S27,Y29,1
S27,Y83,1
S27,W10,1
S27,W17,1
S27,W18,1
S28,V48,1
S28,W23,1
S28,W23,1
S28,W26,1
S28,X58,1
S29,X58,634
S29,X50,282
S29,W01,168
S29,W19,154
S29,W18,112
S29,V49,50
S29,Y93,49
S29,V43,44
S29,W10,36
S29,W22,35
S29,V89,33
S29,W06,20
S29,Y92,19
S29,W17,17
S29,W07,15
S29,Y04,11
S29,W00,10
S29,W11,8
S29,V47,8
S29,V86,7
S29,V18,6
S29,X58,5
S29,Y99,5
S29,W05,4
S29,W08,4
S29,X50,3
S29,W19,3
S29,Y33,3
S29,W51,3
S29,W50,3
S29,W20,3
S29,V80,3
S29,V53,3
S29,V48,3
S29,V00,3
S29,W18,2
S29,V59,2
S29,V58,2
S29,V19,2
S29,V43,1
S29,W01,1
S29,W06,1
S29,V03,1
S29,V17,1
S29,V23,1
S29,V27,1
S29,V29,1
S29,V44,1
S29,V50,1
S29,V57,1
S29,V78,1
S29,V87,1
S29,V98,1
S29,W12,1
S29,W13,1
S29,W23,1
S29,W54,1
S29,W55,1
S29,W86,1
S29,X19,1
S29,Y00,1
S29,Y01,1
S29,Y08,1
S29,Y35,1
S29,Y84,1
S30,W01,504
S30,X58,424
S30,W57,398
S30,W19,396
S30,W18,390
S30,W10,158
S30,W06,76
S30,W22,54
S30,W17,53
S30,W00,47
S30,W07,44
S30,W11,43
S30,W19,42
S30,Y04,37
S30,W18,31
S30,Y92,29
S30,V49,28
S30,Y93,26
S30,V43,24
S30,V89,24
S30,W01,23
S30,W05,23
S30,X50,14
S30,W54,13
S30,W20,12
S30,Y83,12
S30,X58,11
S30,W45,10
S30,W08,10
S30,Y84,10
S30,W50,9
S30,W55,9
S30,W10,8
S30,Y99,8
S30,V03,8
S30,V47,7
S30,Y93,5
S30,V86,5
S30,W46,5
S30,Y09,5
S30,V09,4
S30,V80,4
S30,V87,4
S30,W30,4
S30,Y92,3
S30,W20,3
S30,W17,3
S30,W06,3
S30,W03,3
S30,V48,3
S30,V40,3
S30,V00,3
S30,W07,2
S30,W22,2
S30,V49,2
S30,W05,2
S30,V43,2
S30,Y35,2
S30,Y33,2
S30,Y08,2
S30,W34,2
S30,W29,2
S30,W28,2
S30,W26,2
S30,W23,2
S30,W13,2
S30,V58,2
S30,V54,2
S30,V18,2
S30,V13,2
S30,W19,2
S30,W11,1
S30,V28,1
S30,X99,1
S30,V89,1
S30,W14,1
S30,W26,1
S30,V86,1
S30,V23,1
S30,V04,1
S30,W49,1
S30,V48,1
S30,Y73,1
S30,Y84,1
S30,W55,1
S30,V29,1
S30,V04,1
S30,V23,1
S30,V27,1
S30,V29,1
S30,V39,1
S30,V44,1
S30,V53,1
S30,V59,1
S30,V78,1
S30,V84,1
S30,V91,1
S30,W04,1
S30,W12,1
S30,W21,1
S30,W31,1
S30,W60,1
S30,W61,1
S30,W86,1
S30,X78,1
S30,X99,1
S30,Y00,1
S30,Y30,1
S30,Y81,1
S30,Y82,1
S30,W18,1
S31,X58,726
S31,Y83,120
S31,Y84,20
S31,W54,19
S31,W19,19
S31,W26,17
S31,W01,16
S31,W45,14
S31,Y99,11
S31,W57,10
S31,X78,9
S31,Y92,9
S31,X78,9
S31,X58,8
S31,W18,8
S31,X95,8
S31,W13,8
S31,W34,7
S31,V49,6
S31,W23,6
S31,Y93,5
S31,W18,4
S31,W22,4
S31,W46,4
S31,X99,4
S31,X95,3
S31,W34,3
S31,X99,3
S31,Y33,3
S31,X16,3
S31,W17,3
S31,Y92,2
S31,W19,2
S31,Y90,2
S31,Y04,2
S31,X19,2
S31,X08,2
S31,W55,2
S31,W50,2
S31,W32,2
S31,W27,2
S31,W25,2
S31,W10,2
S31,W06,2
S31,V86,1
S31,X74,1
S31,W01,1
S31,V13,1
S31,W11,1
S31,W26,1
S31,V28,1
S31,V84,1
S31,V86,1
S31,V89,1
S31,V98,1
S31,W00,1
S31,W08,1
S31,W20,1
S31,W24,1
S31,W29,1
S31,W30,1
S31,W33,1
S31,W53,1
S31,W60,1
S31,X10,1
S31,Y09,1
S31,Y24,1
S31,Y35,1
S31,X58,1
S32,X58,1333
S32,W19,1134
S32,W19,829
S32,W01,819
S32,W18,800
S32,W01,755
S32,W18,742
S32,W10,164
S32,W10,135
S32,X50,121
S32,W06,99
S32,W19,91
S32,W11,90
S32,Y92,82
S32,X58,81
S32,W17,78
S32,W06,77
S32,W11,68
S32,W07,58
S32,W07,57
S32,W00,55
S32,W17,44
S32,W00,42
S32,V89,39
S32,V89,37
S32,W05,37
S32,V49,36
S32,Y93,33
S32,Y93,30
S32,Y99,29
S32,V49,28
S32,Y92,28
S32,W18,28
S32,V43,26
S32,X50,26
S32,W05,25
S32,V03,21
S32,V48,19
S32,V43,19
S32,V47,18
S32,W01,17
S32,Y83,16
S32,W20,16
S32,W08,16
S32,W08,15
S32,W13,15
S32,V47,15
S32,W22,15
S32,Y33,14
S32,V80,13
S32,W13,13
S32,V86,13
S32,V48,12
S32,Y04,11
S32,V29,10
S32,W22,10
S32,V19,10
S32,Y90,9
S32,V09,9
S32,V18,9
S32,V80,9
S32,X58,9
S32,V86,7
S32,Y84,7
S32,V00,7
S32,W19,7
S32,W10,7
S32,V23,6
S32,Y04,6
S32,W03,6
S32,V03,6
S32,W20,5
S32,V18,5
S32,V29,5
S32,W03,5
S32,V09,4
S32,V58,4
S32,V87,4
S32,W54,4
S32,Y90,4
S32,V89,4
S32,W07,4
S32,V13,3
S32,Y99,3
S32,W31,3
S32,W23,3
S32,V19,3
S32,W14,3
S32,V84,3
S32,W04,3
S32,V13,3
S32,W11,3
S32,W30,2
S32,V14,2
S32,V00,2
S32,W12,2
S32,V44,2
S32,V53,2
S32,V59,2
S32,V01,2
S32,W55,2
S32,W28,2
S32,W55,2
S32,W23,2
S32,W09,2
S32,V84,2
S32,V54,2
S32,V53,2
S32,V28,2
S32,W10,2
S32,W05,2
S32,W06,2
S32,V88,1
S32,V87,1
S32,V81,1
S32,V97,1
S32,X99,1
S32,V27,1
S32,V63,1
S32,V99,1
S32,V42,1
S32,W32,1
S32,V54,1
S32,Y65,1
S32,Y00,1
S32,V02,1
S32,V28,1
S32,X80,1
S32,V33,1
S32,V17,1
S32,W49,1
S32,Y09,1
S32,X81,1
S32,V40,1
S32,V58,1
S32,W50,1
S32,W24,1
S32,Y95,1
S32,V20,1
S32,V23,1
S32,V57,1
S32,V59,1
S32,V69,1
S32,V78,1
S32,V95,1
S32,V98,1
S32,V99,1
S32,W28,1
S32,W30,1
S32,W31,1
S32,W34,1
S32,X83,1
S32,X95,1
S32,Y02,1
S32,Y08,1
S32,Y65,1
S32,Y83,1
S32,V09,1
S32,V49,1
S32,W01,1
S32,W18,1
S32,V29,1
S32,V48,1
S32,V79,1
S32,W00,1
S32,W14,1
S32,W17,1
S32,Y99,1
S33,X58,185
S33,X50,78
S33,W01,65
S33,W19,52
S33,W18,45
S33,V49,28
S33,Y93,26
S33,W10,18
S33,V43,16
S33,W17,9
S33,W00,8
S33,W06,6
S33,V89,6
S33,W07,5
S33,Y92,5
S33,W01,3
S33,X58,3
S33,W10,3
S33,Y99,3
S33,W05,3
S33,V49,2
S33,V09,2
S33,W19,2
S33,X50,2
S33,W54,2
S33,W11,2
S33,V80,2
S33,V03,2
S33,W13,1
S33,W05,1
S33,W06,1
S33,W17,1
S33,Y04,1
S33,Y93,1
S33,Y92,1
S33,V18,1
S33,V19,1
S33,V38,1
S33,V47,1
S33,V48,1
S33,V84,1
S33,V86,1
S33,V87,1
S33,V99,1
S33,W08,1
S33,W13,1
S33,W22,1
S33,W28,1
S33,W50,1
S33,W55,1
S33,Y04,1
S33,Y09,1
S33,Y33,1
S33,Y90,1
S34,X58,19
S34,W19,6
S34,W19,5
S34,W18,4
S34,W01,4
S34,X58,2
S34,V49,2
S34,W18,2
S34,W10,2
S34,W06,2
S34,W05,2
S34,W01,2
S34,Y95,1
S34,W11,1
S34,W34,1
S34,W10,1
S34,W06,1
S34,V80,1
S34,Y92,1
S34,V43,1
S34,V89,1
S34,W17,1
S35,X58,4
S35,V03,2
S35,W10,2
S35,W01,2
S35,V43,2
S35,W18,2
S35,W19,2
S35,V89,2
S35,V44,1
S35,V49,1
S35,Y92,1
S35,Y83,1
S35,W33,1
S35,Y93,1
S35,V89,1
S35,X99,1
S35,Y93,1
S36,X58,48
S36,W18,27
S36,W19,21
S36,V49,16
S36,X58,14
S36,Y92,13
S36,W19,13
S36,V43,12
S36,W10,10
S36,V89,10
S36,X78,9
S36,Y83,9
S36,W01,8
S36,W18,8
S36,W06,7
S36,W01,7
S36,X99,6
S36,V47,6
S36,V89,6
S36,W11,5
S36,V49,5
S36,V48,4
S36,W55,4
S36,W17,4
S36,W45,4
S36,W07,3
S36,V03,3
S36,X95,3
S36,Y93,3
S36,Y04,3
S36,W34,3
S36,Y84,3
S36,Y04,3
S36,W11,3
S36,W13,2
S36,V18,2
S36,W14,2
S36,W22,2
S36,V86,2
S36,Y65,2
S36,X50,2
S36,W55,2
S36,W22,2
S36,W20,2
S36,V47,2
S36,V43,2
S36,V03,2
S36,Y83,2
S36,V29,1
S36,Y00,1
S36,V53,1
S36,V09,1
S36,W33,1
S36,X93,1
S36,Y08,1
S36,Y90,1
S36,W26,1
S36,V44,1
S36,W05,1
S36,W20,1
S36,W17,1
S36,V28,1
S36,Y35,1
S36,V27,1
S36,V23,1
S36,V74,1
S36,Y95,1
S36,W08,1
S36,V29,1
S36,V86,1
S36,W06,1
S36,W26,1
S36,W31,1
S36,X72,1
S36,X74,1
S36,Y65,1
S36,Y93,1
S36,Y99,1
S36,W19,1
S36,W19,1
S36,X58,1
S37,X58,88
S37,X58,29
S37,Y84,14
S37,W19,10
S37,W19,10
S37,W01,9
S37,W18,8
S37,W18,6
S37,Y84,6
S37,W01,6
S37,W06,4
S37,W10,4
S37,Y92,3
S37,Y93,3
S37,Y83,3
S37,W22,3
S37,W17,3
S37,Y95,2
S37,W17,2
S37,V49,2
S37,V43,2
S37,W10,2
S37,Y65,2
S37,W13,2
S37,W06,2
S37,V23,1
S37,V59,1
S37,X50,1
S37,V03,1
S37,Y83,1
S37,V47,1
S37,Y73,1
S37,W13,1
S37,V13,1
S37,W07,1
S37,Y33,1
S37,V28,1
S37,Y90,1
S37,V89,1
S37,W23,1
S37,V23,1
S37,V49,1
S37,V54,1
S37,V87,1
S37,V89,1
S37,W00,1
S37,W07,1
S37,W20,1
S37,W26,1
S37,W45,1
S37,W88,1
S37,X78,1
S37,X99,1
S37,Y04,1
S37,Y33,1
S37,Y73,1
S37,Y92,1
S37,Y93,1
S38,X58,2
S38,V48,1
S38,W20,1
S38,V58,1
S38,V84,1
S38,W23,1
S38,W54,1
S38,Y93,1
S39,X58,1511
S39,X50,839
S39,W01,426
S39,W19,313
S39,W18,290
S39,Y93,126
S39,W10,105
S39,V43,105
S39,V49,103
S39,V89,62
S39,W00,54
S39,W06,53
S39,W17,44
S39,W07,34
S39,Y92,33
S39,W22,28
S39,W11,27
S39,W05,27
S39,Y99,20
S39,Y04,18
S39,V48,15
S39,X58,12
S39,W19,7
S39,Y33,6
S39,W20,6
S39,V86,6
S39,V59,6
S39,V44,6
S39,X50,5
S39,W18,5
S39,W01,5
S39,V03,5
S39,V47,5
S39,V58,5
S39,V87,5
S39,W08,5
S39,W55,5
S39,V00,4
S39,V23,4
S39,V40,4
S39,V80,4
S39,W54,4
S39,W57,4
S39,Y09,4
S39,Y84,4
S39,Y92,3
S39,Y35,3
S39,W51,3
S39,W50,3
S39,V79,3
S39,V29,3
S39,V09,3
S39,Y93,2
S39,Y90,2
S39,Y08,2
S39,W21,2
S39,W16,2
S39,W13,2
S39,W03,2
S39,V84,2
S39,V78,2
S39,V73,2
S39,V19,2
S39,V13,2
S39,V00,1
S39,V43,1
S39,X99,1
S39,W06,1
S39,W11,1
S39,V17,1
S39,V18,1
S39,V22,1
S39,V28,1
S39,V53,1
S39,V57,1
S39,V88,1
S39,V93,1
S39,V98,1
S39,V99,1
S39,W09,1
S39,W15,1
S39,W23,1
S39,W28,1
S39,W30,1
S39,W49,1
S39,X15,1
S39,X78,1
S39,X81,1
S39,Y07,1
S39,Y36,1
S39,W01,1
S39,W19,1
S40,W01,568
S40,W19,478
S40,W57,382
S40,X58,330
S40,W18,330
S40,W06,117
S40,W10,109
S40,W22,88
S40,W07,49
S40,W00,49
S40,Y04,44
S40,V49,39
S40,W05,38
S40,W11,29
S40,W17,29
S40,X50,28
S40,V43,24
S40,V89,23
S40,Y93,21
S40,Y92,21
S40,W23,19
S40,W54,15
S40,V03,14
S40,W55,12
S40,V86,11
S40,W08,10
S40,W20,9
S40,V19,9
S40,V00,9
S40,X58,7
S40,V18,7
S40,V47,7
S40,Y35,6
S40,Y08,6
S40,W50,6
S40,W46,6
S40,W45,6
S40,W26,5
S40,V28,5
S40,V48,5
S40,Y84,5
S40,W18,4
S40,W01,4
S40,V23,4
S40,V80,4
S40,Y00,4
S40,W19,3
S40,Y99,3
S40,Y83,3
S40,Y33,3
S40,X78,3
S40,V29,3
S40,W10,2
S40,Y83,2
S40,Y90,2
S40,W64,2
S40,W51,2
S40,W31,2
S40,W03,2
S40,V79,2
S40,V17,2
S40,V13,2
S40,V10,2
S40,V09,2
S40,Y92,1
S40,W07,1
S40,V49,1
S40,W11,1
S40,W00,1
S40,Y93,1
S40,W22,1
S40,V20,1
S40,V27,1
S40,V40,1
S40,V44,1
S40,V58,1
S40,V69,1
S40,V73,1
S40,V78,1
S40,V83,1
S40,V84,1
S40,V85,1
S40,V87,1
S40,V93,1
S40,V94,1
S40,V98,1
S40,V99,1
S40,W04,1
S40,W13,1
S40,W21,1
S40,W25,1
S40,W28,1
S40,W30,1
S40,W34,1
S40,W85,1
S40,X37,1
S40,X95,1
S40,X99,1
S40,Y07,1
S40,Y09,1
S40,W22,1
S40,X58,1
S41,X58,203
S41,W01,165
S41,W19,162
S41,W18,125
S41,W54,75
S41,W22,69
S41,W45,35
S41,W55,31
S41,W26,28
S41,W06,24
S41,W10,23
S41,X78,20
S41,X99,12
S41,W57,11
S41,W20,11
S41,Y83,10
S41,W25,9
S41,W23,9
S41,W17,9
S41,W07,9
S41,Y92,8
S41,W05,8
S41,V89,7
S41,W11,7
S41,Y84,7
S41,Y04,6
S41,W29,6
S41,V43,5
S41,X95,5
S41,W01,4
S41,W34,4
S41,Y99,3
S41,Y93,3
S41,Y28,3
S41,X50,3
S41,W31,3
S41,W08,3
S41,V49,3
S41,W10,2
S41,W19,2
S41,X83,2
S41,W51,2
S41,W50,2
S41,W33,2
S41,W30,2
S41,V93,2
S41,V84,2
S41,W03,2
S41,W54,2
S41,W54,1
S41,W22,1
S41,V58,1
S41,X95,1
S41,X78,1
S41,W06,1
S41,W17,1
S41,V00,1
S41,V03,1
S41,V28,1
S41,V81,1
S41,W14,1
S41,W27,1
S41,W32,1
S41,W40,1
S41,W46,1
S41,W49,1
S41,W53,1
S41,W59,1
S41,W60,1
S41,W88,1
S41,X08,1
S41,Y09,1
S41,Y29,1
S41,Y82,1
S41,W18,1
S41,Y92,1
S41,V89,1
S42,W01,2229
S42,X58,1688
S42,W19,1590
S42,W18,1104
S42,W01,500
S42,W18,457
S42,W10,429
S42,W19,428
S42,W06,182
S42,W00,177
S42,W17,143
S42,W10,120
S42,W07,90
S42,X58,72
S42,W11,71
S42,Y92,61
S42,W22,60
S42,W05,57
S42,Y92,55
S42,W19,50
S42,W06,47
S42,Y93,44
S42,W17,36
S42,Y99,35
S42,V19,34
S42,X50,33
S42,W00,27
S42,W11,26
S42,V18,26
S42,W08,24
S42,V49,24
S42,V00,24
S42,V89,22
S42,W07,21
S42,Y93,21
S42,V29,21
S42,W05,20
S42,V80,19
S42,V86,19
S42,V48,15
S42,V03,14
S42,V43,14
S42,Y04,14
S42,W03,13
S42,V89,11
S42,Y33,11
S42,W01,11
S42,W08,10
S42,V03,10
S42,V28,10
S42,W18,10
S42,Y90,9
S42,Y90,9
S42,W13,8
S42,W20,8
S42,V18,7
S42,W23,7
S42,W18,7
S42,V43,6
S42,V47,5
S42,V19,5
S42,V29,5
S42,V28,5
S42,V00,5
S42,V87,5
S42,W54,4
S42,V86,4
S42,W22,4
S42,V80,4
S42,V49,4
S42,V09,4
S42,V13,4
S42,V58,4
S42,W50,4
S42,W54,4
S42,Y08,4
S42,Y09,4
S42,V09,3
S42,Y83,3
S42,Y04,3
S42,V48,3
S42,Y83,3
S42,W31,3
S42,V11,3
S42,W19,3
S42,W01,3
S42,W10,3
S42,Y30,2
S42,Y95,2
S42,V44,2
S42,Y79,2
S42,Y35,2
S42,W55,2
S42,W51,2
S42,W09,2
S42,V99,2
S42,V93,2
S42,V84,2
S42,V47,2
S42,V23,2
S42,V17,2
S42,W17,2
S42,X58,2
S42,Y93,2
S42,W33,1
S42,W86,1
S42,V40,1
S42,Y09,1
S42,V87,1
S42,W16,1
S42,W24,1
S42,Y00,1
S42,W31,1
S42,W14,1
S42,W04,1
S42,V23,1
S42,V13,1
S42,V59,1
S42,W03,1
S42,X95,1
S42,V27,1
S42,V24,1
S42,W34,1
S42,V79,1
S42,V10,1
S42,V22,1
S42,V27,1
S42,V38,1
S42,V40,1
S42,V54,1
S42,V59,1
S42,V78,1
S42,V79,1
S42,V88,1
S42,V94,1
S42,W04,1
S42,W12,1
S42,W14,1
S42,W16,1
S42,W24,1
S42,W34,1
S42,X10,1
S42,X83,1
S42,X95,1
S42,Y01,1
S42,V03,1
S42,V58,1
S42,W05,1
S42,W06,1
S42,W11,1
S42,V89,1
S42,W00,1
S42,W05,1
S42,W06,1
S43,X58,809
S43,W01,529
S43,W19,329
S43,W18,254
S43,X50,177
S43,W10,122
S43,W00,72
S43,Y93,64
S43,W17,54
S43,W06,37
S43,W11,33
S43,W22,26
S43,W19,24
S43,W07,22
S43,Y92,16
S43,V49,16
S43,Y99,15
S43,W18,13
S43,V43,13
S43,Y04,12
S43,V86,11
S43,V18,11
S43,V00,11
S43,X58,10
S43,V89,10
S43,W05,10
S43,W01,8
S43,W50,8
S43,Y33,6
S43,W20,6
S43,V19,6
S43,V03,6
S43,V80,5
S43,V29,4
S43,W06,3
S43,Y08,3
S43,W55,3
S43,W51,3
S43,W03,3
S43,V59,3
S43,V28,3
S43,X50,2
S43,Y09,2
S43,W31,2
S43,W23,2
S43,W13,2
S43,V87,2
S43,V84,2
S43,V58,2
S43,V48,2
S43,V27,2
S43,V09,2
S43,W17,1
S43,Y93,1
S43,V86,1
S43,V43,1
S43,W13,1
S43,Y92,1
S43,V19,1
S43,W24,1
S43,X31,1
S43,V00,1
S43,V89,1
S43,W10,1
S43,V49,1
S43,V01,1
S43,V17,1
S43,V35,1
S43,V53,1
S43,V69,1
S43,V85,1
S43,V92,1
S43,V93,1
S43,V97,1
S43,W04,1
S43,W08,1
S43,W09,1
S43,W14,1
S43,W16,1
S43,W21,1
S43,W28,1
S43,W29,1
S43,W34,1
S43,W54,1
S43,W57,1
S43,Y00,1
S43,Y35,1
S43,Y79,1
S43,Y90,1
S43,W19,1
S44,X58,12
S44,W19,1
S44,W20,1
S44,W31,1
S44,W34,1
S44,Y33,1
S44,Y83,1
S44,Y92,1
S44,Y99,1
S45,W34,4
S45,X95,1
S45,W01,1
S45,X99,1
S45,W01,1
S45,W27,1
S45,X58,1
S46,X58,1443
S46,X50,532
S46,W19,353
S46,W01,282
S46,W18,151
S46,Y93,91
S46,W10,57
S46,W00,43
S46,V89,38
S46,W22,35
S46,V49,31
S46,W06,30
S46,Y99,26
S46,W11,24
S46,V43,24
S46,W17,22
S46,Y92,21
S46,Y04,15
S46,W19,12
S46,W20,10
S46,V86,9
S46,X58,8
S46,V48,8
S46,Y33,8
S46,W07,7
S46,W08,6
S46,W05,6
S46,W01,5
S46,V18,5
S46,V80,5
S46,W18,4
S46,V03,4
S46,V29,4
S46,W03,4
S46,W55,4
S46,X50,3
S46,Y09,3
S46,W23,3
S46,V94,3
S46,V58,3
S46,V53,3
S46,V47,3
S46,V19,3
S46,V09,3
S46,V00,3
S46,X99,2
S46,W57,2
S46,W54,2
S46,W51,2
S46,W26,2
S46,W16,2
S46,W13,2
S46,V87,2
S46,V44,2
S46,V28,2
S46,V17,2
S46,Y92,1
S46,W07,1
S46,V80,1
S46,W00,1
S46,Y93,1
S46,Y99,1
S46,W29,1
S46,W10,1
S46,V89,1
S46,V79,1
S46,V88,1
S46,V98,1
S46,W21,1
S46,W25,1
S46,W27,1
S46,W28,1
S46,W31,1
S46,W45,1
S46,W50,1
S46,X04,1
S46,X19,1
S46,Y30,1
S46,Y35,1
S46,Y79,1
S46,Y84,1
S46,Y90,1
S46,W19,1
S47,W23,1
S47,W54,1
S47,X50,1
S48,X58,5
S49,W19,201
S49,X58,184
S49,W01,171
S49,W18,96
S49,X50,46
S49,W10,43
S49,W00,26
S49,W06,25
S49,W17,17
S49,W22,15
S49,W11,13
S49,W07,13
S49,V49,10
S49,Y93,9
S49,V89,8
S49,Y99,7
S49,Y92,6
S49,V86,6
S49,V48,4
S49,W05,4
S49,W54,4
S49,Y04,4
S49,Y09,3
S49,W23,3
S49,V43,3
S49,V19,3
S49,W18,2
S49,W19,2
S49,W01,2
S49,W55,2
S49,W51,2
S49,W28,2
S49,W26,2
S49,V80,2
S49,V29,2
S49,V18,2
S49,V13,2
S49,V00,2
S49,X58,2
S49,W10,1
S49,V09,1
S49,V28,1
S49,V44,1
S49,V47,1
S49,V57,1
S49,V59,1
S49,V98,1
S49,W08,1
S49,W09,1
S49,W29,1
S49,W30,1
S49,W50,1
S49,W57,1
S50,W01,489
S50,W19,386
S50,W18,318
S50,X58,283
S50,W57,232
S50,W22,165
S50,W10,104
S50,W06,66
S50,W55,56
S50,W17,39
S50,W54,34
S50,W05,34
S50,W00,28
S50,W20,28
S50,W07,27
S50,Y04,27
S50,V49,21
S50,W45,21
S50,W11,20
S50,W23,20
S50,Y92,18
S50,X50,16
S50,V89,16
S50,Y93,13
S50,V03,13
S50,V43,12
S50,W26,11
S50,V48,9
S50,X78,9
S50,V00,7
S50,V18,7
S50,W50,6
S50,V86,6
S50,V09,6
S50,W19,5
S50,V28,5
S50,V29,5
S50,X83,5
S50,Y09,5
S50,W18,4
S50,V47,4
S50,W08,4
S50,Y84,4
S50,Y99,3
S50,Y90,3
S50,Y08,3
S50,W27,3
S50,V13,3
S50,W01,2
S50,Y35,2
S50,Y31,2
S50,Y28,2
S50,Y00,2
S50,W21,2
S50,V92,2
S50,V84,2
S50,V40,2
S50,X58,1
S50,Y92,1
S50,W22,1
S50,W24,1
S50,V04,1
S50,V19,1
S50,V22,1
S50,V23,1
S50,V44,1
S50,V46,1
S50,V59,1
S50,V69,1
S50,V73,1
S50,V87,1
S50,V94,1
S50,V98,1
S50,W14,1
S50,W24,1
S50,W25,1
S50,W34,1
S50,W37,1
S50,W40,1
S50,W51,1
S50,W59,1
S50,W60,1
S50,W61,1
S50,W64,1
S50,X79,1
S50,Y33,1
S50,Y82,1
S50,X58,1
S50,V57,1
S51,W01,824
S51,W19,564
S51,X58,525
S51,W18,479
S51,W22,381
S51,W54,290
S51,W45,162
S51,W26,161
S51,W55,155
S51,W10,112
S51,W06,106
S51,W25,62
S51,X78,48
S51,W07,46
S51,W05,38
S51,W20,37
S51,W23,32
S51,W17,31
S51,W11,31
S51,Y92,29
S51,W29,25
S51,W27,22
S51,W31,22
S51,Y04,22
S51,V43,19
S51,V49,18
S51,Y83,15
S51,X99,15
S51,Y93,14
S51,W50,14
S51,V18,13
S51,W00,13
S51,V00,12
S51,V89,9
S51,Y84,9
S51,Y09,8
S51,W08,7
S51,Y28,7
S51,Y99,7
S51,W54,6
S51,W57,6
S51,W03,6
S51,W18,5
S51,V47,5
S51,V48,5
S51,V86,5
S51,W21,5
S51,W51,5
S51,W19,4
S51,V29,4
S51,W64,4
S51,X50,4
S51,Y90,4
S51,Y33,3
S51,X83,3
S51,W13,3
S51,V28,3
S51,V19,3
S51,W06,2
S51,V49,2
S51,X78,2
S51,Y35,2
S51,W53,2
S51,W46,2
S51,W34,2
S51,W30,2
S51,V23,2
S51,V17,2
S51,V09,2
S51,W06,2
S51,W18,2
S51,V89,1
S51,Y84,1
S51,W07,1
S51,W55,1
S51,W22,1
S51,W01,1
S51,W20,1
S51,W32,1
S51,W26,1
S51,W28,1
S51,V86,1
S51,V00,1
S51,X83,1
S51,W31,1
S51,Y90,1
S51,V03,1
S51,V04,1
S51,V13,1
S51,V53,1
S51,V54,1
S51,V78,1
S51,V79,1
S51,V80,1
S51,V94,1
S51,W04,1
S51,W24,1
S51,W28,1
S51,W33,1
S51,W39,1
S51,W59,1
S51,W60,1
S51,W86,1
S51,X08,1
S51,X16,1
S51,X19,1
S51,X79,1
S51,Y65,1
S51,V49,1
S51,V89,1
S51,W01,1
S51,W07,1
S52,W01,2359
S52,W19,1748
S52,X58,1632
S52,W18,1241
S52,W10,421
S52,W00,259
S52,W01,203
S52,W18,165
S52,W17,161
S52,W19,137
S52,W11,114
S52,W10,87
S52,W06,75
S52,W07,75
S52,Y93,66
S52,W22,65
S52,Y92,53
S52,X50,38
S52,V18,36
S52,Y99,33
S52,V89,27
S52,V19,26
S52,V49,26
S52,W05,24
S52,V00,24
S52,W23,23
S52,W03,23
S52,V43,23
S52,W54,22
S52,W08,19
S52,Y92,15
S52,Y04,15
S52,W20,15
S52,W19,15
S52,V86,14
S52,W11,13
S52,X58,13
S52,Y93,13
S52,V03,13
S52,W00,12
S52,W06,12
S52,W55,12
S52,V43,11
S52,V89,11
S52,V80,11
S52,W17,10
S52,V48,10
S52,V29,9
S52,V49,8
S52,V28,8
S52,W07,7
S52,V87,7
S52,W13,7
S52,W05,6
S52,Y33,6
S52,W51,6
S52,V47,6
S52,W08,5
S52,V84,4
S52,W29,4
S52,W50,4
S52,Y00,4
S52,Y90,4
S52,W54,3
S52,Y90,3
S52,W03,3
S52,Y83,3
S52,Y09,3
S52,Y08,3
S52,W21,3
S52,W14,3
S52,V99,3
S52,V79,3
S52,V23,3
S52,W19,3
S52,V29,2
S52,W14,2
S52,V03,2
S52,V86,2
S52,V48,2
S52,V28,2
S52,V58,2
S52,V04,2
S52,W22,2
S52,W13,2
S52,W20,2
S52,W55,2
S52,Y35,2
S52,W34,2
S52,W31,2
S52,W16,2
S52,V93,2
S52,V78,2
S52,V17,2
S52,V13,2
S52,V09,2
S52,W10,2
S52,V05,1
S52,V20,1
S52,V47,1
S52,Y83,1
S52,V19,1
S52,X93,1
S52,V23,1
S52,Y35,1
S52,X95,1
S52,V80,1
S52,Y09,1
S52,V09,1
S52,V44,1
S52,Y99,1
S52,W31,1
S52,W28,1
S52,Y82,1
S52,V87,1
S52,X50,1
S52,W32,1
S52,X78,1
S52,V82,1
S52,V18,1
S52,V01,1
S52,V10,1
S52,V33,1
S52,V40,1
S52,V46,1
S52,V53,1
S52,V57,1
S52,V58,1
S52,V59,1
S52,V69,1
S52,V88,1
S52,V91,1
S52,V92,1
S52,V98,1
S52,W09,1
S52,W12,1
S52,X10,1
S52,X34,1
S52,X81,1
S52,X83,1
S52,X99,1
S52,W00,1
S52,W01,1
S52,V19,1
S52,V49,1
S52,W01,1
S52,W17,1
S52,W18,1
S53,X58,53
S53,W01,53
S53,W19,41
S53,W18,33
S53,W10,15
S53,W00,12
S53,X50,12
S53,W01,4
S53,W07,4
S53,W11,4
S53,W22,3
S53,Y93,2
S53,Y92,2
S53,W17,2
S53,W06,2
S53,V89,2
S53,V49,1
S53,W19,1
S53,W10,1
S53,V03,1
S53,V13,1
S53,V18,1
S53,V19,1
S53,V43,1
S53,V49,1
S53,V86,1
S53,W20,1
S53,W23,1
S53,W24,1
S53,W31,1
S53,W50,1
S53,W51,1
S53,W54,1
S53,Y04,1
S53,W18,1
S54,X58,14
S54,W29,1
S54,W55,1
S54,W13,1
S54,W18,1
S54,V29,1
S54,V49,1
S54,W01,1
S54,W18,1
S54,W19,1
S54,W22,1
S54,W26,1
S54,W31,1
S55,Y99,2
S55,W26,2
S55,W25,2
S55,X99,1
S55,W31,1
S55,W11,1
S55,W55,1
S55,W10,1
S55,W19,1
S55,W54,1
S55,Y84,1
S56,X58,50
S56,X50,23
S56,Y93,10
S56,W01,10
S56,W19,9
S56,W29,6
S56,W31,4
S56,W45,4
S56,W26,3
S56,W25,3
S56,W18,3
S56,W31,2
S56,Y99,2
S56,Y04,2
S56,W22,2
S56,W11,2
S56,W10,2
S56,X99,1
S56,W45,1
S56,W22,1
S56,V43,1
S56,V89,1
S56,W17,1
S56,W20,1
S56,W23,1
S56,W50,1
S56,W54,1
S56,X99,1
S56,Y33,1
S56,Y84,1
S57,V89,2
S57,W20,2
S57,W23,2
S57,V03,1
S57,W19,1
S57,V89,1
S57,W19,1
S57,W22,1
S57,W27,1
S57,W54,1
S57,X58,1
S58,V03,1
S58,W26,1
S58,X99,1
S59,W01,59
S59,W19,58
S59,X58,50
S59,W18,35
S59,W22,16
S59,W10,14
S59,X50,8
S59,W06,5
S59,W17,5
S59,Y04,4
S59,W23,4
S59,W11,4
S59,W00,4
S59,Y93,3
S59,V19,3
S59,V43,2
S59,W07,2
S59,W20,2
S59,W45,2
S59,Y92,2
S59,V49,1
S59,W01,1
S59,W11,1
S59,W18,1
S59,W19,1
S59,V89,1
S59,V09,1
S59,V13,1
S59,V18,1
S59,V57,1
S59,V89,1
S59,W03,1
S59,W05,1
S59,W08,1
S59,W16,1
S59,W31,1
S59,W57,1
S59,X99,1
S59,Y08,1
S59,Y28,1
S60,X58,494
S60,W22,415
S60,W01,408
S60,W19,288
S60,W18,229
S60,W23,226
S60,W57,222
S60,W45,175
S60,W55,123
S60,W20,78
S60,W54,70
S60,W49,53
S60,W10,48
S60,Y04,41
S60,W06,33
S60,W26,31
S60,Y93,31
S60,X50,26
S60,V49,26
S60,V43,22
S60,W17,22
S60,Y92,21
S60,W00,18
S60,V89,18
S60,W07,15
S60,W05,15
S60,W25,14
S60,W27,12
S60,W31,10
S60,Y99,10
S60,V48,9
S60,V18,8
S60,W50,8
S60,W11,7
S60,W21,7
S60,W53,6
S60,W29,6
S60,V00,5
S60,V03,5
S60,V29,5
S60,V47,5
S60,W51,5
S60,W60,5
S60,X78,5
S60,X83,5
S60,Y09,5
S60,Y84,4
S60,Y35,3
S60,Y33,3
S60,Y08,3
S60,Y00,3
S60,X10,3
S60,W59,3
S60,W34,3
S60,W08,3
S60,V86,3
S60,W19,2
S60,W55,2
S60,V09,2
S60,V23,2
S60,V44,2
S60,W03,2
S60,W46,2
S60,W61,2
S60,V49,1
S60,W01,1
S60,W22,1
S60,W07,1
S60,X58,1
S60,W23,1
S60,V04,1
S60,V17,1
S60,V19,1
S60,V28,1
S60,V57,1
S60,V79,1
S60,V81,1
S60,V87,1
S60,V88,1
S60,V93,1
S60,V99,1
S60,W37,1
S60,W40,1
S60,W56,1
S60,X08,1
S60,X15,1
S61,W26,2575
S61,W45,1140
S61,W54,875
S61,X58,832
S61,W55,615
S61,W01,538
S61,W27,473
S61,W25,472
S61,W29,445
S61,W23,434
S61,W31,433
S61,W22,396
S61,W19,281
S61,W18,240
S61,W20,99
S61,W10,77
S61,Y92,71
S61,Y93,57
S61,X78,55
S61,W53,44
S61,W06,42
S61,Y04,41
S61,W17,30
S61,X99,25
S61,Y28,24
S61,W28,24
S61,Y99,22
S61,W34,21
S61,V49,19
S61,W05,19
S61,W46,18
S61,W54,17
S61,W55,17
S61,V89,16
S61,W11,16
S61,W60,15
S61,W32,14
S61,V48,14
S61,W07,14
S61,V43,13
S61,W00,13
S61,W61,12
S61,W59,11
S61,W57,11
S61,W30,11
S61,W50,9
S61,W21,8
S61,W56,8
S61,W64,8
S61,X83,8
S61,Y29,8
S61,X58,7
S61,X50,6
S61,V18,6
S61,V47,5
S61,W24,5
S61,Y83,5
S61,Y90,5
S61,X78,4
S61,W31,3
S61,Y33,3
S61,W51,3
S61,W49,3
S61,W33,3
S61,V86,3
S61,V58,3
S61,V28,3
S61,V17,3
S61,V03,3
S61,V00,3
S61,W18,2
S61,V19,2
S61,V53,2
S61,W08,2
S61,X19,2
S61,Y09,2
S61,Y35,2
S61,Y04,1
S61,W22,1
S61,V44,1
S61,W20,1
S61,Y93,1
S61,V49,1
S61,W29,1
S61,W32,1
S61,Y33,1
S61,W33,1
S61,W01,1
S61,W26,1
S61,Y83,1
S61,Y92,1
S61,V01,1
S61,V09,1
S61,V11,1
S61,V13,1
S61,V23,1
S61,V59,1
S61,V69,1
S61,V84,1
S61,V88,1
S61,V93,1
S61,W03,1
S61,W13,1
S61,W14,1
S61,W16,1
S61,W36,1
S61,W37,1
S61,X10,1
S61,X16,1
S61,X17,1
S61,X79,1
S61,X95,1
S61,Y00,1
S61,Y08,1
S61,Y84,1
S61,W01,1
S61,W19,1
S61,W54,1
S62,X58,982
S62,W01,767
S62,W19,630
S62,W18,407
S62,W23,342
S62,W22,231
S62,W31,160
S62,W10,125
S62,W29,90
S62,W20,60
S62,W54,57
S62,Y04,56
S62,W17,55
S62,X50,51
S62,W00,49
S62,W27,43
S62,Y93,40
S62,W06,33
S62,Y99,26
S62,Y92,26
S62,V49,25
S62,V89,24
S62,W26,23
S62,W07,23
S62,W45,23
S62,V43,20
S62,W28,20
S62,W01,17
S62,W05,17
S62,W11,16
S62,V19,16
S62,W50,15
S62,V18,15
S62,V47,14
S62,W21,13
S62,W55,13
S62,W31,12
S62,W18,11
S62,W19,11
S62,W34,11
S62,W32,8
S62,W51,7
S62,Y09,7
S62,Y33,7
S62,Y08,6
S62,V86,6
S62,V29,6
S62,V03,6
S62,V00,6
S62,X58,5
S62,Y92,5
S62,V28,5
S62,V48,5
S62,W10,4
S62,V43,3
S62,Y93,3
S62,W54,3
S62,Y90,3
S62,Y00,3
S62,X83,3
S62,W40,3
S62,W08,3
S62,W19,3
S62,W26,2
S62,Y90,2
S62,W23,2
S62,W32,2
S62,V13,2
S62,V23,2
S62,V46,2
S62,V87,2
S62,W03,2
S62,W09,2
S62,W12,2
S62,W13,2
S62,V86,1
S62,V47,1
S62,W33,1
S62,Y99,1
S62,V89,1
S62,W34,1
S62,W06,1
S62,V00,1
S62,V03,1
S62,W17,1
S62,V49,1
S62,V11,1
S62,V20,1
S62,V27,1
S62,V40,1
S62,V58,1
S62,V68,1
S62,V80,1
S62,V88,1
S62,V91,1
S62,W16,1
S62,W24,1
S62,W25,1
S62,W30,1
S62,W33,1
S62,W39,1
S62,X10,1
S62,X30,1
S62,X79,1
S62,X95,1
S62,X99,1
S62,Y24,1
S62,Y83,1
S62,Y84,1
S62,V49,1
S63,W01,616
S63,X58,430
S63,W19,425
S63,W18,322
S63,X50,178
S63,W10,114
S63,W22,107
S63,W00,70
S63,W23,57
S63,Y93,41
S63,W17,30
S63,W06,25
S63,Y04,23
S63,W11,21
S63,W07,20
S63,V18,19
S63,W20,17
S63,V49,17
S63,Y92,16
S63,V19,13
S63,W50,12
S63,V89,10
S63,V43,9
S63,V00,8
S63,V86,7
S63,W54,7
S63,Y99,7
S63,V29,5
S63,W05,5
S63,W08,5
S63,W21,5
S63,W31,5
S63,Y08,5
S63,Y09,5
S63,W01,3
S63,W55,3
S63,W51,3
S63,V09,3
S63,V03,3
S63,W18,2
S63,V23,2
S63,V28,2
S63,V53,2
S63,V58,2
S63,V93,2
S63,W03,2
S63,W29,2
S63,Y33,2
S63,Y90,2
S63,Y90,1
S63,W11,1
S63,W22,1
S63,W19,1
S63,Y93,1
S63,V10,1
S63,V11,1
S63,V13,1
S63,V27,1
S63,V47,1
S63,V48,1
S63,V80,1
S63,V87,1
S63,W16,1
S63,W24,1
S63,W26,1
S63,W28,1
S63,W45,1
S63,W49,1
S63,X17,1
S63,Y29,1
S63,Y35,1
S63,Y83,1
S64,X58,22
S64,W25,4
S64,W26,3
S64,W31,2
S64,W27,2
S64,W19,1
S64,X78,1
S64,W01,1
S64,W01,1
S64,W19,1
S64,W28,1
S64,W31,1
S64,W45,1
S65,X58,6
S65,W26,5
S65,W45,4
S65,X78,2
S65,Y92,2
S65,W27,1
S65,W18,1
S65,W25,1
S65,W45,1
S65,W01,1
S65,W18,1
S65,W27,1
S65,W29,1
S65,W31,1
S65,W60,1
S66,X58,116
S66,W01,36
S66,W19,32
S66,W26,28
S66,X50,26
S66,W22,22
S66,W31,20
S66,W45,17
S66,W25,14
S66,W18,13
S66,W29,12
S66,W27,6
S66,W20,5
S66,W23,5
S66,Y93,4
S66,W55,3
S66,W10,3
S66,W06,3
S66,W00,3
S66,W19,2
S66,W54,2
S66,X78,2
S66,W01,2
S66,V43,2
S66,W05,2
S66,W11,2
S66,W17,2
S66,Y04,2
S66,Y92,2
S66,Y92,1
S66,W26,1
S66,X99,1
S66,W31,1
S66,V18,1
S66,V47,1
S66,V49,1
S66,V86,1
S66,V89,1
S66,W07,1
S66,W54,1
S66,X99,1
S66,Y33,1
S66,Y99,1
S67,W23,112
S67,X58,23
S67,W20,12
S67,W31,12
S67,W22,6
S67,Y92,3
S67,W01,2
S67,W24,2
S67,Y93,2
S67,V49,2
S67,V86,2
S67,V49,1
S67,W23,1
S67,V00,1
S67,V43,1
S67,W27,1
S67,W30,1
S67,Y99,1
S68,W31,85
S68,W23,45
S68,W29,38
S68,X58,37
S68,W26,19
S68,W45,18
S68,W27,16
S68,W28,13
S68,W31,6
S68,W54,6
S68,W30,6
S68,W22,6
S68,W20,6
S68,W29,4
S68,Y93,3
S68,W26,2
S68,W45,2
S68,W27,2
S68,W39,2
S68,V99,2
S68,W11,2
S68,W24,2
S68,W32,2
S68,W34,2
S68,X31,2
S68,X50,2
S68,W54,1
S68,Y99,1
S68,W23,1
S68,Y83,1
S68,Y93,1
S68,V93,1
S68,W01,1
S68,W17,1
S68,W19,1
S68,W25,1
S68,W55,1
S68,Y04,1
S68,Y92,1
S68,Y99,1
S69,X58,273
S69,W19,170
S69,W01,125
S69,W18,73
S69,W22,54
S69,W23,45
S69,X50,32
S69,W00,22
S69,W10,20
S69,Y04,13
S69,W26,12
S69,W20,11
S69,Y92,10
S69,W17,9
S69,Y93,9
S69,W45,9
S69,W31,6
S69,W29,6
S69,W27,6
S69,W07,6
S69,V89,6
S69,W54,6
S69,V18,5
S69,W06,5
S69,W50,5
S69,Y99,5
S69,W55,4
S69,W51,4
S69,V43,4
S69,W49,3
S69,W05,3
S69,V49,3
S69,W01,2
S69,V00,2
S69,V29,2
S69,V47,2
S69,V86,2
S69,W11,2
S69,W21,2
S69,W25,2
S69,W39,2
S69,W22,1
S69,V19,1
S69,V48,1
S69,W03,1
S69,W08,1
S69,W40,1
S69,W53,1
S69,W56,1
S69,W60,1
S69,X83,1
S70,W19,864
S70,W01,832
S70,W18,675
S70,X58,309
S70,W57,246
S70,W06,188
S70,W10,150
S70,W05,79
S70,W07,79
S70,W22,62
S70,W17,58
S70,W19,57
S70,W18,55
S70,W01,53
S70,W00,50
S70,W11,29
S70,Y93,22
S70,Y92,21
S70,W54,19
S70,W55,15
S70,V49,15
S70,W08,15
S70,Y92,12
S70,W20,12
S70,X50,12
S70,X58,11
S70,V43,11
S70,V19,11
S70,V00,11
S70,Y04,10
S70,V03,9
S70,V09,8
S70,W10,7
S70,W05,7
S70,W06,7
S70,V29,7
S70,V48,7
S70,V89,7
S70,Y83,6
S70,W45,6
S70,W13,6
S70,W03,6
S70,W17,5
S70,V18,5
S70,W11,4
S70,W22,4
S70,Y99,4
S70,Y09,4
S70,W50,4
S70,W16,4
S70,V98,4
S70,V80,4
S70,V47,4
S70,W00,3
S70,V43,3
S70,V03,3
S70,Y93,3
S70,W20,3
S70,W64,3
S70,W26,3
S70,V87,3
S70,V86,3
S70,V23,3
S70,W07,2
S70,V86,2
S70,W23,2
S70,V53,2
S70,V84,2
S70,W23,2
S70,W31,2
S70,W51,2
S70,Y00,2
S70,Y08,2
S70,Y35,2
S70,Y84,2
S70,W19,2
S70,Y90,1
S70,W21,1
S70,Y99,1
S70,V89,1
S70,V29,1
S70,V47,1
S70,V19,1
S70,W30,1
S70,V18,1
S70,V49,1
S70,V27,1
S70,V88,1
S70,Y84,1
S70,V04,1
S70,V13,1
S70,V20,1
S70,V27,1
S70,V28,1
S70,V40,1
S70,V44,1
S70,V46,1
S70,V58,1
S70,V97,1
S70,W15,1
S70,W21,1
S70,W24,1
S70,W25,1
S70,W34,1
S70,W46,1
S70,X19,1
S70,X38,1
S70,Y33,1
S70,Y79,1
S70,Y90,1
S70,W06,1
S70,W18,1
S70,Y92,1
S71,X58,215
S71,W54,61
S71,W26,42
S71,Y83,23
S71,W01,22
S71,W29,19
S71,W19,17
S71,W88,14
S71,W18,14
S71,W45,13
S71,W34,13
S71,W22,10
S71,W31,9
S71,X78,8
S71,W57,8
S71,W55,7
S71,X95,7
S71,Y84,6
S71,X19,6
S71,W25,5
S71,W32,5
S71,Y93,4
S71,W27,4
S71,Y92,3
S71,Y79,3
S71,Y33,3
S71,W46,3
S71,W33,3
S71,W23,3
S71,W11,3
S71,W06,3
S71,V89,3
S71,W19,2
S71,V86,2
S71,W10,2
S71,W28,2
S71,X83,2
S71,Y35,2
S71,Y99,2
S71,W18,1
S71,X74,1
S71,W11,1
S71,Y92,1
S71,Y24,1
S71,V03,1
S71,V03,1
S71,V09,1
S71,V29,1
S71,V43,1
S71,V69,1
S71,V80,1
S71,V94,1
S71,V99,1
S71,W07,1
S71,W17,1
S71,W20,1
S71,W51,1
S71,W58,1
S71,W64,1
S71,X08,1
S71,X12,1
S71,X93,1
S71,X94,1
S71,X99,1
S71,Y24,1
S71,Y81,1
S71,W05,1
S72,W01,4851
S72,W18,3696
S72,W19,3033
S72,X58,1492
S72,W19,996
S72,W01,810
S72,W18,721
S72,W10,599
S72,W06,501
S72,Y92,401
S72,W05,265
S72,W07,253
S72,W19,244
S72,X58,208
S72,W17,202
S72,W00,176
S72,Y93,159
S72,W06,142
S72,W11,105
S72,W10,103
S72,W18,85
S72,W01,76
S72,W05,75
S72,W07,72
S72,Y83,65
S72,Y92,60
S72,W17,54
S72,W08,52
S72,W00,50
S72,X50,44
S72,Y99,43
S72,V18,40
S72,X50,36
S72,Y90,35
S72,Y93,35
S72,X58,33
S72,V48,31
S72,W19,31
S72,W03,30
S72,V89,29
S72,Y95,26
S72,W11,25
S72,V49,24
S72,V00,22
S72,V43,21
S72,Y99,20
S72,W22,20
S72,V19,19
S72,Y84,18
S72,Y04,16
S72,W13,14
S72,V03,14
S72,W22,14
S72,V47,11
S72,V86,10
S72,Y79,10
S72,V49,9
S72,V00,9
S72,W18,9
S72,W10,9
S72,W54,8
S72,W08,8
S72,W01,8
S72,V29,7
S72,V58,7
S72,V09,7
S72,W20,7
S72,Y33,7
S72,W17,7
S72,W55,6
S72,W23,6
S72,W20,6
S72,V89,6
S72,V86,6
S72,V84,6
S72,V48,6
S72,W06,6
S72,V23,5
S72,W04,5
S72,V19,5
S72,W32,4
S72,V80,4
S72,W30,4
S72,W50,4
S72,Y83,4
S72,W55,4
S72,W54,4
S72,W03,4
S72,V09,4
S72,V03,4
S72,W07,4
S72,W00,4
S72,Y92,4
S72,W31,3
S72,V87,3
S72,W51,3
S72,Y33,3
S72,Y08,3
S72,Y90,3
S72,V43,3
S72,V29,3
S72,V28,3
S72,V49,3
S72,W20,3
S72,Y84,3
S72,V84,2
S72,W24,2
S72,W28,2
S72,Y09,2
S72,Y65,2
S72,W34,2
S72,W14,2
S72,X95,2
S72,V98,2
S72,Y73,2
S72,V88,2
S72,V23,2
S72,V47,2
S72,V87,2
S72,W04,2
S72,W13,2
S72,W24,2
S72,W50,2
S72,W54,2
S72,V19,2
S72,W05,2
S72,Y83,2
S72,W12,1
S72,Y35,1
S72,V11,1
S72,X30,1
S72,V59,1
S72,V95,1
S72,V28,1
S72,V40,1
S72,X83,1
S72,X31,1
S72,V39,1
S72,V77,1
S72,V94,1
S72,Y82,1
S72,V13,1
S72,X73,1
S72,V17,1
S72,X94,1
S72,Y24,1
S72,V81,1
S72,V45,1
S72,V53,1
S72,Y71,1
S72,V69,1
S72,W09,1
S72,X80,1
S72,V67,1
S72,V99,1
S72,W88,1
S72,V54,1
S72,V20,1
S72,V58,1
S72,V59,1
S72,V80,1
S72,V98,1
S72,V99,1
S72,W12,1
S72,W14,1
S72,W16,1
S72,W23,1
S72,W25,1
S72,W30,1
S72,W32,1
S72,W34,1
S72,X01,1
S72,X37,1
S72,X80,1
S72,X94,1
S72,Y09,1
S72,Y30,1
S72,Y79,1
S72,Y84,1
S72,V00,1
S72,V18,1
S72,V80,1
S72,V82,1
S72,W00,1
S72,W10,1
S72,W11,1
S72,V00,1
S72,V18,1
S72,V23,1
S72,V47,1
S72,W03,1
S72,W08,1
S72,W55,1
S72,Y93,1
S72,Y95,1
S72,Y99,1
S73,X58,264
S73,X50,75
S73,W01,63
S73,W19,63
S73,W18,61
S73,W06,17
S73,Y93,17
S73,Y99,10
S73,W10,9
S73,W07,8
S73,Y92,6
S73,W19,5
S73,W17,4
S73,W18,3
S73,X58,3
S73,V43,3
S73,V89,2
S73,W00,2
S73,Y79,2
S73,X58,2
S73,Y93,1
S73,W01,1
S73,V43,1
S73,V00,1
S73,V18,1
S73,V47,1
S73,V49,1
S73,V59,1
S73,V86,1
S73,V98,1
S73,W05,1
S73,W08,1
S73,W11,1
S73,W16,1
S73,W20,1
S73,W22,1
S73,W50,1
S73,W51,1
S73,W88,1
S73,Y04,1
S74,X58,3
S74,W19,2
S74,Y84,1
S74,W55,1
S74,W01,1
S74,X50,1
S75,X58,5
S75,Y35,1
S75,W18,1
S75,Y84,1
S75,W34,1
S75,V89,1
S75,W19,1
S76,X58,665
S76,X50,228
S76,W19,190
S76,W01,160
S76,W18,106
S76,W10,72
S76,Y93,52
S76,W01,31
S76,X58,29
S76,W00,24
S76,W19,22
S76,W18,20
S76,Y92,17
S76,W10,15
S76,W17,15
S76,W07,13
S76,Y99,12
S76,X50,10
S76,W06,10
S76,W00,6
S76,W08,5
S76,W22,5
S76,W19,5
S76,W17,4
S76,W07,4
S76,W06,4
S76,Y92,4
S76,Y83,4
S76,Y33,4
S76,V49,4
S76,W11,3
S76,W55,3
S76,W11,3
S76,V43,3
S76,V19,3
S76,Y93,2
S76,V58,2
S76,V87,2
S76,V89,2
S76,W05,2
S76,W21,2
S76,W50,2
S76,Y09,2
S76,Y84,2
S76,V00,1
S76,V48,1
S76,V03,1
S76,W05,1
S76,Y04,1
S76,V00,1
S76,V09,1
S76,V18,1
S76,V28,1
S76,V44,1
S76,V48,1
S76,V78,1
S76,V84,1
S76,V91,1
S76,W03,1
S76,W20,1
S76,W23,1
S76,W31,1
S76,W54,1
S76,Y79,1
S76,Y90,1
S76,W00,1
S76,W19,1
S76,Y95,1
S77,W23,3
S77,W20,3
S77,V48,1
S77,W23,1
S77,V09,1
S77,V48,1
S77,V84,1
S77,W22,1
S78,X58,8
S78,V09,1
S79,W19,148
S79,W01,88
S79,W18,82
S79,X58,51
S79,W06,21
S79,W10,16
S79,W05,14
S79,W17,10
S79,X50,10
S79,W00,9
S79,W07,8
S79,W19,5
S79,Y92,5
S79,W18,4
S79,W01,4
S79,Y93,3
S79,W11,3
S79,Y92,2
S79,V00,2
S79,W08,2
S79,W22,2
S79,Y04,2
S79,Y99,2
S79,W10,1
S79,W11,1
S79,W07,1
S79,V03,1
S79,V09,1
S79,V48,1
S79,V68,1
S79,W03,1
S79,W20,1
S79,W23,1
S79,W45,1
S79,W50,1
S79,W55,1
S79,Y33,1
S79,Y79,1
S80,W01,1533
S80,W19,1090
S80,X58,1067
S80,W18,882
S80,W22,579
S80,W57,389
S80,W10,342
S80,W06,159
S80,W20,109
S80,W17,94
S80,V49,81
S80,W05,71
S80,W00,69
S80,V43,64
S80,W55,58
S80,W54,57
S80,Y93,55
S80,W07,55
S80,V89,51
S80,W01,45
S80,Y92,45
S80,W19,44
S80,W23,38
S80,X50,37
S80,W11,34
S80,W18,31
S80,W45,29
S80,W08,23
S80,V03,21
S80,Y04,21
S80,Y99,21
S80,V00,20
S80,W50,20
S80,W22,19
S80,V09,19
S80,V18,19
S80,V48,19
S80,V19,18
S80,W26,17
S80,X58,16
S80,W21,15
S80,V86,13
S80,W10,11
S80,W13,11
S80,V28,11
S80,V47,11
S80,V13,8
S80,W31,8
S80,Y93,7
S80,W51,7
S80,Y83,7
S80,V29,6
S80,Y90,6
S80,W06,5
S80,V78,5
S80,V87,5
S80,V99,5
S80,W03,5
S80,Y33,5
S80,W20,4
S80,Y92,4
S80,W30,4
S80,W28,4
S80,W16,4
S80,V40,4
S80,V23,4
S80,W17,3
S80,Y00,3
S80,V79,3
S80,V27,3
S80,V47,2
S80,V48,2
S80,V00,2
S80,Y08,2
S80,Y35,2
S80,V46,2
S80,V53,2
S80,V88,2
S80,V94,2
S80,V98,2
S80,W29,2
S80,W19,2
S80,Y83,1
S80,V09,1
S80,Y84,1
S80,W31,1
S80,W00,1
S80,X50,1
S80,V43,1
S80,W30,1
S80,Y90,1
S80,V29,1
S80,V89,1
S80,V04,1
S80,V06,1
S80,V17,1
S80,V44,1
S80,V58,1
S80,V59,1
S80,V67,1
S80,V68,1
S80,V69,1
S80,V74,1
S80,V81,1
S80,V84,1
S80,V93,1
S80,W14,1
S80,W25,1
S80,W33,1
S80,W34,1
S80,W49,1
S80,W60,1
S80,W64,1
S80,X19,1
S80,X80,1
S80,X93,1
S80,Y09,1
S80,Y28,1
S80,Y74,1
S80,Y84,1
S80,W18,1
S80,W50,1
S80,Y92,1
S80,X58,1
S80,Y92,1
S81,X58,3095
S81,W22,1351
S81,W01,594
S81,W19,550
S81,W54,375
S81,W45,340
S81,W26,312
S81,W18,294
S81,W20,168
S81,W10,166
S81,W55,122
S81,Y83,76
S81,W29,75
S81,W06,73
S81,Y92,70
S81,W25,65
S81,W23,58
S81,Y93,43
S81,Y99,37
S81,Y84,33
S81,Y33,32
S81,V48,30
S81,W17,30
S81,W31,30
S81,W05,29
S81,W57,22
S81,W27,22
S81,W34,21
S81,W11,21
S81,X58,19
S81,W07,18
S81,W01,17
S81,V89,16
S81,V49,15
S81,W21,15
S81,V43,14
S81,V19,14
S81,V86,13
S81,W18,12
S81,W19,12
S81,V18,12
S81,W51,11
S81,W50,11
S81,W28,11
S81,W00,9
S81,W60,9
S81,W22,8
S81,V00,8
S81,W08,8
S81,V78,7
S81,W13,7
S81,W88,7
S81,X08,7
S81,V03,5
S81,V29,5
S81,V87,5
S81,W03,5
S81,W64,5
S81,X78,5
S81,W19,5
S81,W54,4
S81,W55,4
S81,Y92,4
S81,V58,4
S81,W18,4
S81,V43,3
S81,W31,3
S81,W11,3
S81,W07,3
S81,Y93,3
S81,X78,3
S81,Y29,3
S81,Y28,3
S81,W61,3
S81,W30,3
S81,W16,3
S81,V98,3
S81,V47,3
S81,V28,3
S81,V23,3
S81,V09,3
S81,W10,2
S81,W45,2
S81,W05,2
S81,V00,2
S81,W06,2
S81,W26,2
S81,V03,2
S81,V13,2
S81,V59,2
S81,V81,2
S81,W24,2
S81,W59,2
S81,X50,2
S81,X95,2
S81,Y08,2
S81,Y79,2
S81,Y95,2
S81,Y92,2
S81,Y84,1
S81,V49,1
S81,Y99,1
S81,W29,1
S81,W20,1
S81,V09,1
S81,V47,1
S81,W28,1
S81,W23,1
S81,V89,1
S81,Y90,1
S81,W30,1
S81,W57,1
S81,V01,1
S81,V17,1
S81,V22,1
S81,V68,1
S81,V79,1
S81,V80,1
S81,V88,1
S81,V93,1
S81,V95,1
S81,V99,1
S81,W32,1
S81,W39,1
S81,W40,1
S81,W49,1
S81,W52,1
S81,W53,1
S81,W56,1
S81,W92,1
S81,W99,1
S81,X12,1
S81,X74,1
S81,X99,1
S81,Y00,1
S81,Y04,1
S81,Y09,1
S81,Y24,1
S81,Y32,1
S81,Y35,1
S81,Y64,1
S81,Y65,1
S81,Y69,1
S81,V00,1
S81,W06,1
S81,W23,1
S81,W88,1
S81,X58,1
S81,Y99,1
S81,W06,1
S81,W10,1
S81,W22,1
S81,X58,1
S82,X58,2070
S82,W01,1268
S82,W19,1123
S82,W18,802
S82,W01,691
S82,W18,541
S82,W10,497
S82,W19,465
S82,X50,404
S82,W10,249
S82,W00,243
S82,W17,143
S82,X58,103
S82,W11,98
S82,Y93,78
S82,W00,74
S82,W22,67
S82,W05,67
S82,W06,65
S82,Y92,62
S82,W17,62
S82,Y99,62
S82,W11,61
S82,V89,60
S82,Y92,58
S82,X50,54
S82,W06,52
S82,W19,50
S82,Y93,43
S82,W07,40
S82,V03,39
S82,V49,36
S82,V49,34
S82,V89,31
S82,W07,29
S82,W05,29
S82,V00,28
S82,V03,26
S82,V43,25
S82,W23,25
S82,W20,24
S82,V09,24
S82,V86,22
S82,V48,20
S82,W01,20
S82,V09,19
S82,V29,19
S82,W18,19
S82,W54,18
S82,V18,18
S82,W08,17
S82,V29,16
S82,Y83,16
S82,V43,16
S82,Y90,15
S82,W13,15
S82,V00,14
S82,W20,14
S82,V19,14
S82,W22,13
S82,V47,13
S82,V86,13
S82,V23,12
S82,V48,11
S82,W55,11
S82,W19,11
S82,W13,10
S82,V28,10
S82,Y04,10
S82,W03,9
S82,V28,9
S82,W50,8
S82,W55,8
S82,V80,8
S82,W01,8
S82,V19,7
S82,V18,7
S82,V47,7
S82,X58,7
S82,W54,6
S82,V13,6
S82,W08,6
S82,V23,6
S82,V58,6
S82,W03,6
S82,W50,6
S82,Y33,6
S82,W10,6
S82,W23,5
S82,V87,5
S82,V99,5
S82,W34,5
S82,V89,5
S82,W00,5
S82,W16,4
S82,Y90,4
S82,Y83,4
S82,X95,4
S82,V13,4
S82,W10,4
S82,V03,4
S82,W06,4
S82,W31,3
S82,W14,3
S82,Y04,3
S82,W32,3
S82,X80,3
S82,Y79,3
S82,W51,3
S82,W31,3
S82,W30,3
S82,W16,3
S82,V87,2
S82,V40,2
S82,X95,2
S82,W34,2
S82,Y84,2
S82,V44,2
S82,V59,2
S82,Y95,2
S82,W30,2
S82,Y99,2
S82,V20,2
S82,V53,2
S82,W29,2
S82,X74,2
S82,V27,2
S82,V59,2
S82,V79,2
S82,V84,2
S82,V92,2
S82,V98,2
S82,W04,2
S82,W09,2
S82,W14,2
S82,W32,2
S82,V49,2
S82,V48,2
S82,W11,2
S82,W17,2
S82,Y92,2
S82,V80,1
S82,V92,1
S82,Y82,1
S82,V24,1
S82,W21,1
S82,V02,1
S82,Y00,1
S82,V98,1
S82,V78,1
S82,W09,1
S82,V93,1
S82,V04,1
S82,Y01,1
S82,V58,1
S82,Y79,1
S82,W28,1
S82,V84,1
S82,V27,1
S82,V74,1
S82,V20,1
S82,V44,1
S82,V53,1
S82,V67,1
S82,V68,1
S82,V78,1
S82,V83,1
S82,V91,1
S82,V94,1
S82,W12,1
S82,W21,1
S82,W24,1
S82,W29,1
S82,W45,1
S82,W49,1
S82,W57,1
S82,X10,1
S82,X19,1
S82,X37,1
S82,X83,1
S82,Y00,1
S82,Y09,1
S82,Y29,1
S82,V00,1
S82,V43,1
S82,V87,1
S82,W07,1
S82,W18,1
S82,V29,1
S82,V49,1
S82,V86,1
S82,W03,1
S82,W22,1
S82,X50,1
S83,X58,2598
S83,X50,535
S83,W01,368
S83,W19,346
S83,W18,240
S83,Y93,122
S83,W10,110
S83,W00,58
S83,W17,50
S83,Y99,49
S83,Y92,30
S83,W22,29
S83,W06,21
S83,W11,21
S83,W19,17
S83,X58,17
S83,W07,15
S83,W54,14
S83,Y33,14
S83,W18,12
S83,W01,10
S83,V48,9
S83,V00,7
S83,V89,7
S83,W50,6
S83,V43,6
S83,V49,5
S83,V86,5
S83,X50,4
S83,W55,4
S83,W23,4
S83,W13,4
S83,W08,4
S83,W05,4
S83,W03,4
S83,V19,4
S83,W10,3
S83,Y04,3
S83,V58,3
S83,V29,3
S83,V28,3
S83,W06,2
S83,W00,2
S83,W22,2
S83,W20,2
S83,V03,2
S83,W21,2
S83,V09,2
S83,V23,2
S83,W51,2
S83,V47,2
S83,V80,2
S83,Y83,2
S83,W19,2
S83,Y93,1
S83,Y92,1
S83,Y99,1
S83,V48,1
S83,V58,1
S83,V13,1
S83,V17,1
S83,V46,1
S83,V78,1
S83,V82,1
S83,V87,1
S83,W16,1
S83,W30,1
S83,W31,1
S83,Y08,1
S83,Y09,1
S83,Y30,1
S83,Y90,1
S83,W19,1
S83,X58,1
S84,X58,7
S84,W06,1
S84,W34,1
S85,X58,6
S85,Y93,1
S85,W11,1
S85,W17,1
S85,W22,1
S85,W26,1
S85,W31,1
S85,W54,1
S85,W60,1
S86,X58,589
S86,X50,181
S86,W19,83
S86,W01,75
S86,W18,69
S86,Y93,45
S86,W10,33
S86,W22,20
S86,W17,11
S86,Y92,10
S86,W00,9
S86,X58,7
S86,Y99,7
S86,W06,6
S86,V43,5
S86,W18,4
S86,V49,4
S86,V00,4
S86,Y33,3
S86,W54,3
S86,W31,3
S86,W23,3
S86,W05,3
S86,W05,2
S86,W10,2
S86,V58,2
S86,Y04,2
S86,W55,2
S86,W26,2
S86,W13,2
S86,W11,2
S86,W08,2
S86,W07,2
S86,Y93,1
S86,Y84,1
S86,W13,1
S86,W01,1
S86,W19,1
S86,W26,1
S86,V88,1
S86,W17,1
S86,V04,1
S86,V09,1
S86,V18,1
S86,V19,1
S86,V28,1
S86,V40,1
S86,V48,1
S86,V73,1
S86,V86,1
S86,V89,1
S86,W20,1
S86,W21,1
S86,W25,1
S86,W28,1
S86,W52,1
S86,W57,1
S87,X58,15
S87,W23,8
S87,W20,3
S87,V09,3
S87,W23,2
S87,V48,2
S87,V86,2
S87,X58,1
S87,W22,1
S87,Y93,1
S87,W20,1
S87,Y92,1
S87,V02,1
S87,V03,1
S87,V69,1
S87,W01,1
S87,W19,1
S87,W22,1
S87,W31,1
S87,Y99,1
S88,X58,17
S88,V23,1
S88,W05,1
S88,W19,1
S88,Y92,1
S88,Y99,1
S89,X58,294
S89,W19,217
S89,W01,185
S89,W18,127
S89,X50,92
S89,W10,38
S89,W22,37
S89,W00,22
S89,W06,20
S89,W17,20
S89,Y93,18
S89,Y92,13
S89,W18,11
S89,W23,10
S89,W05,8
S89,W54,8
S89,Y99,6
S89,W11,6
S89,V43,6
S89,V18,5
S89,W55,5
S89,W19,4
S89,V00,4
S89,V03,4
S89,V29,4
S89,V49,4
S89,V89,4
S89,W20,4
S89,W01,3
S89,Y04,3
S89,W50,3
S89,W26,3
S89,W08,3
S89,W07,3
S89,W05,2
S89,W06,2
S89,Y92,2
S89,X58,2
S89,W22,2
S89,W45,2
S89,W03,2
S89,V87,2
S89,V86,2
S89,V58,2
S89,X50,1
S89,W10,1
S89,V78,1
S89,V03,1
S89,V79,1
S89,V04,1
S89,V09,1
S89,V13,1
S89,V23,1
S89,V47,1
S89,V53,1
S89,V59,1
S89,V84,1
S89,V88,1
S89,V93,1
S89,V98,1
S89,W16,1
S89,W21,1
S89,W30,1
S89,W51,1
S89,W57,1
S89,X37,1
S89,X95,1
S89,W19,1
S90,X58,851
S90,W22,522
S90,W20,380
S90,W57,165
S90,W01,160
S90,W18,121
S90,W19,98
S90,W45,85
S90,W23,60
S90,X50,59
S90,W10,57
S90,Y93,27
S90,Y99,24
S90,W55,24
S90,W50,22
S90,W25,22
S90,W06,21
S90,W17,20
S90,W26,19
S90,W54,19
S90,Y92,18
S90,V09,16
S90,V03,13
S90,W11,13
S90,W51,10
S90,V49,10
S90,V00,10
S90,W07,9
S90,W21,7
S90,W00,7
S90,W59,6
S90,W27,6
S90,W05,6
S90,V86,6
S90,V29,5
S90,V48,5
S90,W31,5
S90,Y04,5
S90,Y33,5
S90,X58,4
S90,V28,4
S90,V89,4
S90,W08,4
S90,W53,4
S90,W18,3
S90,Y09,3
S90,W16,3
S90,V43,3
S90,W55,2
S90,W03,2
S90,V18,2
S90,V13,2
S90,Y28,2
S90,X08,2
S90,W49,2
S90,W27,1
S90,W11,1
S90,W57,1
S90,W01,1
S90,Y90,1
S90,X31,1
S90,Y99,1
S90,V06,1
S90,V23,1
S90,V38,1
S90,V40,1
S90,V44,1
S90,V47,1
S90,V53,1
S90,V94,1
S90,W13,1
S90,W14,1
S90,W24,1
S90,W28,1
S90,W34,1
S90,W46,1
S90,W60,1
S90,W64,1
S90,W86,1
S90,X04,1
S90,X06,1
S90,X19,1
S90,X30,1
S90,X37,1
S90,X83,1
S90,Y29,1
S90,Y30,1
S90,Y35,1
S90,Y83,1
S91,X58,1405
S91,W22,470
S91,W45,372
S91,W26,205
S91,W25,137
S91,W20,89
S91,W54,77
S91,W01,64
S91,W19,48
S91,W55,44
S91,W27,43
S91,W23,38
S91,W18,37
S91,Y92,33
S91,Y83,31
S91,Y99,29
S91,Y93,27
S91,X50,18
S91,Y33,16
S91,W06,13
S91,W29,12
S91,X58,11
S91,W31,10
S91,W10,9
S91,W53,8
S91,V29,8
S91,V00,8
S91,Y84,7
S91,W34,7
S91,W57,6
S91,V89,5
S91,W07,5
S91,V09,4
S91,W05,4
S91,W17,4
S91,W50,4
S91,W60,4
S91,W45,3
S91,W18,3
S91,X78,3
S91,W59,3
S91,W56,3
S91,W30,3
S91,V80,3
S91,V27,3
S91,X58,3
S91,W25,2
S91,Y92,2
S91,W01,2
S91,W28,2
S91,Y28,2
S91,X95,2
S91,X19,2
S91,W32,2
S91,W21,2
S91,W11,2
S91,W08,2
S91,V19,2
S91,W20,1
S91,W27,1
S91,W59,1
S91,Y83,1
S91,W17,1
S91,W55,1
S91,V03,1
S91,V04,1
S91,V28,1
S91,V48,1
S91,V86,1
S91,V98,1
S91,V99,1
S91,W04,1
S91,W16,1
S91,W88,1
S91,X02,1
S91,X10,1
S91,X15,1
S91,X83,1
S91,Y90,1
S91,X58,1
S92,X58,1144
S92,W22,533
S92,W01,451
S92,W19,375
S92,W18,314
S92,X50,269
S92,W10,211
S92,W20,183
S92,W17,71
S92,W11,70
S92,Y93,64
S92,W23,61
S92,W06,46
S92,W18,31
S92,W07,31
S92,W19,24
S92,Y92,24
S92,W01,22
S92,Y99,22
S92,X58,18
S92,V89,17
S92,V43,12
S92,W00,12
S92,W10,11
S92,W11,10
S92,W50,9
S92,W31,9
S92,V09,9
S92,W05,9
S92,V89,8
S92,W22,8
S92,W54,8
S92,Y33,8
S92,V49,8
S92,W13,8
S92,V03,7
S92,W26,7
S92,Y04,7
S92,W08,6
S92,W55,6
S92,V43,5
S92,W17,5
S92,V00,5
S92,V29,5
S92,W51,5
S92,X50,4
S92,W28,4
S92,W16,4
S92,V28,4
S92,W03,4
S92,W19,4
S92,W13,3
S92,Y93,3
S92,V47,3
S92,W06,3
S92,V49,3
S92,V84,3
S92,V48,3
S92,W29,3
S92,Y09,3
S92,W34,2
S92,Y83,2
S92,V23,2
S92,V86,2
S92,V99,2
S92,V47,2
S92,V23,2
S92,V19,2
S92,V18,2
S92,W21,2
S92,W45,2
S92,Y00,2
S92,Y30,2
S92,W11,2
S92,W50,1
S92,W00,1
S92,W28,1
S92,W07,1
S92,W32,1
S92,X80,1
S92,W45,1
S92,W24,1
S92,Y90,1
S92,W29,1
S92,Y30,1
S92,W30,1
S92,W05,1
S92,W16,1
S92,V58,1
S92,V03,1
S92,V28,1
S92,W55,1
S92,V13,1
S92,V20,1
S92,V27,1
S92,V68,1
S92,V80,1
S92,V82,1
S92,V87,1
S92,V91,1
S92,V94,1
S92,V98,1
S92,W09,1
S92,W12,1
S92,W15,1
S92,W24,1
S92,W33,1
S92,W34,1
S92,W57,1
S92,X19,1
S92,Y08,1
S92,Y24,1
S92,Y29,1
S92,Y83,1
S92,W01,1
S92,W18,1
S92,W18,1
S92,Y99,1
S93,X58,954
S93,X50,851
S93,W01,596
S93,W19,474
S93,W18,456
S93,W10,337
S93,W22,150
S93,Y93,143
S93,W17,93
S93,W00,62
S93,Y92,43
S93,W06,41
S93,W11,30
S93,W07,27
S93,W20,23
S93,W05,23
S93,W23,22
S93,Y99,18
S93,W50,13
S93,V00,12
S93,W18,11
S93,V03,10
S93,V89,9
S93,W13,9
S93,W01,8
S93,V49,8
S93,V09,7
S93,V19,7
S93,V43,7
S93,W19,6
S93,V86,6
S93,W54,6
S93,Y04,6
S93,Y33,4
S93,V80,4
S93,V48,4
S93,V29,4
S93,V23,4
S93,X58,3
S93,V18,3
S93,V78,3
S93,W03,3
S93,W08,3
S93,W51,3
S93,W55,3
S93,X37,3
S93,Y92,2
S93,Y93,2
S93,W21,2
S93,W30,2
S93,W31,2
S93,W45,2
S93,W57,2
S93,Y90,2
S93,V27,2
S93,V28,2
S93,V47,2
S93,W14,2
S93,W16,2
S93,W19,2
S93,V44,1
S93,X50,1
S93,V03,1
S93,W07,1
S93,W00,1
S93,V10,1
S93,V13,1
S93,V14,1
S93,V40,1
S93,V58,1
S93,V79,1
S93,V94,1
S93,W12,1
S93,W24,1
S93,W25,1
S93,W26,1
S93,Y00,1
S93,Y09,1
S93,Y35,1
S93,Y83,1
S94,X58,2
S94,W01,1
S94,Y99,1
S95,X58,2
S95,W20,1
S95,W26,1
S96,X58,134
S96,X50,41
S96,W01,21
S96,W10,17
S96,W19,15
S96,W18,11
S96,Y93,10
S96,W22,9
S96,W17,8
S96,W00,3
S96,W06,3
S96,W11,3
S96,V49,2
S96,V86,2
S96,W20,2
S96,W25,2
S96,X58,1
S96,Y92,1
S96,W17,1
S96,V48,1
S96,W01,1
S96,V18,1
S96,V79,1
S96,W04,1
S96,W13,1
S96,W23,1
S96,W26,1
S96,W45,1
S96,Y01,1
S96,Y08,1
S96,Y92,1
S97,X58,19
S97,W20,17
S97,W23,13
S97,W22,12
S97,V03,2
S97,W19,2
S97,W55,2
S97,W20,1
S97,W31,1
S97,X58,1
S97,V03,1
S97,V02,1
S97,V09,1
S97,V48,1
S97,W11,1
S97,W18,1
S97,W30,1
S97,W50,1
S97,X08,1
S97,Y29,1
S97,Y93,1
S97,Y99,1
S98,X58,26
S98,W28,2
S98,Y83,2
S98,W28,1
S98,W54,1
S98,V88,1
S98,V03,1
S98,W13,1
S98,V27,1
S98,W20,1
S98,W30,1
S98,X31,1
S99,X58,317
S99,W22,125
S99,W19,109
S99,X50,74
S99,W18,62
S99,W01,56
S99,W10,42
S99,W20,36
S99,W23,26
S99,W00,16
S99,W17,13
S99,W06,8
S99,Y93,8
S99,W45,7
S99,V49,6
S99,V03,5
S99,Y99,5
S99,W54,4
S99,W50,4
S99,W07,4
S99,V09,4
S99,Y92,4
S99,W11,3
S99,W13,3
S99,W51,3
S99,Y04,3
S99,W19,2
S99,W21,2
S99,W25,2
S99,Y33,2
S99,V43,2
S99,W05,2
S99,V00,1
S99,V18,1
S99,V19,1
S99,V28,1
S99,V29,1
S99,V48,1
S99,V89,1
S99,V98,1
S99,W08,1
S99,W16,1
S99,W30,1
S99,W31,1
S99,W53,1
S99,W55,1
S99,X01,1
S99,X83,1
S99,Y09,1
S99,Y28,1
S99,Y29,1
T07,W19,34
T07,X58,16
T07,W01,8
T07,W57,7
T07,W10,5
T07,W18,5
T07,V89,4
T07,Y92,4
T07,Y04,3
T07,W06,3
T07,Y09,2
T07,X99,2
T07,W13,2
T07,V29,2
T07,V49,2
T07,V19,1
T07,V43,1
T07,V44,1
T07,V87,1
T07,W05,1
T07,W07,1
T07,W08,1
T07,W11,1
T07,W17,1
T07,W20,1
T07,W25,1
T07,Y99,1
T14,X58,444
T14,W57,334
T14,W19,332
T14,W01,132
T14,W18,108
T14,W54,35
T14,W06,34
T14,V89,32
T14,W10,31
T14,W55,29
T14,Y99,24
T14,W22,21
T14,Y04,20
T14,V43,19
T14,W17,19
T14,Y92,19
T14,V49,19
T14,Y93,18
T14,W05,16
T14,X83,16
T14,X50,16
T14,Y83,13
T14,W07,13
T14,W00,12
T14,X78,10
T14,Y09,9
T14,W46,7
T14,W20,7
T14,V03,6
T14,Y90,6
T14,W64,6
T14,W26,6
T14,W11,6
T14,X58,5
T14,W19,5
T14,X83,5
T14,V29,5
T14,V86,5
T14,V28,4
T14,V47,4
T14,V09,4
T14,V19,4
T14,W34,4
T14,Y92,3
T14,V00,3
T14,V13,3
T14,V48,3
T14,V73,3
T14,V87,3
T14,W45,3
T14,Y83,2
T14,W18,2
T14,X80,2
T14,X79,2
T14,X71,2
T14,X08,2
T14,W50,2
T14,W23,2
T14,W13,2
T14,V18,2
T14,Y84,2
T14,Y33,2
T14,W01,1
T14,V89,1
T14,Y90,1
T14,X71,1
T14,V23,1
T14,V27,1
T14,V40,1
T14,V44,1
T14,V59,1
T14,V80,1
T14,V84,1
T14,V99,1
T14,W03,1
T14,W08,1
T14,W14,1
T14,W27,1
T14,W31,1
T14,W49,1
T14,W88,1
T14,X12,1
T14,X73,1
T14,X81,1
T14,X82,1
T14,X99,1
T14,Y08,1
T14,Y24,1
T14,Y28,1
T14,Y82,1
T15,X58,187
T15,Y92,23
T15,W22,18
T15,W20,16
T15,Y93,15
T15,W45,12
T15,W31,5
T15,Y99,4
T15,W25,2
T15,V43,1
T15,V59,1
T15,V89,1
T15,W10,1
T15,W29,1
T15,W34,1
T15,W49,1
T15,X08,1
T15,X39,1
T15,Y84,1
T16,X58,296
T16,Y92,20
T16,W45,17
T16,Y93,9
T16,W22,7
T16,Y33,2
T16,W99,2
T16,W57,1
T16,Y72,1
T16,Y82,1
T16,Y84,1
T17,X58,446
T17,X58,58
T17,Y92,37
T17,Y92,14
T17,Y93,9
T17,Y84,5
T17,Y93,4
T17,W19,4
T17,Y84,4
T17,Y99,4
T17,Y83,3
T17,Y95,3
T17,W19,3
T17,Y83,3
T17,W18,2
T17,W45,2
T17,Y90,1
T17,W23,1
T17,V89,1
T17,V99,1
T17,W01,1
T17,W06,1
T17,W22,1
T17,W56,1
T17,W57,1
T17,X83,1
T17,X58,1
T18,X58,792
T18,X58,84
T18,Y92,64
T18,Y93,17
T18,Y92,14
T18,Y99,13
T18,W45,12
T18,X83,11
T18,X83,8
T18,Y83,7
T18,Y93,6
T18,W45,4
T18,Y83,4
T18,Y84,4
T18,X78,3
T18,X78,3
T18,Y33,3
T18,X79,2
T18,Y99,2
T18,W22,2
T18,W22,1
T18,W18,1
T18,Y28,1
T18,Y95,1
T18,X76,1
T18,Y33,1
T18,W11,1
T18,W01,1
T18,W06,1
T18,W18,1
T18,W19,1
T18,W54,1
T18,X79,1
T18,Y28,1
T18,Y73,1
T19,X58,25
T19,W45,4
T19,Y83,3
T19,Y92,1
T19,X58,1
T19,W23,1
T19,Y76,1
T19,Y92,1
T19,Y93,1
T20,X08,94
T20,X10,21
T20,W40,17
T20,X04,17
T20,X08,15
T20,X03,10
T20,W40,8
T20,X58,7
T20,X19,6
T20,X12,6
T20,X02,6
T20,X00,6
T20,X01,5
T20,X13,5
T20,X16,4
T20,Y84,4
T20,Y93,3
T20,X00,3
T20,X10,3
T20,X11,3
T20,X03,2
T20,X06,2
T20,X01,2
T20,Y92,2
T20,W88,2
T20,W36,2
T20,V49,2
T20,Y90,1
T20,W36,1
T20,X12,1
T20,V47,1
T20,W38,1
T20,X04,1
T20,Y65,1
T20,X16,1
T20,Y92,1
T20,X19,1
T20,V48,1
T20,W01,1
T20,W06,1
T20,W19,1
T20,W86,1
T20,X14,1
T20,X15,1
T20,X17,1
T20,X32,1
T20,X76,1
T20,X97,1
T20,Y63,1
T20,Y93,1
T21,X08,74
T21,X10,69
T21,X12,36
T21,X19,35
T21,X16,25
T21,X58,22
T21,X11,12
T21,X06,10
T21,Y84,8
T21,X02,8
T21,X08,7
T21,X15,6
T21,X06,6
T21,X16,5
T21,W40,5
T21,W40,5
T21,Y92,5
T21,Y93,5
T21,X00,4
T21,X10,4
T21,X12,4
T21,X03,4
T21,X19,3
T21,W01,3
T21,W18,3
T21,W93,3
T21,X04,3
T21,X13,3
T21,X11,2
T21,X02,2
T21,Y84,2
T21,W29,2
T21,W90,2
T21,W86,2
T21,V29,1
T21,X03,1
T21,Y92,1
T21,W86,1
T21,Y90,1
T21,X15,1
T21,V89,1
T21,X76,1
T21,W10,1
T21,W39,1
T21,W55,1
T21,X00,1
T21,X17,1
T21,Y27,1
T21,Y65,1
T21,Y78,1
T21,Y83,1
T22,X08,56
T22,X10,43
T22,X19,31
T22,X12,28
T22,X16,15
T22,X15,14
T22,X08,13
T22,X58,12
T22,X11,9
T22,X13,8
T22,Y93,8
T22,X17,6
T22,X03,6
T22,X02,6
T22,X01,6
T22,X12,5
T22,X10,5
T22,X00,5
T22,X02,4
T22,W40,4
T22,X16,3
T22,X06,3
T22,W01,3
T22,W19,3
T22,Y92,3
T22,W40,2
T22,X19,2
T22,X00,2
T22,Y27,2
T22,X97,2
T22,X18,2
T22,W88,2
T22,V29,2
T22,W38,1
T22,V93,1
T22,Y95,1
T22,Y90,1
T22,W85,1
T22,X04,1
T22,W01,1
T22,W16,1
T22,X01,1
T22,X58,1
T22,X03,1
T22,X30,1
T22,W17,1
T22,V47,1
T22,W18,1
T22,W29,1
T22,W30,1
T22,W36,1
T22,W39,1
T22,W86,1
T22,X04,1
T22,X06,1
T22,X14,1
T22,X30,1
T22,Y08,1
T22,Y84,1
T23,X10,119
T23,X08,86
T23,X15,69
T23,X19,68
T23,X12,56
T23,X11,21
T23,X58,18
T23,X13,15
T23,W86,13
T23,X16,11
T23,X17,11
T23,X03,8
T23,Y93,8
T23,X04,7
T23,X02,6
T23,W40,6
T23,X08,5
T23,Y92,5
T23,Y27,4
T23,X10,3
T23,X00,3
T23,X01,3
T23,X06,3
T23,X18,3
T23,X16,2
T23,W40,2
T23,W93,2
T23,W39,2
T23,W29,2
T23,W23,2
T23,W01,2
T23,V93,2
T23,V48,2
T23,Y92,1
T23,X02,1
T23,X06,1
T23,W01,1
T23,X01,1
T23,Y84,1
T23,Y93,1
T23,X15,1
T23,V28,1
T23,V43,1
T23,V49,1
T23,W19,1
T23,W28,1
T23,W31,1
T23,W36,1
T23,W57,1
T23,X14,1
T23,X30,1
T23,X31,1
T23,X98,1
T23,Y99,1
T24,X08,125
T24,X10,95
T24,X12,46
T24,X19,40
T24,X16,36
T24,X58,35
T24,X17,14
T24,X06,13
T24,X11,12
T24,X08,11
T24,W29,11
T24,X03,11
T24,X15,9
T24,X16,8
T24,X12,7
T24,X10,7
T24,X01,7
T24,X06,6
T24,Y93,6
T24,W01,5
T24,X04,5
T24,W40,4
T24,X13,4
T24,X01,3
T24,W19,3
T24,Y27,3
T24,Y84,3
T24,Y92,3
T24,Y92,2
T24,W18,2
T24,X11,2
T24,Y93,2
T24,Y99,2
T24,Y83,2
T24,Y63,2
T24,W31,2
T24,X02,1
T24,X03,1
T24,X19,1
T24,X97,1
T24,W39,1
T24,X76,1
T24,X17,1
T24,V29,1
T24,X04,1
T24,W19,1
T24,X05,1
T24,W39,1
T24,W54,1
T24,W92,1
T24,X02,1
T24,X18,1
T24,X76,1
T24,X97,1
T24,Y65,1
T24,X03,1
T24,X06,1
T24,W19,1
T25,X12,62
T25,X08,57
T25,X10,57
T25,X19,48
T25,X11,42
T25,X58,27
T25,X16,23
T25,Y92,16
T25,X12,12
T25,X11,11
T25,W86,7
T25,X03,6
T25,X15,6
T25,X17,5
T25,X19,4
T25,X10,4
T25,Y93,3
T25,X16,2
T25,X30,2
T25,X13,2
T25,X05,2
T25,X00,2
T25,W01,2
T25,V28,2
T25,X10,2
T25,X05,1
T25,X17,1
T25,W29,1
T25,X06,1
T25,X76,1
T25,X13,1
T25,Y90,1
T25,Y99,1
T25,X03,1
T25,X08,1
T25,V86,1
T25,W10,1
T25,W19,1
T25,W20,1
T25,W22,1
T25,W29,1
T25,X01,1
T25,X06,1
T25,X14,1
T25,X18,1
T25,X32,1
T25,Y27,1
T25,Y83,1
T25,Y84,1
T25,Y99,1
T26,X08,4
T26,X58,3
T26,Y92,3
T26,X10,2
T26,X16,1
T26,W06,1
T26,X12,1
T26,X15,1
T26,X16,1
T26,X19,1
T27,X08,3
T27,X08,1
T27,W36,1
T27,X00,1
T28,X12,3
T28,X10,2
T28,Y84,1
T30,X08,4
T30,X58,4
T30,X19,2
T30,X12,2
T30,Y84,1
T30,W88,1
T30,X11,1
T30,Y92,1
T31,X08,4
T31,X58,4
T31,X19,3
T31,Y27,2
T31,X04,2
T31,X02,1
T31,Y33,1
T31,W35,1
T31,W40,1
T31,W89,1
T31,X03,1
T31,X10,1
T31,X12,1
T31,X16,1
T31,Y92,1
T33,X31,51
T33,X31,4
T33,X58,2
T33,W00,1
T33,W93,1
T34,X31,4
T34,X31,2
T34,Y92,2
T34,W00,1
T34,W01,1
T34,X58,1
T36,Y92,21
T36,X58,7
T36,Y92,3
T36,Y79,1
T37,Y92,11
T37,Y92,7
T37,X58,2
T38,Y92,81
T38,Y92,36
T38,X58,12
T38,W19,4
T38,X58,3
T38,W18,3
T38,Y83,3
T38,Y93,2
T38,W19,2
T38,W06,1
T38,X78,1
T38,Y83,1
T38,V89,1
T38,Y82,1
T38,W18,1
T38,Y90,1
T38,Y99,1
T39,Y92,59
T39,Y92,34
T39,X58,12
T39,Y90,5
T39,Y83,3
T39,W19,3
T39,Y33,2
T39,X58,2
T39,Y90,2
T39,X83,2
T39,X78,1
T39,Y95,1
T39,Y84,1
T39,V09,1
T39,W18,1
T39,W01,1
T39,W45,1
T39,X83,1
T39,Y93,1
T39,W10,1
T39,Y33,1
T39,Y83,1
T39,Y93,1
T39,Y99,1
T40,Y92,303
T40,Y92,285
T40,X58,64
T40,W19,27
T40,Y90,20
T40,W18,19
T40,Y90,15
T40,X58,13
T40,Y83,10
T40,W19,8
T40,W01,5
T40,Y95,5
T40,W18,5
T40,Y93,4
T40,V89,3
T40,Y84,3
T40,V89,3
T40,Y33,3
T40,Y93,2
T40,X31,2
T40,Y99,2
T40,W06,2
T40,X78,2
T40,W06,2
T40,V49,2
T40,X50,1
T40,W17,1
T40,W05,1
T40,W10,1
T40,Y33,1
T40,W23,1
T40,W07,1
T40,X83,1
T40,W22,1
T40,Y73,1
T40,V87,1
T40,W07,1
T40,W22,1
T40,W54,1
T40,X30,1
T40,X50,1
T40,X83,1
T40,Y04,1
T40,Y83,1
T40,Y84,1
T40,Y99,1
T41,Y83,1
T41,X58,1
T41,Y92,1
T42,Y92,246
T42,Y92,176
T42,Y90,29
T42,X58,19
T42,W19,16
T42,W18,15
T42,X58,13
T42,W19,9
T42,Y90,9
T42,W18,8
T42,Y83,5
T42,W01,5
T42,Y93,5
T42,Y93,3
T42,W06,3
T42,X78,3
T42,X83,3
T42,Y84,2
T42,X83,2
T42,X78,2
T42,W07,2
T42,W01,2
T42,V47,2
T42,W05,1
T42,V89,1
T42,W22,1
T42,X31,1
T42,Y35,1
T42,W10,1
T42,Y73,1
T42,Y33,1
T42,Y99,1
T42,V03,1
T42,V48,1
T42,V49,1
T42,W06,1
T42,W07,1
T42,W08,1
T42,W22,1
T42,W45,1
T42,X31,1
T42,Y82,1
T42,Y99,1
T43,Y92,117
T43,Y92,92
T43,X58,26
T43,Y90,19
T43,X58,8
T43,W19,6
T43,W19,5
T43,X83,4
T43,Y90,4
T43,Y84,3
T43,X31,3
T43,W01,3
T43,W10,2
T43,X83,2
T43,W18,2
T43,Y93,2
T43,W18,2
T43,Y79,1
T43,Y83,1
T43,W05,1
T43,W45,1
T43,W06,1
T43,X50,1
T43,Y95,1
T43,X99,1
T43,W11,1
T43,X78,1
T43,Y07,1
T43,V47,1
T43,W10,1
T43,W45,1
T43,W54,1
T43,X31,1
T43,X78,1
T43,Y33,1
T43,Y35,1
T43,Y84,1
T44,Y92,28
T44,Y92,22
T44,X58,5
T44,Y90,4
T44,W19,3
T44,X58,3
T44,W18,1
T44,X78,1
T44,X83,1
T44,Y63,1
T44,Y90,1
T45,Y92,49
T45,Y92,27
T45,X58,24
T45,X58,4
T45,W18,3
T45,Y84,3
T45,Y90,2
T45,W19,2
T45,W19,2
T45,Y33,1
T45,W11,1
T45,Y93,1
T45,W01,1
T45,Y84,1
T45,Y82,1
T45,Y83,1
T45,W07,1
T45,W10,1
T45,W13,1
T45,Y33,1
T45,Y82,1
T45,Y83,1
T45,Y90,1
T45,Y99,1
T46,Y92,46
T46,Y92,46
T46,X58,15
T46,Y90,5
T46,W18,3
T46,W19,3
T46,W18,3
T46,Y84,2
T46,Y83,2
T46,Y93,2
T46,W10,1
T46,Y07,1
T46,Y95,1
T46,X31,1
T46,X58,1
T46,X78,1
T46,W13,1
T46,Y84,1
T46,Y90,1
T47,Y92,7
T47,Y92,4
T47,X58,1
T48,Y92,12
T48,Y92,10
T48,Y90,4
T48,X58,3
T48,Y90,2
T48,W19,2
T48,X58,1
T48,V89,1
T48,W19,1
T48,W18,1
T49,Y92,10
T49,X58,3
T49,Y92,2
T49,X83,1
T49,Y90,1
T49,W19,1
T49,Y93,1
T50,Y92,168
T50,X58,70
T50,Y92,62
T50,Y90,10
T50,W19,9
T50,W19,8
T50,Y99,7
T50,Y90,7
T50,X58,5
T50,V89,3
T50,W18,3
T50,W18,2
T50,W06,2
T50,Y71,1
T50,Y95,1
T50,Y93,1
T50,X78,1
T50,V49,1
T50,Y83,1
T50,W01,1
T50,W06,1
T50,W20,1
T50,X78,1
T50,X83,1
T50,Y33,1
T50,Y82,1
T50,Y84,1
T50,Y93,1
T50,Y92,1
T51,Y90,17
T51,Y92,11
T51,Y92,9
T51,Y90,6
T51,X58,4
T51,W18,3
T51,Y09,2
T51,Y04,2
T51,W19,2
T51,X78,1
T51,W19,1
T51,W10,1
T51,W17,1
T51,W18,1
T51,X83,1
T51,X99,1
T51,Y84,1
T52,Y93,3
T52,Y92,2
T52,Y92,2
T52,W19,1
T52,X58,1
T52,W10,1
T52,W22,1
T52,Y99,1
T54,Y92,18
T54,X58,8
T54,Y93,6
T54,Y92,4
T54,Y99,2
T54,X58,1
T55,X58,3
T55,Y92,3
T55,Y92,1
T56,Y92,4
T56,Y92,3
T56,X58,3
T56,X58,2
T56,W19,1
T56,Y83,1
T58,Y92,28
T58,X58,7
T58,Y92,6
T58,W19,2
T58,Y90,2
T58,X08,2
T58,Y90,1
T58,V48,1
T58,X31,1
T58,Y26,1
T59,Y92,24
T59,Y92,11
T59,X00,8
T59,X58,4
T59,X00,3
T59,X08,2
T59,X08,2
T59,X02,1
T59,Y04,1
T59,Y95,1
T59,W10,1
T59,W19,1
T59,W25,1
T59,W40,1
T59,X02,1
T59,X32,1
T59,Y26,1
T59,Y93,1
T59,Y99,1
T60,Y92,5
T60,X58,2
T60,W99,1
T60,W17,1
T60,W55,1
T61,Y92,3
T61,Y92,1
T61,X58,1
T61,Y93,1
T62,Y92,21
T62,Y92,5
T62,X58,4
T62,W18,1
T62,Y93,1
T63,Y92,272
T63,X58,106
T63,W57,72
T63,Y93,17
T63,Y92,8
T63,X58,2
T63,Y93,2
T63,W19,2
T63,W01,2
T63,W18,1
T63,W46,1
T63,W64,1
T63,Y33,1
T63,Y90,1
T63,Y99,1
T65,Y92,36
T65,X58,15
T65,Y92,9
T65,Y93,7
T65,Y99,3
T65,X58,2
T65,W13,1
T65,Y90,1
T65,Y93,1
T65,X78,1
T65,X13,1
T65,Y33,1
T65,Y84,1
T66,Y84,28
T66,W88,7
T66,Y84,5
T66,X58,4
T66,Y83,2
T66,Y63,1
T66,W88,1
T66,Y63,1
T67,X30,170
T67,X58,54
T67,X30,40
T67,X32,15
T67,Y93,12
T67,X58,11
T67,Y92,8
T67,W19,5
T67,W18,3
T67,W92,3
T67,X32,2
T67,X39,2
T67,W19,2
T67,W18,2
T67,W92,1
T67,V89,1
T67,Y92,1
T67,Y93,1
T67,Y90,1
T67,V18,1
T67,W07,1
T67,W10,1
T67,W22,1
T67,X08,1
T67,Y90,1
T67,Y99,1
T68,X31,50
T68,X31,34
T68,X58,22
T68,Y90,4
T68,Y90,4
T68,W19,3
T68,W01,2
T68,Y95,2
T68,Y92,2
T68,W19,2
T68,W01,2
T68,W16,1
T68,Y92,1
T68,V00,1
T68,W17,1
T68,X83,1
T68,Y84,1
T68,V48,1
T68,W06,1
T68,W18,1
T68,Y93,1
T68,W10,1
T68,W93,1
T68,Y73,1
T68,Y93,1
T69,X31,45
T69,X58,9
T69,Y99,2
T69,X31,1
T69,Y90,1
T69,Y92,1
T70,X58,15
T70,W94,10
T70,W94,6
T70,X58,2
T70,V49,1
T70,W50,1
T70,Y93,1
T71,Y04,5
T71,X83,3
T71,X83,2
T71,W17,1
T71,Y92,1
T71,W03,1
T71,W06,1
T71,X58,1
T71,X92,1
T71,Y09,1
T71,Y92,1
T73,X58,32
T73,X58,4
T73,Y92,3
T73,X83,1
T73,X30,1
T73,X31,1
T73,X32,1
T73,X50,1
T73,Y93,1
T74,Y07,27
T74,Y04,26
T74,X58,12
T74,Y07,5
T74,Y08,3
T74,Y09,3
T74,Y92,3
T74,Y08,2
T74,X99,2
T74,X08,1
T74,Y04,1
T74,W05,1
T74,W06,1
T74,W18,1
T74,Y90,1
T74,W18,1
T74,W50,1
T74,Y00,1
T74,Y99,1
T75,W86,16
T75,X58,11
T75,Y35,3
T75,Y92,2
T75,W16,2
T75,X58,1
T75,V94,1
T75,W18,1
T75,W74,1
T75,W19,1
T75,W46,1
T75,W53,1
T75,W67,1
T75,W69,1
T75,W74,1
T75,Y08,1
T75,Y93,1
T76,Y04,12
T76,X58,10
T76,Y92,8
T76,W18,2
T76,Y07,2
T76,Y07,1
T76,W08,1
T76,W05,1
T76,Y92,1
T76,W19,1
T76,X58,1
T76,W06,1
T76,Y09,1
T76,Y90,1
T76,Y93,1
T78,X58,1078
T78,Y92,129
T78,Y92,60
T78,X58,40
T78,W57,38
T78,Y99,18
T78,Y93,18
T78,Y84,11
T78,Y84,11
T78,W19,6
T78,W57,4
T78,Y83,3
T78,Y33,3
T78,Y83,3
T78,Y93,2
T78,W18,2
T78,W54,2
T78,Y73,1
T78,X31,1
T78,Y90,1
T78,Y33,1
T78,W19,1
T78,V89,1
T78,W55,1
T78,V49,1
T78,W01,1
T78,W10,1
T78,X50,1
T78,Y63,1
T78,Y65,1
T78,Y90,1
T79,W19,157
T79,W18,127
T79,W01,69
T79,X58,55
T79,W06,24
T79,W19,24
T79,X58,20
T79,W18,18
T79,Y92,15
T79,W01,10
T79,W05,8
T79,W07,8
T79,W10,7
T79,W22,6
T79,Y92,6
T79,W17,5
T79,W22,5
T79,Y93,5
T79,W05,5
T79,W07,4
T79,W18,4
T79,W08,3
T79,W20,3
T79,Y90,3
T79,Y83,3
T79,W19,3
T79,W00,2
T79,W11,2
T79,Y99,2
T79,W23,2
T79,X50,2
T79,W23,2
T79,V03,2
T79,W13,1
T79,W26,1
T79,X78,1
T79,V49,1
T79,V84,1
T79,Y08,1
T79,W29,1
T79,Y33,1
T79,V86,1
T79,W30,1
T79,V87,1
T79,X10,1
T79,Y04,1
T79,X80,1
T79,W45,1
T79,W50,1
T79,V29,1
T79,V89,1
T79,Y83,1
T79,V68,1
T79,V00,1
T79,V09,1
T79,V18,1
T79,V19,1
T79,V23,1
T79,V49,1
T79,V59,1
T79,V86,1
T79,V89,1
T79,V99,1
T79,W03,1
T79,W06,1
T79,W10,1
T79,W11,1
T79,W17,1
T79,W26,1
T79,W55,1
T79,X08,1
T79,X12,1
T79,X31,1
T79,X99,1
T79,Y08,1
T79,Y84,1
T79,Y99,1
T79,W19,1
T79,W06,1
T79,W22,1
T80,Y84,429
T80,Y83,181
T80,Y84,68
T80,Y82,44
T80,Y71,42
T80,Y83,31
T80,Y92,27
T80,X58,25
T80,Y95,16
T80,X58,11
T80,Y82,9
T80,W19,7
T80,Y92,6
T80,W18,4
T80,Y73,4
T80,Y99,4
T80,W01,3
T80,Y81,3
T80,W10,2
T80,Y71,2
T80,Y65,2
T80,Y65,1
T80,W05,1
T80,W57,1
T80,W07,1
T80,Y80,1
T80,V89,1
T80,Y69,1
T80,X50,1
T80,Y90,1
T80,Y93,1
T80,W23,1
T80,W06,1
T80,W57,1
T80,Y69,1
T80,Y73,1
T80,Y78,1
T80,Y80,1
T80,Y93,1
T80,Y95,1
T81,Y83,4242
T81,Y83,2005
T81,X58,685
T81,Y84,382
T81,Y84,164
T81,Y92,92
T81,X58,64
T81,Y92,63
T81,W19,55
T81,W19,54
T81,Y99,38
T81,Y82,37
T81,W01,33
T81,Y79,29
T81,W22,28
T81,W18,20
T81,Y95,19
T81,Y71,18
T81,Y83,18
T81,W18,16
T81,Y82,15
T81,Y79,15
T81,Y93,15
T81,W01,14
T81,W88,14
T81,W54,13
T81,Y65,11
T81,Y71,10
T81,W06,9
T81,Y73,8
T81,Y33,8
T81,Y65,7
T81,V89,7
T81,V49,6
T81,W26,5
T81,W34,5
T81,W55,5
T81,Y69,5
T81,Y99,4
T81,Y90,4
T81,X08,4
T81,W11,3
T81,V49,3
T81,V03,3
T81,Y33,3
T81,W10,3
T81,W45,3
T81,Y73,3
T81,W54,2
T81,W10,2
T81,Y81,2
T81,Y93,2
T81,W22,2
T81,Y75,2
T81,X50,2
T81,Y81,2
T81,Y76,2
T81,Y75,2
T81,X12,2
T81,W90,2
T81,W57,2
T81,W29,2
T81,W27,2
T81,W20,2
T81,W17,2
T81,W11,2
T81,W06,2
T81,W00,2
T81,X58,2
T81,X83,1
T81,X16,1
T81,V29,1
T81,W05,1
T81,Y04,1
T81,V00,1
T81,Y77,1
T81,W30,1
T81,W45,1
T81,V19,1
T81,Y74,1
T81,Y62,1
T81,V19,1
T81,V89,1
T81,W05,1
T81,W07,1
T81,W23,1
T81,W31,1
T81,X10,1
T81,X16,1
T81,X32,1
T81,X50,1
T81,X78,1
T81,X97,1
T81,Y08,1
T81,Y29,1
T81,Y36,1
T81,Y62,1
T81,Y64,1
T81,Y72,1
T81,Y77,1
T81,Y78,1
T81,V47,1
T81,W14,1
T81,X99,1
T81,Y83,1
T81,Y84,1
T81,W19,1
T81,Y92,1
T82,Y83,6087
T82,Y83,2603
T82,Y84,1246
T82,Y71,607
T82,Y71,541
T82,X58,493
T82,Y84,466
T82,Y82,444
T82,Y82,162
T82,Y92,114
T82,Y92,83
T82,X58,34
T82,W19,32
T82,Y99,25
T82,Y65,22
T82,Y95,21
T82,Y81,20
T82,Y93,19
T82,Y73,18
T82,W18,17
T82,Y73,13
T82,Y69,10
T82,Y81,8
T82,W01,8
T82,Y99,7
T82,Y78,7
T82,W19,7
T82,Y65,5
T82,W22,5
T82,Y69,4
T82,W01,4
T82,Y33,3
T82,W10,3
T82,W18,3
T82,W23,3
T82,W08,2
T82,Y93,2
T82,W06,2
T82,W07,2
T82,Y90,2
T82,Y74,2
T82,Y63,2
T82,W06,2
T82,Y83,2
T82,Y84,2
T82,X06,1
T82,W54,1
T82,X83,1
T82,Y79,1
T82,Y63,1
T82,V49,1
T82,V89,1
T82,W22,1
T82,W23,1
T82,V48,1
T82,W16,1
T82,W20,1
T82,W34,1
T82,X50,1
T82,X83,1
T82,Y75,1
T82,Y90,1
T82,Y71,1
T82,Y92,1
T83,Y84,2288
T83,Y84,1166
T83,Y73,502
T83,Y73,416
T83,X58,409
T83,Y83,344
T83,Y83,330
T83,Y92,115
T83,Y92,98
T83,W19,67
T83,X58,67
T83,Y82,52
T83,Y95,41
T83,Y82,39
T83,Y65,19
T83,V89,18
T83,W18,17
T83,Y99,17
T83,Y93,17
T83,Y69,17
T83,W01,16
T83,Y76,16
T83,W19,15
T83,W06,11
T83,W06,9
T83,W05,8
T83,Y93,6
T83,W34,6
T83,Y76,5
T83,W18,5
T83,V49,4
T83,W16,4
T83,Y90,4
T83,Y65,4
T83,W01,4
T83,W05,4
T83,X95,3
T83,Y69,3
T83,Y99,3
T83,Y84,3
T83,V29,2
T83,W07,2
T83,W17,2
T83,W10,2
T83,X10,2
T83,Y74,2
T83,Y75,2
T83,V03,2
T83,Y73,2
T83,W11,1
T83,W31,1
T83,Y08,1
T83,V03,1
T83,Y33,1
T83,V43,1
T83,Y24,1
T83,Y75,1
T83,V19,1
T83,Y71,1
T83,Y80,1
T83,W22,1
T83,X50,1
T83,X11,1
T83,W14,1
T83,X31,1
T83,W00,1
T83,X93,1
T83,V99,1
T83,V18,1
T83,V47,1
T83,V48,1
T83,V89,1
T83,W20,1
T83,W22,1
T83,W34,1
T83,X50,1
T83,X83,1
T83,Y04,1
T83,Y74,1
T83,Y80,1
T83,Y95,1
T83,V89,1
T83,Y83,1
T84,Y83,2363
T84,Y83,1154
T84,Y79,1088
T84,X58,536
T84,Y79,525
T84,W19,120
T84,X50,117
T84,X58,108
T84,Y92,72
T84,W18,70
T84,W19,70
T84,W01,62
T84,Y84,57
T84,W18,55
T84,Y84,54
T84,W01,45
T84,Y92,34
T84,Y99,33
T84,Y83,25
T84,W06,23
T84,Y93,20
T84,Y82,20
T84,Y82,17
T84,W06,17
T84,X50,14
T84,Y93,9
T84,W05,8
T84,Y95,8
T84,Y65,7
T84,W10,6
T84,Y99,6
T84,W17,6
T84,Y79,6
T84,V89,4
T84,W07,4
T84,W00,4
T84,V89,4
T84,W10,4
T84,W17,4
T84,Y69,4
T84,Y90,3
T84,Y77,3
T84,W00,3
T84,Y83,3
T84,V29,2
T84,V84,2
T84,X31,2
T84,W22,2
T84,Y70,2
T84,Y81,2
T84,Y81,2
T84,Y65,2
T84,Y33,2
T84,W11,2
T84,W08,2
T84,W07,2
T84,W05,2
T84,W19,2
T84,X58,2
T84,W16,1
T84,V19,1
T84,W11,1
T84,W50,1
T84,V00,1
T84,W20,1
T84,Y78,1
T84,V49,1
T84,V03,1
T84,V48,1
T84,X93,1
T84,Y63,1
T84,W55,1
T84,Y73,1
T84,Y37,1
T84,X08,1
T84,W23,1
T84,Y69,1
T84,W08,1
T84,Y35,1
T84,Y75,1
T84,V80,1
T84,X15,1
T84,V09,1
T84,V19,1
T84,V58,1
T84,V80,1
T84,V98,1
T84,W04,1
T84,W22,1
T84,W50,1
T84,Y09,1
T84,Y71,1
T84,Y80,1
T84,Y95,1
T84,W01,1
T84,X58,1
T84,X58,1
T84,W01,1
T84,Y66,1
T84,Y71,1
T84,Y92,1
T85,Y83,903
T85,Y83,523
T85,Y84,190
T85,X58,189
T85,Y84,180
T85,Y82,94
T85,Y82,94
T85,Y73,86
T85,Y73,69
T85,Y75,69
T85,Y75,52
T85,Y81,46
T85,Y81,45
T85,Y77,40
T85,Y92,29
T85,Y92,27
T85,X58,13
T85,Y71,13
T85,W19,11
T85,Y79,10
T85,W19,9
T85,Y79,7
T85,Y74,6
T85,Y71,6
T85,Y69,5
T85,Y72,5
T85,Y93,5
T85,V89,4
T85,Y76,4
T85,Y99,4
T85,W18,3
T85,Y95,3
T85,Y93,2
T85,Y77,2
T85,V89,2
T85,Y78,2
T85,Y74,2
T85,W18,2
T85,W06,2
T85,W01,2
T85,W00,2
T85,Y83,2
T85,W06,1
T85,Y90,1
T85,Y70,1
T85,W20,1
T85,Y80,1
T85,W12,1
T85,Y72,1
T85,Y99,1
T85,W08,1
T85,W34,1
T85,Y07,1
T85,Y62,1
T85,V29,1
T85,V49,1
T85,W07,1
T85,W22,1
T85,W51,1
T85,Y04,1
T85,Y70,1
T85,Y80,1
T85,W01,1
T85,Y84,1
T85,W17,1
T85,Y84,1
T85,Y99,1
T86,Y83,1099
T86,Y83,1095
T86,X58,123
T86,Y84,54
T86,Y84,28
T86,Y92,25
T86,Y92,24
T86,Y82,10
T86,W19,9
T86,Y99,8
T86,X58,6
T86,Y95,5
T86,Y73,5
T86,Y77,3
T86,Y82,2
T86,Y93,2
T86,W01,2
T86,Y65,2
T86,Y69,2
T86,W88,2
T86,Y83,2
T86,W20,1
T86,W22,1
T86,W18,1
T86,Y77,1
T86,Y65,1
T86,V49,1
T86,Y79,1
T86,W25,1
T86,W01,1
T86,W19,1
T86,W22,1
T86,Y64,1
T86,Y71,1
T86,Y90,1
T86,Y93,1
T86,Y83,1
T86,X58,1
T87,Y83,627
T87,Y83,561
T87,X58,60
T87,Y84,19
T87,W19,11
T87,Y92,10
T87,W18,8
T87,Y92,8
T87,X58,7
T87,Y95,6
T87,W19,6
T87,Y84,5
T87,Y79,5
T87,W06,4
T87,Y83,4
T87,W01,3
T87,Y65,3
T87,Y82,3
T87,W01,3
T87,W05,3
T87,W22,3
T87,Y69,2
T87,W05,2
T87,Y99,2
T87,Y33,1
T87,W34,1
T87,Y79,1
T87,V89,1
T87,W51,1
T87,Y99,1
T87,W18,1
T87,W57,1
T87,Y93,1
T87,Y90,1
T87,V48,1
T87,V09,1
T87,V48,1
T87,V89,1
T87,V92,1
T87,W20,1
T87,W57,1
T87,X31,1
T87,X50,1
T87,Y65,1
T87,Y73,1
T87,Y74,1
T87,Y93,1
T87,Y79,1
T88,X58,53
T88,Y92,32
T88,Y83,24
T88,Y84,23
T88,Y92,21
T88,Y84,19
T88,Y83,14
T88,Y82,4
T88,W18,3
T88,W19,3
T88,Y99,3
T88,X58,2
T88,Y33,2
T88,Y93,2
T88,Y09,1
T88,Y95,1
T88,W18,1
T88,X31,1
T88,W19,1
T88,W45,1
T88,Y69,1
T88,Y84,1
U07,W19,188
U07,Y92,162
U07,Y95,117
U07,Y83,86
U07,Y84,81
U07,W18,81
U07,X58,80
U07,W19,63
U07,W01,37
U07,W06,35
U07,W18,24
U07,X58,20
U07,W01,14
U07,W06,9
U07,Y92,8
U07,Y90,7
U07,Y83,7
U07,Y93,6
U07,W07,6
U07,W19,6
U07,Y33,5
U07,Y82,5
U07,W07,5
U07,Y84,5
U07,Y95,5
U07,W05,4
U07,Y71,4
U07,Y73,3
U07,W22,3
U07,V89,3
U07,Y99,3
U07,W01,3
U07,Y65,2
U07,X50,2
U07,X50,2
U07,Y73,2
U07,Y90,2
U07,W00,1
U07,V29,1
U07,W11,1
U07,V43,1
U07,X16,1
U07,Y69,1
U07,W50,1
U07,X11,1
U07,W57,1
U07,W13,1
U07,Y74,1
U07,V09,1
U07,V49,1
U07,Y04,1
U07,W08,1
U07,W10,1
U07,X31,1
U07,W17,1
U07,V29,1
U07,V49,1
U07,V86,1
U07,W05,1
U07,W10,1
U07,W11,1
U07,W26,1
U07,W55,1
U07,X08,1
U07,X32,1
U07,Y00,1
U07,W19,1
U07,W19,1
U07,W07,1
U07,X58,1
U07,Y83,1
U07,Y84,1
U07,Y92,1
U07,Y95,1
Z00,X58,103
Z00,W19,90
Z00,W57,43
Z00,X32,12
Z00,W18,12
Z00,Y92,10
Z00,Y93,9
Z00,W01,8
Z00,Y90,7
Z00,V89,7
Z00,V70,5
Z00,Y33,5
Z00,Y99,5
Z00,W10,4
Z00,W06,4
Z00,W05,4
Z00,V49,3
Z00,W00,3
Z00,W07,3
Z00,W54,3
Z00,W55,3
Z00,X31,3
Z00,Y04,3
Z00,Y74,3
Z00,W22,2
Z00,W26,2
Z00,W64,2
Z00,X50,2
Z00,Y83,2
Z00,V01,1
Z00,V18,1
Z00,V19,1
Z00,V42,1
Z00,V43,1
Z00,V53,1
Z00,V86,1
Z00,W08,1
Z00,W34,1
Z00,W45,1
Z00,W53,1
Z00,X78,1
Z00,Y75,1
Z01,X58,756
Z01,Y83,137
Z01,W19,70
Z01,Y79,33
Z01,Y92,20
Z01,W01,19
Z01,Y99,17
Z01,Y84,17
Z01,Y93,15
Z01,W57,11
Z01,W18,11
Z01,Y71,8
Z01,Y82,7
Z01,W00,6
Z01,W10,5
Z01,X50,5
Z01,Y33,5
Z01,W54,4
Z01,W11,4
Z01,V89,4
Z01,W17,3
Z01,W22,2
Z01,W31,2
Z01,W45,2
Z01,W50,2
Z01,W89,2
Z01,Y69,2
Z01,Y75,2
Z01,V00,1
Z01,V18,1
Z01,V49,1
Z01,V70,1
Z01,V72,1
Z01,V86,1
Z01,W06,1
Z01,W13,1
Z01,W20,1
Z01,W25,1
Z01,W26,1
Z01,W34,1
Z01,W46,1
Z01,W55,1
Z01,X08,1
Z01,X30,1
Z01,X39,1
Z01,X95,1
Z01,Y04,1
Z01,Y24,1
Z01,Y62,1
Z01,Y73,1
Z02,W19,8
Z02,X58,8
Z02,Y04,4
Z02,V49,4
Z02,Y90,3
Z02,V43,2
Z02,W01,2
Z02,W57,2
Z02,X50,2
Z02,X83,2
Z02,W18,1
Z02,W59,1
Z02,X78,1
Z02,X99,1
Z02,Y35,1
Z02,Y92,1
Z03,W19,21
Z03,X58,11
Z03,W18,9
Z03,W06,9
Z03,W01,9
Z03,X78,4
Z03,W57,4
Z03,W07,4
Z03,Y83,3
Z03,Y90,3
Z03,W19,2
Z03,V43,2
Z03,W01,1
Z03,Y90,1
Z03,W05,1
Z03,W25,1
Z03,W31,1
Z03,W45,1
Z03,X01,1
Z03,X31,1
Z03,Y84,1
Z03,Y92,1
Z03,Y99,1
Z04,W19,407
Z04,W18,211
Z04,W01,192
Z04,W06,117
Z04,W05,68
Z04,V49,55
Z04,V43,48
Z04,W07,29
Z04,W10,25
Z04,V89,24
Z04,Y90,19
Z04,Y92,17
Z04,X58,16
Z04,Y04,13
Z04,W17,13
Z04,V47,11
Z04,V53,9
Z04,V48,8
Z04,W00,8
Z04,V59,8
Z04,Y93,7
Z04,Y09,6
Z04,V03,5
Z04,V87,5
Z04,V00,4
Z04,W08,3
Z04,W22,3
Z04,W01,2
Z04,W18,2
Z04,V40,2
Z04,V44,2
Z04,V73,2
Z04,W03,2
Z04,W30,2
Z04,Y08,2
Z04,W10,1
Z04,W05,1
Z04,Y90,1
Z04,V18,1
Z04,V42,1
Z04,V54,1
Z04,V57,1
Z04,V79,1
Z04,V81,1
Z04,W11,1
Z04,W20,1
Z04,W26,1
Z04,W50,1
Z04,W55,1
Z04,W57,1
Z04,X32,1
Z04,X78,1
Z04,Y35,1
Z04,Y83,1
Z04,Y84,1
Z04,Y99,1
Z08,Y84,41
Z08,Y83,25
Z08,X58,20
Z08,W19,12
Z08,Y92,6
Z08,Y71,4
Z08,W88,4
Z08,W90,2
Z08,Y82,2
Z08,V49,1
Z08,V89,1
Z08,W00,1
Z08,W01,1
Z08,W11,1
Z08,W18,1
Z08,W54,1
Z08,W57,1
Z08,W86,1
Z08,X32,1
Z09,X58,105
Z09,W19,65
Z09,Y83,13
Z09,W01,9
Z09,Y92,6
Z09,W18,5
Z09,W22,5
Z09,W57,5
Z09,Y84,5
Z09,W55,4
Z09,W10,4
Z09,V89,4
Z09,W17,3
Z09,Y99,3
Z09,V29,2
Z09,V49,2
Z09,V87,2
Z09,W00,2
Z09,W34,2
Z09,W54,2
Z09,X08,2
Z09,X19,2
Z09,X50,2
Z09,W05,1
Z09,W07,1
Z09,W11,1
Z09,W23,1
Z09,W31,1
Z09,W90,1
Z09,X00,1
Z09,X17,1
Z09,X95,1
Z09,Y33,1
Z09,Y63,1
Z09,Y79,1
Z09,Y90,1
Z09,Y93,1
Z11,W57,19
Z11,X58,15
Z11,W19,10
Z11,W46,7
Z11,W18,2
Z11,Y83,2
Z11,Y84,2
Z11,Y93,2
Z11,V70,1
Z11,V87,1
Z11,W05,1
Z11,W10,1
Z11,W54,1
Z11,W55,1
Z11,W64,1
Z11,X78,1
Z11,Y80,1
Z11,Y92,1
Z11,Y99,1
Z12,X58,84
Z12,W19,32
Z12,Y83,24
Z12,Y84,19
Z12,X32,17
Z12,W57,15
Z12,Y92,5
Z12,W88,4
Z12,W01,3
Z12,Y33,3
Z12,W10,2
Z12,X50,2
Z12,W06,1
Z12,W13,1
Z12,W64,1
Z12,X16,1
Z12,Y65,1
Z12,Y66,1
Z12,Y90,1
Z12,Y93,1
Z13,X58,54
Z13,W19,22
Z13,W57,13
Z13,W18,3
Z13,W01,2
Z13,Y92,2
Z13,V29,1
Z13,V43,1
Z13,V89,1
Z13,W00,1
Z13,W05,1
Z13,W06,1
Z13,W10,1
Z13,W46,1
Z13,X08,1
Z13,Y90,1
Z15,X58,1
Z16,W19,1
Z18,W19,1
Z18,W34,1
Z18,W45,1
Z18,W57,1
Z18,X95,1
Z18,Y62,1
Z20,W55,32
Z20,W54,11
Z20,X58,11
Z20,W57,10
Z20,W01,5
Z20,Y92,5
Z20,W64,4
Z20,W19,4
Z20,W06,2
Z20,W46,2
Z20,Y83,2
Z20,Y84,2
Z20,V49,1
Z20,W07,1
Z20,W18,1
Z20,W20,1
Z20,W45,1
Z20,W53,1
Z20,Y04,1
Z20,Y33,1
Z20,Y64,1
Z20,Y65,1
Z20,Y93,1
Z20,Y99,1
Z21,X58,2
Z21,V87,1
Z21,W01,1
Z21,W07,1
Z21,W19,1
Z21,W57,1
Z23,W19,393
Z23,W18,346
Z23,Y83,305
Z23,W01,275
Z23,Y92,237
Z23,Y95,150
Z23,X58,146
Z23,Y84,142
Z23,Y90,64
Z23,W06,60
Z23,W55,50
Z23,W10,48
Z23,W54,28
Z23,Y79,27
Z23,Y73,21
Z23,W22,20
Z23,W05,20
Z23,V89,20
Z23,Y71,14
Z23,Y99,13
Z23,W17,13
Z23,W11,12
Z23,W07,12
Z23,Y93,11
Z23,W45,10
Z23,W57,10
Z23,X50,9
Z23,X78,9
Z23,W00,7
Z23,X08,7
Z23,V43,6
Z23,V49,6
Z23,W26,6
Z23,X31,6
Z23,V29,5
Z23,V47,5
Z23,Y82,5
Z23,V03,4
Z23,V19,3
Z23,V28,3
Z23,V86,3
Z23,W08,3
Z23,W20,3
Z23,W34,3
Z23,W53,3
Z23,W64,3
Z23,X11,3
Z23,Y33,3
Z23,Y69,3
Z23,V00,2
Z23,V48,2
Z23,V87,2
Z23,W13,2
Z23,W16,2
Z23,W29,2
Z23,X00,2
Z23,X03,2
Z23,X10,2
Z23,X30,2
Z23,X83,2
Z23,X95,2
Z23,Y04,2
Z23,Y09,2
Z23,Y65,2
Z23,V09,1
Z23,V11,1
Z23,V18,1
Z23,V23,1
Z23,V38,1
Z23,V40,1
Z23,V58,1
Z23,V70,1
Z23,V80,1
Z23,V84,1
Z23,V99,1
Z23,W15,1
Z23,W21,1
Z23,W23,1
Z23,W24,1
Z23,W25,1
Z23,W27,1
Z23,W28,1
Z23,W31,1
Z23,W46,1
Z23,W50,1
Z23,W52,1
Z23,W88,1
Z23,X17,1
Z23,X74,1
Z23,Y00,1
Z23,Y36,1
Z23,Y62,1
Z23,Y63,1
Z23,Y75,1
Z23,Y78,1
Z28,W55,1
Z29,W55,17
Z29,W54,5
Z29,W53,1
Z29,Y92,1
Z30,X58,2
Z33,W03,1
Z34,W19,2
Z34,V89,1
Z34,W17,1
Z34,X58,1
Z3A,W19,1
Z40,Y83,3
Z41,Y83,5
Z41,Y83,1
Z41,W19,1
Z41,X58,1
Z41,Y82,1
Z41,Y84,1
Z42,Y84,3
Z42,Y83,2
Z42,Y83,2
Z42,W34,1
Z42,Y95,1
Z42,X58,1
Z42,Y84,1
Z43,Y83,61
Z43,Y83,25
Z43,X58,23
Z43,Y84,10
Z43,Y92,9
Z43,V89,7
Z43,X58,5
Z43,Y99,4
Z43,W19,4
Z43,Y95,3
Z43,Y84,3
Z43,W01,3
Z43,Y73,3
Z43,X58,2
Z43,W19,1
Z43,X50,1
Z43,Y73,1
Z43,Y65,1
Z43,Y99,1
Z43,V49,1
Z43,W23,1
Z43,W34,1
Z43,X83,1
Z43,X95,1
Z43,Y33,1
Z43,Y82,1
Z43,Y92,1
Z43,V29,1
Z43,V49,1
Z43,W88,1
Z43,Y83,1
Z43,Y84,1
Z44,X58,1
Z44,Y83,1
Z44,W19,1
Z44,X58,1
Z45,Y83,79
Z45,X58,62
Z45,Y84,15
Z45,W19,11
Z45,Y71,9
Z45,Y82,7
Z45,W18,6
Z45,Y92,4
Z45,Y83,3
Z45,V89,3
Z45,Y92,2
Z45,W93,2
Z45,X95,2
Z45,Y75,2
Z45,Y99,2
Z45,Y93,1
Z45,Y84,1
Z45,V09,1
Z45,V29,1
Z45,V43,1
Z45,V49,1
Z45,W01,1
Z45,W08,1
Z45,W45,1
Z45,W54,1
Z45,W55,1
Z45,Y73,1
Z46,X58,41
Z46,Y83,26
Z46,Y84,13
Z46,Y73,7
Z46,W19,5
Z46,W10,4
Z46,X95,3
Z46,Y93,3
Z46,V09,2
Z46,V49,2
Z46,V89,2
Z46,Y92,2
Z46,V80,1
Z46,W06,1
Z46,W20,1
Z46,W22,1
Z46,W30,1
Z46,W34,1
Z46,Y08,1
Z46,Y75,1
Z46,Y82,1
Z46,W01,1
Z46,Y84,1
Z47,X58,234
Z47,Y83,71
Z47,W19,63
Z47,W19,59
Z47,X58,39
Z47,W19,31
Z47,W18,27
Z47,Y83,27
Z47,W18,19
Z47,Y83,19
Z47,Y92,16
Z47,W01,16
Z47,W01,14
Z47,W01,12
Z47,W18,10
Z47,W10,9
Z47,Y93,8
Z47,W00,8
Z47,Y92,8
Z47,W10,7
Z47,Y84,7
Z47,X50,6
Z47,X58,6
Z47,Y95,6
Z47,Y79,5
Z47,Y99,5
Z47,W11,4
Z47,Y95,4
Z47,Y84,4
Z47,W11,4
Z47,V89,4
Z47,Y79,4
Z47,W00,3
Z47,V03,3
Z47,Y79,3
Z47,V49,2
Z47,W17,2
Z47,V09,2
Z47,W06,2
Z47,W07,2
Z47,W17,2
Z47,W20,2
Z47,W29,2
Z47,W45,2
Z47,W55,2
Z47,Y92,2
Z47,W07,2
Z47,X50,2
Z47,V47,1
Z47,V19,1
Z47,Y99,1
Z47,Y73,1
Z47,W06,1
Z47,W34,1
Z47,V43,1
Z47,V63,1
Z47,W20,1
Z47,X31,1
Z47,V89,1
Z47,W08,1
Z47,W05,1
Z47,Y65,1
Z47,W54,1
Z47,X50,1
Z47,V00,1
Z47,V29,1
Z47,W22,1
Z47,W31,1
Z47,W57,1
Z47,X31,1
Z47,Y09,1
Z47,Y33,1
Z47,W01,1
Z47,X50,1
Z47,Y84,1
Z47,V00,1
Z47,V49,1
Z47,V86,1
Z47,V89,1
Z47,W00,1
Z47,W08,1
Z47,W10,1
Z47,W17,1
Z47,W54,1
Z47,W57,1
Z48,X58,268
Z48,Y83,190
Z48,Y83,47
Z48,W19,45
Z48,W19,25
Z48,Y92,24
Z48,Y92,19
Z48,Y84,19
Z48,W01,17
Z48,X58,16
Z48,W18,14
Z48,X08,13
Z48,W55,12
Z48,W18,10
Z48,W54,8
Z48,Y99,7
Z48,W45,7
Z48,W26,7
Z48,Y84,6
Z48,Y95,6
Z48,W22,6
Z48,Y83,6
Z48,V49,5
Z48,Y93,5
Z48,X58,5
Z48,Y84,5
Z48,Y79,4
Z48,W34,4
Z48,W20,4
Z48,W17,4
Z48,W19,4
Z48,Y92,4
Z48,W01,3
Z48,W06,3
Z48,V89,3
Z48,V89,3
Z48,W29,3
Z48,X16,3
Z48,Y69,3
Z48,Y71,3
Z48,X50,2
Z48,V49,2
Z48,V19,2
Z48,V18,2
Z48,W06,2
Z48,W11,2
Z48,W23,2
Z48,W30,2
Z48,W57,2
Z48,X74,2
Z48,X99,2
Z48,Y04,2
Z48,Y65,2
Z48,Y73,2
Z48,Y82,2
Z48,Y84,2
Z48,Y83,2
Z48,W19,2
Z48,Y37,1
Z48,W07,1
Z48,Y82,1
Z48,Y65,1
Z48,W17,1
Z48,Y71,1
Z48,W10,1
Z48,X10,1
Z48,W05,1
Z48,W45,1
Z48,V29,1
Z48,Y73,1
Z48,V19,1
Z48,V28,1
Z48,V47,1
Z48,V78,1
Z48,W00,1
Z48,W05,1
Z48,W10,1
Z48,W25,1
Z48,W36,1
Z48,W88,1
Z48,W89,1
Z48,X12,1
Z48,X13,1
Z48,X17,1
Z48,X31,1
Z48,X32,1
Z48,X95,1
Z48,Y81,1
Z48,V48,1
Z48,V86,1
Z48,W20,1
Z48,V19,1
Z48,V89,1
Z48,W18,1
Z48,Y36,1
Z49,Y83,10
Z49,Y71,4
Z49,Y84,3
Z49,Y82,2
Z49,X58,1
Z51,X58,501
Z51,Y84,308
Z51,Y92,191
Z51,W19,132
Z51,Y83,109
Z51,Y92,103
Z51,W19,55
Z51,W18,36
Z51,W19,35
Z51,Y82,26
Z51,W01,25
Z51,Y84,24
Z51,Y93,24
Z51,X58,23
Z51,Y83,17
Z51,W88,17
Z51,V89,16
Z51,W22,15
Z51,W10,15
Z51,W18,14
Z51,W57,11
Z51,W01,11
Z51,W01,10
Z51,Y99,10
Z51,Y95,9
Z51,Y33,9
Z51,X32,8
Z51,W18,8
Z51,W06,7
Z51,Y65,7
Z51,W54,7
Z51,W00,6
Z51,Y93,5
Z51,Y82,5
Z51,W17,5
Z51,W10,4
Z51,Y69,4
Z51,X50,4
Z51,W55,4
Z51,W05,4
Z51,V49,4
Z51,Y71,3
Z51,Y33,3
Z51,V89,3
Z51,V29,3
Z51,V47,3
Z51,W11,3
Z51,W20,3
Z51,W34,3
Z51,X58,3
Z51,Y92,3
Z51,W05,2
Z51,W07,2
Z51,Y73,2
Z51,Y90,2
Z51,V43,2
Z51,W06,2
Z51,W31,2
Z51,W89,2
Z51,X08,2
Z51,X19,2
Z51,Y71,2
Z51,V00,2
Z51,W07,2
Z51,W17,2
Z51,Y83,2
Z51,Y95,2
Z51,Y99,1
Z51,W57,1
Z51,Y79,1
Z51,V29,1
Z51,X74,1
Z51,W22,1
Z51,W16,1
Z51,V09,1
Z51,W03,1
Z51,W07,1
Z51,W23,1
Z51,W46,1
Z51,X12,1
Z51,X31,1
Z51,Y36,1
Z51,Y63,1
Z51,Y78,1
Z51,Y79,1
Z51,Y80,1
Z51,V49,1
Z51,W06,1
Z51,W10,1
Z51,W20,1
Z51,W88,1
Z51,Y82,1
Z51,Y84,1
Z53,W19,11
Z53,Y90,7
Z53,X58,6
Z53,W18,4
Z53,W55,2
Z53,Y33,2
Z53,V43,1
Z53,W05,1
Z53,W07,1
Z53,W10,1
Z53,W11,1
Z53,W27,1
Z53,W31,1
Z53,W54,1
Z53,X50,1
Z53,Y09,1
Z53,Y65,1
Z53,Y71,1
Z53,Y83,1
Z53,Y92,1
Z55,X58,1
Z59,X58,3
Z59,W19,2
Z59,Y90,2
Z59,W01,1
Z59,X31,1
Z60,W86,1
Z63,Y09,1
Z65,V87,1
Z65,W19,1
Z65,W22,1
Z66,W07,1
Z66,W18,1
Z66,W19,1
Z66,X58,1
Z67,X58,1
Z68,W57,3
Z68,W19,2
Z68,V89,1
Z68,W45,1
Z68,Y99,1
Z71,W19,20
Z71,X58,6
Z71,W06,4
Z71,W18,3
Z71,W57,3
Z71,Y92,3
Z71,W01,2
Z71,V00,1
Z71,V58,1
Z71,V89,1
Z71,W03,1
Z71,W05,1
Z71,W07,1
Z71,W08,1
Z71,W20,1
Z71,W22,1
Z71,Y04,1
Z71,Y65,1
Z72,W19,2
Z72,X58,2
Z72,V89,1
Z72,W26,1
Z72,W45,1
Z72,W46,1
Z72,Y99,1
Z74,W19,16
Z74,X58,5
Z74,W18,4
Z74,V89,3
Z74,Y93,3
Z74,Y83,2
Z74,V29,1
Z74,W00,1
Z74,W01,1
Z74,W06,1
Z74,W08,1
Z74,W11,1
Z74,W17,1
Z74,W34,1
Z74,W55,1
Z74,X31,1
Z74,Y92,1
Z75,X58,3
Z76,X58,20
Z76,W19,14
Z76,Y92,4
Z76,W01,4
Z76,W18,3
Z76,X50,2
Z76,X95,2
Z76,Y83,2
Z76,Y90,2
Z76,V89,2
Z76,X58,1
Z76,V49,1
Z76,V87,1
Z76,W05,1
Z76,W06,1
Z76,W09,1
Z76,W20,1
Z76,W22,1
Z76,W57,1
Z76,X03,1
Z76,X08,1
Z76,X31,1
Z76,X32,1
Z76,Y00,1
Z76,Y04,1
Z76,Y09,1
Z76,Y79,1
Z77,W46,8
Z77,X58,5
Z77,Y92,2
Z77,W26,1
Z77,W27,1
Z77,W50,1
Z77,X08,1
Z77,X31,1
Z77,Y08,1
Z77,Y64,1
Z78,W19,37
Z78,X58,8
Z78,W18,2
Z78,W26,2
Z78,W57,2
Z78,V49,1
Z78,W10,1
Z78,W20,1
Z78,W22,1
Z78,Y04,1
Z78,Y92,1
Z78,Y93,1
Z79,W19,35
Z79,X58,29
Z79,Y83,6
Z79,W01,4
Z79,W22,3
Z79,Y64,3
Z79,Y99,3
Z79,W06,2
Z79,W10,2
Z79,W18,2
Z79,W54,2
Z79,W57,2
Z79,Y65,2
Z79,Y83,1
Z79,V29,1
Z79,V42,1
Z79,V43,1
Z79,V49,1
Z79,W00,1
Z79,W07,1
Z79,W23,1
Z79,W26,1
Z79,W34,1
Z79,W46,1
Z79,W55,1
Z79,X50,1
Z79,Y00,1
Z79,Y62,1
Z79,Y82,1
Z79,Y84,1
Z79,W19,1
Z80,V16,1
Z80,W20,1
Z82,W19,1
Z82,W57,1
Z82,X58,1
Z83,W57,1
Z83,X58,1
Z85,X58,15
Z85,Y83,14
Z85,Y84,13
Z85,W19,7
Z85,W18,4
Z85,X32,3
Z85,W01,2
Z85,W57,2
Z85,W90,2
Z85,Y82,2
Z85,W06,1
Z85,W17,1
Z85,W31,1
Z85,W54,1
Z85,W89,1
Z85,Y33,1
Z85,Y81,1
Z85,Y92,1
Z85,Y93,1
Z86,W19,16
Z86,X58,10
Z86,V89,3
Z86,Y84,3
Z86,W57,2
Z86,V18,1
Z86,V49,1
Z86,W30,1
Z86,W54,1
Z86,W55,1
Z86,Y33,1
Z86,Y93,1
Z87,W19,15
Z87,W01,6
Z87,X58,6
Z87,W17,2
Z87,W34,2
Z87,X50,2
Z87,V80,1
Z87,V87,1
Z87,W05,1
Z87,W06,1
Z87,W10,1
Z87,W18,1
Z87,W21,1
Z87,W23,1
Z87,W57,1
Z87,X17,1
Z87,Y33,1
Z87,Y83,1
Z88,W19,2
Z88,W01,1
Z88,W18,1
Z88,W45,1
Z88,X58,1
Z88,Y79,1
Z88,Y92,1
Z89,X58,9
Z89,W19,3
Z89,V89,2
Z89,W01,2
Z89,V29,1
Z89,W23,1
Z89,W31,1
Z89,W54,1
Z89,Y81,1
Z89,Y83,1
Z89,Y84,1
Z89,Y99,1
Z90,X58,7
Z90,W57,1
Z90,W88,1
Z90,Y93,1
Z91,W19,41
Z91,X58,12
Z91,W18,8
Z91,W57,6
Z91,W06,4
Z91,W01,2
Z91,W05,2
Z91,W00,1
Z91,W10,1
Z91,W17,1
Z91,W26,1
Z91,X32,1
Z91,Y09,1
Z91,Y65,1
Z91,Y90,1
Z91,Y92,1
Z91,W19,1
Z92,W88,3
Z92,V89,1
Z92,W19,1
Z92,X58,1
Z93,X58,5
Z94,X58,89
Z94,Y83,34
Z94,Y92,8
Z94,V42,6
Z94,Y84,4
Z94,W19,3
Z94,Y99,3
Z94,X08,2
Z94,V97,1
Z94,W22,1
Z94,W31,1
Z94,X32,1
Z94,Y65,1
Z95,X58,18
Z95,W19,9
Z95,Y71,4
Z95,Y83,3
Z95,Y33,2
Z95,Y93,2
Z95,V43,1
Z95,V49,1
Z95,W01,1
Z95,W07,1
Z95,W18,1
Z95,W27,1
Z95,Y84,1
Z95,Y92,1
Z96,X58,60
Z96,W19,29
Z96,Y93,8
Z96,Y83,8
Z96,Y99,6
Z96,V43,2
Z96,W00,2
Z96,W01,2
Z96,W18,2
Z96,W34,2
Z96,W57,2
Z96,X50,2
Z96,Y84,2
Z96,Y92,2
Z96,Y83,2
Z96,V89,1
Z96,W06,1
Z96,W07,1
Z96,W10,1
Z96,W17,1
Z96,W31,1
Z96,Y79,1
Z97,Y83,1
Z98,X58,70
Z98,W19,33
Z98,Y83,12
Z98,V89,10
Z98,W10,7
Z98,W18,6
Z98,W01,6
Z98,Y33,3
Z98,Y93,3
Z98,V87,2
Z98,W23,2
Z98,Y84,2
Z98,Y92,2
Z98,Y99,2
Z98,V00,1
Z98,V49,1
Z98,W00,1
Z98,W11,1
Z98,W39,1
Z98,X50,1
Z98,Y09,1
Z98,Y82,1
Z98,W00,1
Z98,X58,1
Z99,X58,2
Z99,Y84,1
Z99,V89,1
Z99,X37,1